vibration_mm_s,spindle_temp_c,dim_deviation_um
0.86,46.1,8.7
1.76,48.05,7.57
2.79,49.64,8.85
2.43,46.2,7.85
2.52,46.92,7.13
2.75,38.65,7.94
2.22,42.95,10.12
1.51,41.29,7.03
3.33,48.25,9.17
3.28,49.37,7.2
2.02,48.76,9.54
4.26,60.34,14.59
2.8,35.39,9.94
1.59,37.77,8.94
2.16,40.69,9.36
3.59,46.09,6.43
2.53,47.31,8.99
3.16,45.6,6.9
1.8,46.16,9.09
2.13,47.5,8.05
2.76,45.89,9.98
3.24,53.88,7.23
3.73,46.83,5.34
2.18,44.72,7.07
2.25,48.49,6.19
3.87,45.64,8.9
1.13,39.64,5.28
4.33,45.14,7.07
1.57,37.8,8.28
3.08,45.87,5.53
4.52,51.44,15.7
2.77,48.51,7.25
2.3,45.45,6.12
2.42,43.75,8.4
3.7,49.59,9.69
4.16,48.42,7.25
3.55,40.64,9.55
3.19,45.38,9.47
4.18,52.32,9.76
2.79,48.19,9.65
3.92,48.84,7.6
2.32,48.6,7.21
2.73,47.34,8.75
1.95,44.8,9.52
2.13,42.35,8.16
2.27,47.36,8.64
2.57,44.28,9.32
3.47,47.79,10.88
3.23,44.66,6.35
2.55,46.54,7.0
3.12,50.2,8.19
3.03,51.84,8.59
1.88,39.93,9.25
1.98,43.16,8.13
2.64,46.07,7.88
4.25,57.55,16.4
2.48,40.52,8.15
2.39,38.51,7.08
1.73,44.49,7.13
2.84,46.37,7.44
2.11,47.91,8.35
2.69,43.81,8.64
3.54,40.45,11.26
2.52,46.45,9.1
3.48,49.58,10.74
2.54,52.25,7.67
3.03,36.53,8.21
3.58,47.1,10.39
2.06,42.79,7.18
2.8,43.45,8.84
3.3,47.21,10.89
3.17,42.76,7.67
3.9,48.06,10.86
2.78,41.68,9.22
1.8,45.09,7.34
4.65,64.02,12.66
5.5,62.14,14.83
3.42,38.59,8.71
3.58,46.91,8.25
2.93,51.57,12.59
2.07,53.0,7.83
1.39,42.49,7.55
4.05,50.68,11.83
2.82,46.32,9.61
2.2,46.08,7.13
2.44,46.24,5.94
3.29,47.45,7.43
2.27,42.34,8.23
1.91,38.32,6.68
3.09,46.38,11.71
2.43,44.3,6.76
3.86,49.17,7.69
1.68,45.11,7.14
3.31,47.44,9.93
2.67,47.66,9.15
3.78,52.23,5.74
2.62,50.88,9.69
2.7,46.63,9.41
3.28,49.88,7.35
2.86,41.19,10.28
2.38,45.94,9.34
4.01,55.04,9.13
4.38,58.46,14.39
4.55,46.22,9.35
1.76,43.57,6.37
1.47,46.6,8.26
2.96,46.39,8.45
1.57,44.75,7.52
3.55,49.5,7.2
2.09,39.18,7.97
2.77,45.96,7.65
2.78,46.28,7.85
3.25,48.66,10.51
1.81,48.95,7.04
2.29,45.1,7.2
3.19,43.36,6.73
3.33,41.53,7.96
2.68,44.21,8.36
2.24,42.13,6.82
4.23,44.69,8.38
3.04,46.85,8.87
2.95,45.97,8.68
1.49,41.59,5.37
2.68,44.53,10.15
3.33,37.29,8.57
1.27,41.25,6.65
2.64,43.17,11.68
1.17,43.37,9.12
2.16,42.15,7.27
1.94,44.65,9.56
1.73,47.74,7.85
2.52,52.86,11.41
2.84,44.57,7.23
2.57,44.25,7.33
3.66,47.69,7.25
1.52,42.42,8.59
1.98,44.02,8.27
2.09,41.49,6.56
1.5,37.77,7.08
3.44,48.28,8.48
1.36,40.88,6.56
2.48,49.45,9.58
2.37,45.22,8.47
3.19,49.76,10.56
3.84,49.13,10.47
2.51,41.13,8.44
2.61,44.9,7.76
2.23,45.27,8.69
3.02,52.61,9.52
4.3,50.48,8.26
2.01,45.23,6.59
2.5,43.93,8.42
4.06,43.65,8.02
3.85,48.36,8.3
2.03,48.53,7.34
3.44,50.19,9.42
2.72,48.02,5.51
1.84,41.93,6.82
2.36,45.99,8.23
2.62,42.22,8.36
1.98,39.96,7.02
1.83,40.81,5.59
2.74,49.43,14.54
2.82,50.94,9.05
2.98,44.32,8.04
1.78,46.61,5.68
2.65,47.75,9.03
2.34,47.04,8.49
3.14,50.77,10.02
1.81,41.3,7.28
3.92,45.26,8.45
3.02,42.32,7.37
3.65,47.83,10.78
3.43,48.5,7.27
2.32,40.36,8.82
1.26,42.82,8.01
2.5,48.08,8.35
1.95,46.37,8.03
2.53,48.05,8.36
2.99,46.35,8.49
2.25,43.97,8.17
2.45,44.03,8.67
3.09,48.71,5.89
1.75,39.66,7.97
4.0,42.19,9.33
3.04,47.94,8.35
2.69,43.71,9.13
1.63,43.17,6.41
2.9,45.09,11.14
2.35,45.53,10.14
3.39,49.98,9.38
4.34,60.56,14.95
3.37,46.65,8.94
3.14,48.82,8.29
1.24,48.69,8.76
4.22,49.31,12.56
4.04,45.94,5.9
3.08,50.32,8.23
4.15,49.88,6.61
1.81,45.5,6.67
1.55,40.83,8.56
2.88,49.45,7.5
2.83,44.01,7.53
2.84,43.84,7.04
2.62,46.84,7.92
1.98,47.94,8.31
3.24,46.27,8.91
2.34,45.44,6.88
2.39,52.38,8.08
2.66,49.09,11.84
2.05,46.68,8.4
1.9,44.37,8.07
1.65,41.27,7.92
2.63,42.53,8.86
1.95,40.99,5.92
1.42,42.98,7.07
3.66,50.11,8.8
1.23,43.89,8.05
3.73,47.14,8.29
1.86,40.98,6.1
2.33,52.84,8.49
2.22,50.03,7.79
2.07,43.29,9.12
2.58,43.47,11.3
1.49,41.87,8.5
2.5,42.52,6.11
3.65,46.74,7.1
1.89,44.05,8.35
2.35,42.57,9.24
2.06,49.97,10.51
1.18,40.26,6.88
3.95,64.69,16.04
3.03,42.21,9.43
1.47,40.31,5.8
2.92,47.84,7.53
2.19,46.29,8.43
2.25,42.54,6.65
2.7,50.77,10.37
2.91,41.11,6.67
1.88,47.0,6.99
3.26,44.8,8.88
1.56,40.67,6.99
2.98,44.73,7.96
3.21,42.49,6.51
2.47,41.59,5.7
2.66,45.91,5.82
4.84,46.06,9.39
2.82,42.76,9.15
2.73,47.98,7.03
2.83,52.56,6.86
1.66,47.11,10.49
5.29,60.87,16.52
2.15,48.1,7.38
2.75,45.34,5.99
3.3,48.29,8.82
2.35,40.56,10.41
1.13,41.83,6.23
3.14,45.31,7.25
2.76,41.0,8.15
2.53,41.7,8.22
3.58,42.63,8.91
3.24,44.93,9.44
3.18,44.01,6.03
3.26,45.83,10.89
1.84,39.98,8.55
2.33,44.24,10.25
3.56,47.04,8.65
2.66,44.3,9.0
1.93,45.41,6.87
2.56,42.01,7.57
3.68,50.68,8.4
3.77,46.54,10.22
2.17,43.99,5.41
3.6,44.01,6.26
2.1,45.05,10.48
3.34,49.39,12.65
3.95,48.51,10.14
2.98,49.38,7.07
2.04,37.34,7.76
3.58,49.28,11.55
2.77,39.01,7.59
3.8,49.38,8.36
3.95,48.93,10.6
2.97,46.28,8.41
5.06,55.66,12.48
2.36,45.1,8.26
4.05,49.33,11.6
5.49,61.35,14.39
3.11,46.4,8.29
2.72,44.8,6.32
2.42,43.56,7.73
3.28,40.92,8.92
2.83,49.23,7.43
1.36,40.8,7.63
3.66,45.79,10.75
2.05,38.34,4.12
1.87,43.28,4.79
2.88,49.01,9.41
3.53,49.48,10.15
2.0,38.83,5.77
3.46,42.36,9.3
3.84,44.61,8.33
2.06,39.63,4.42
1.93,46.54,9.39
2.66,46.55,7.5
2.97,40.08,7.63
2.44,40.18,8.8
2.28,43.95,9.81
4.07,43.87,10.28
3.74,52.97,7.59
2.45,42.69,7.48
2.73,40.22,8.69
3.15,49.61,7.13
4.28,49.85,8.52
2.09,42.71,9.15
3.27,45.91,7.62
2.44,46.87,7.9
3.77,44.66,10.13
3.21,49.48,9.93
1.88,39.7,5.48
1.9,37.43,7.95
2.99,45.29,9.17
2.0,39.42,6.52
3.39,45.48,10.7
2.43,44.45,6.25
3.39,48.21,7.57
3.33,43.41,6.81
2.88,47.8,8.88
2.11,41.14,11.99
1.94,43.86,7.2
3.29,47.34,8.24
2.07,44.73,6.02
2.62,43.57,9.09
4.05,49.65,9.59
2.67,42.8,6.88
2.19,42.72,7.96
3.12,46.16,11.39
2.5,43.81,11.29
1.98,43.51,7.99
1.86,42.99,6.14
2.75,42.42,9.56
4.53,47.03,8.87
1.4,42.47,8.28
3.89,49.52,9.45
2.54,42.83,10.41
2.08,41.34,7.7
3.08,47.05,7.86
2.98,43.4,9.38
2.83,44.73,7.76
4.04,48.21,7.4
2.53,47.04,7.52
3.33,49.44,9.88
4.68,49.1,10.85
2.17,49.81,7.86
2.8,46.12,7.1
2.63,44.53,6.23
1.94,40.71,7.93
3.58,51.84,9.35
5.87,65.34,13.05
4.01,46.96,6.97
3.06,47.13,7.8
3.82,43.78,10.48
2.83,45.16,9.18
2.7,47.53,9.28
2.41,47.67,7.44
3.76,50.12,8.89
2.56,45.45,7.65
2.69,45.0,7.0
4.64,56.69,10.49
2.22,41.8,7.89
3.6,45.29,8.41
1.59,41.33,7.26
1.63,42.07,6.78
4.03,49.05,10.85
2.32,44.77,8.05
1.77,41.75,8.02
3.94,44.75,8.41
4.63,57.48,14.7
2.37,43.69,7.2
2.57,46.89,10.82
3.48,45.78,10.33
2.54,45.9,7.14
2.75,39.63,8.13
3.17,48.94,6.17
1.4,40.84,7.95
2.13,43.15,9.35
3.93,46.37,8.43
3.49,47.68,6.33
2.84,47.94,8.88
3.12,53.02,11.47
3.89,48.08,6.51
2.82,50.34,7.9
3.91,50.97,9.06
1.72,50.24,8.96
2.49,46.58,8.62
0.99,52.81,7.38
2.45,48.98,8.25
2.6,43.62,9.2
6.12,52.62,12.49
1.91,43.28,7.46
2.61,48.65,7.66
2.33,43.18,6.6
2.62,49.51,9.08
2.87,44.64,9.82
2.17,43.52,7.62
4.71,56.44,16.36
1.78,44.48,9.95
1.59,45.65,5.69
3.98,50.53,7.34
1.64,44.22,7.74
3.44,47.63,9.17
2.72,48.62,8.41
1.74,40.36,6.58
3.88,48.43,7.6
2.69,42.09,9.08
2.52,46.16,6.91
2.15,40.49,8.76
2.03,48.29,6.8
3.78,48.16,9.62
2.0,39.12,7.34
1.9,40.77,5.43
2.34,47.49,8.82
4.27,49.24,9.73
2.59,44.79,8.89
1.66,46.47,7.63
2.32,60.38,11.08
1.74,37.92,8.52
1.65,42.84,7.01
3.65,44.77,7.6
2.71,44.75,6.4
2.24,45.3,8.97
1.28,38.86,8.39
2.82,47.8,11.43
2.66,47.15,9.53
2.48,46.25,7.89
5.73,57.94,13.15
3.97,56.91,17.6
1.86,49.75,10.8
4.02,51.1,8.59
2.19,49.48,5.88
2.33,45.88,6.63
2.71,49.75,7.74
3.88,46.5,6.63
1.82,42.5,7.89
3.07,50.28,6.91
2.06,40.49,7.26
2.71,48.81,5.64
1.89,45.53,7.18
0.9,40.84,6.14
3.54,46.07,11.43
1.77,43.73,6.27
3.23,38.3,8.05
2.75,46.59,6.43
3.15,45.07,11.14
2.07,47.13,7.9
2.53,45.36,7.95
2.41,39.19,6.43
2.76,49.13,8.77
2.7,52.44,7.41
3.14,44.03,10.69
1.88,42.3,6.73
2.35,44.38,9.05
4.2,49.53,8.41
2.83,49.4,9.95
2.03,42.7,7.66
2.26,47.95,6.11
3.58,47.48,9.58
2.95,43.85,7.03
4.05,60.63,15.5
2.17,46.45,9.41
2.24,43.31,7.28
2.33,46.69,9.78
2.67,46.94,6.59
2.36,43.56,8.46
1.54,37.96,9.36
2.86,42.83,4.79
3.26,48.23,9.46
2.17,43.22,5.92
2.16,44.66,11.38
2.01,46.09,8.66
2.26,44.02,8.98
2.43,42.6,7.52
3.15,47.64,8.58
2.25,46.53,5.96
3.27,48.11,7.96
3.5,42.21,7.55
3.09,41.98,7.43
2.1,44.69,7.05
2.6,46.52,6.95
2.77,45.44,10.9
3.21,40.94,7.06
3.82,51.67,7.98
4.85,65.71,17.21
2.48,45.65,8.84
3.35,53.62,5.64
4.14,42.51,9.88
3.65,45.26,10.01
3.87,45.47,10.31
2.1,45.17,6.25
1.51,45.28,4.98
3.56,55.48,6.2
4.23,48.78,9.99
3.36,44.76,8.53
2.61,44.57,7.53
4.78,62.04,13.04
2.7,43.45,8.88
2.22,41.05,7.05
3.54,46.63,10.8
3.87,47.13,9.69
2.86,43.68,8.21
1.86,45.09,8.14
1.97,41.81,7.93
1.46,40.57,6.9
2.24,51.0,8.55
2.55,52.42,10.94
3.55,47.15,8.02
2.37,45.48,8.14
1.88,42.52,6.92
2.65,42.96,7.32
2.52,50.41,10.59
3.23,46.71,9.61
3.29,50.71,8.14
1.29,41.61,13.84
2.44,47.32,8.18
1.91,46.96,7.17
3.39,42.25,8.52
2.11,47.18,8.02
3.3,49.83,10.26
3.22,42.74,8.11
2.2,43.97,6.47
1.61,43.32,7.31
2.58,48.54,6.12
3.55,49.82,6.52
3.68,50.53,7.73
2.28,45.32,9.15
2.56,48.21,8.91
2.64,52.29,7.32
2.12,47.17,7.35
2.47,39.0,6.3
2.06,44.63,5.4
3.03,40.83,7.69
2.0,38.34,4.74
1.65,45.8,7.28
4.24,56.34,8.66
2.19,41.31,7.64
2.66,40.35,7.61
2.83,40.13,7.89
2.79,43.47,8.13
3.5,51.59,9.98
3.09,44.88,5.99
2.56,45.41,9.42
3.14,45.87,6.94
2.19,42.56,8.25
2.0,43.06,7.17
1.85,38.96,5.45
3.46,44.67,6.97
3.71,49.84,8.75
2.82,47.88,7.38
4.15,57.64,12.46
0.78,47.11,7.43
3.16,38.98,7.32
3.29,45.54,11.17
1.52,41.05,7.07
3.46,49.93,8.52
1.86,43.07,5.71
4.26,47.55,9.55
2.72,46.44,9.18
3.71,50.23,7.92
3.05,39.77,6.98
2.69,48.04,8.03
2.2,43.48,9.45
2.74,46.28,7.72
4.01,52.11,12.6
3.23,46.42,8.82
0.78,48.56,5.98
2.2,42.4,8.54
5.4,63.66,14.23
1.38,49.92,5.66
2.95,50.02,10.63
3.56,48.32,9.2
3.61,52.93,9.55
1.69,41.36,7.52
2.52,48.68,8.89
1.94,41.95,7.22
3.71,47.93,11.08
1.47,44.84,8.81
2.21,41.77,5.25
3.46,44.94,10.11
4.24,49.56,8.06
3.19,47.48,8.09
3.05,45.09,9.14
1.7,47.04,7.36
6.31,62.62,10.09
4.26,59.64,12.54
3.8,44.94,9.42
4.92,61.38,13.54
1.72,41.78,7.87
2.13,36.14,7.3
2.62,43.79,9.0
2.67,47.57,7.09
3.11,43.7,9.72
2.07,43.27,6.31
4.35,63.46,16.86
3.73,48.32,6.57
2.57,41.79,10.6
2.69,50.12,7.28
2.8,41.77,9.81
4.48,49.28,10.43
2.88,49.03,9.12
3.46,41.32,12.24
2.81,44.73,8.23
1.38,37.55,7.15
3.82,50.39,7.71
2.07,45.55,8.88
3.63,48.58,8.01
1.76,39.81,7.29
2.98,52.13,9.22
2.37,42.62,11.06
4.44,67.99,16.44
2.59,40.69,11.99
3.13,43.58,7.85
0.95,46.03,10.61
2.45,41.84,9.43
2.28,39.31,8.34
2.41,49.64,4.61
2.8,44.7,7.9
3.44,46.56,5.69
3.0,49.06,9.47
3.25,48.11,10.91
2.56,42.98,7.2
3.56,45.96,9.57
3.39,44.24,9.43
2.21,44.89,6.39
1.86,40.39,6.57
2.3,40.63,6.46
3.06,48.11,9.52
1.29,47.39,9.04
2.24,48.88,9.2
3.48,49.91,9.29
2.69,46.69,10.1
4.27,42.16,8.96
3.64,47.65,5.64
1.45,40.67,6.43
2.14,45.58,8.25
2.71,41.05,7.45
2.62,51.66,10.41
3.02,48.36,8.37
3.9,48.95,8.54
2.17,46.91,8.52
0.9,42.39,7.62
3.35,49.13,9.91
2.15,42.17,9.41
1.81,40.58,6.02
2.11,45.53,10.02
2.33,50.09,7.42
1.27,43.03,5.41
4.07,42.88,6.1
2.57,46.49,7.38
3.4,46.23,7.02
3.92,47.12,13.33
2.2,49.4,8.2
2.77,44.33,10.92
3.41,46.17,11.24
3.8,49.23,6.08
2.24,50.34,7.04
2.61,48.5,10.91
2.59,41.38,7.03
3.37,46.87,8.76
5.36,58.52,12.42
1.77,43.26,7.38
1.97,49.31,5.88
2.53,49.26,7.34
2.91,45.28,7.25
3.77,47.89,10.37
3.79,49.16,5.39
3.12,48.5,9.22
1.76,41.07,5.15
1.83,44.73,6.12
3.54,46.93,10.51
3.23,45.87,5.63
3.95,45.81,10.18
1.59,45.78,5.06
3.3,46.24,6.29
2.62,42.27,8.22
2.45,45.11,9.57
1.93,41.46,7.24
3.54,49.09,8.89
2.08,40.17,8.92
3.07,49.14,5.87
2.47,44.39,9.24
2.85,43.04,8.19
2.15,43.6,7.51
2.38,44.59,7.74
3.06,41.55,8.48
4.0,50.73,13.17
2.62,42.79,7.82
1.87,39.92,6.07
3.74,47.96,8.76
1.97,50.96,9.13
2.96,40.61,6.56
1.43,42.26,6.82
2.72,42.16,6.98
2.15,44.04,7.25
4.42,47.15,9.02
2.96,45.59,7.32
3.04,43.97,7.53
3.13,52.7,10.17
2.68,48.76,7.09
2.76,44.58,7.36
2.45,43.69,5.47
2.54,52.11,9.22
3.63,44.92,10.42
2.77,41.94,8.33
2.67,46.11,8.64
2.41,40.26,8.66
1.94,41.58,9.7
2.72,40.64,10.48
3.04,45.81,11.38
2.52,48.16,8.39
3.06,48.45,7.85
2.18,49.14,7.98
2.29,48.93,8.61
1.97,44.2,9.07
3.23,49.47,7.65
1.96,39.34,8.63
1.91,41.0,6.75
2.67,41.21,8.37
1.0,33.02,10.0
1.85,47.71,6.66
2.54,46.48,8.63
2.4,45.32,7.53
2.72,46.33,7.44
2.46,44.83,8.01
3.17,49.27,7.77
2.28,45.29,7.75
1.63,42.27,8.91
1.79,48.43,7.85
2.45,41.32,10.3
3.05,44.73,8.07
3.28,45.6,6.09
2.67,49.53,9.25
3.13,51.04,7.7
2.89,41.4,7.54
2.33,41.72,7.52
3.84,60.13,15.12
2.41,42.6,7.44
4.48,43.73,10.22
4.73,59.31,16.23
2.18,42.52,5.5
1.58,40.88,7.34
1.95,40.83,4.28
3.26,39.83,10.02
2.19,42.74,10.56
2.33,44.28,7.05
1.42,42.53,5.37
3.22,45.04,7.2
2.9,43.05,9.56
1.89,43.81,8.03
3.61,50.8,9.67
2.34,43.63,9.27
2.57,43.85,7.55
3.62,47.81,10.03
3.65,47.61,9.11
1.36,40.68,4.95
1.51,44.41,8.15
1.67,38.81,5.47
3.34,50.98,11.04
2.01,42.02,7.76
2.1,47.92,7.52
2.4,44.94,8.25
2.54,43.73,7.37
2.16,40.65,9.18
2.89,49.42,4.81
2.13,52.64,8.61
5.3,56.61,15.38
2.2,43.66,8.06
3.46,50.96,6.76
1.96,40.36,7.58
3.1,45.3,9.64
2.43,51.88,8.46
2.28,41.39,8.23
3.19,41.92,8.77
1.57,44.51,6.58
2.54,48.72,8.31
2.03,39.77,6.6
3.38,47.71,10.04
0.92,39.99,6.15
2.21,37.38,7.2
2.16,44.1,7.02
1.68,40.61,7.1
4.38,48.2,7.67
3.14,46.58,11.14
2.03,44.65,7.55
2.78,48.16,8.86
2.31,42.65,7.52
2.15,42.31,8.31
2.28,46.43,10.37
4.95,60.88,15.56
2.33,43.05,8.18
1.6,44.35,9.25
1.87,44.41,9.66
3.85,46.89,8.22
2.56,42.93,5.8
3.16,44.2,9.48
1.85,42.6,6.45
2.13,43.75,7.69
3.38,49.25,9.15
2.21,39.33,7.95
3.35,48.12,9.54
2.34,45.14,10.44
3.4,48.36,10.68
2.53,48.4,11.25
1.06,41.84,6.43
4.45,48.35,7.08
2.76,51.7,6.23
1.9,39.68,7.55
3.88,45.31,7.92
2.44,44.94,6.86
2.38,54.13,6.64
3.33,50.45,11.76
2.1,41.17,6.95
3.01,51.89,8.39
2.57,48.6,10.21
2.72,49.87,8.09
1.84,41.43,6.19
3.65,39.65,9.55
3.78,43.99,9.97
1.78,47.57,5.87
3.77,47.63,6.69
1.94,40.69,7.62
2.95,45.34,7.7
3.89,48.01,10.22
2.24,48.05,8.54
2.16,44.92,5.24
2.9,43.96,6.43
2.65,48.75,11.62
2.52,44.99,5.75
4.99,61.15,10.34
2.88,41.85,8.16
3.21,49.51,7.02
1.98,44.53,8.07
1.68,43.73,7.04
3.52,44.31,5.87
3.35,49.58,8.67
2.05,44.25,5.52
2.39,40.75,8.68
1.84,54.09,6.62
2.89,47.41,7.86
2.92,45.8,7.48
2.77,46.83,8.58
2.49,42.48,8.3
1.62,43.64,9.46
2.35,46.61,4.96
1.57,37.68,6.93
3.17,47.55,8.8
3.09,45.02,10.0
2.57,39.44,6.8
2.49,45.96,8.69
4.0,47.63,6.85
3.1,48.39,10.64
2.07,44.07,7.38
4.11,52.46,12.31
3.93,49.75,7.24
2.5,51.24,9.17
2.72,47.27,6.78
1.79,46.65,7.71
3.34,40.24,8.94
4.79,49.89,11.42
3.54,44.57,7.59
2.21,41.83,7.2
2.81,41.52,7.28
3.25,42.59,8.27
1.78,43.64,6.25
2.45,42.21,7.34
1.53,41.1,6.61
2.46,45.86,9.35
2.91,40.67,10.27
2.09,41.1,5.65
1.9,40.83,8.09
2.33,41.76,8.04
2.82,44.35,10.08
1.47,40.86,6.92
2.98,42.79,10.27
2.49,44.56,9.95
2.02,46.3,9.68
2.9,44.9,8.68
2.5,41.78,8.88
1.75,43.41,6.92
2.61,43.99,8.63
1.97,41.76,6.95
2.25,47.37,7.27
2.29,46.84,9.52
4.37,50.87,8.7
3.34,43.94,6.86
2.48,40.89,8.8
2.4,44.78,7.81
1.15,44.14,6.55
2.84,45.98,9.58
1.51,45.14,5.29
1.54,48.11,7.39
3.19,46.26,8.89
3.08,47.37,8.27
5.24,62.46,13.17
2.53,49.46,8.45
2.18,43.33,8.49
3.25,41.53,6.64
3.01,45.78,11.41
3.02,49.83,9.42
2.41,45.78,8.28
2.43,45.61,8.91
1.5,49.22,9.53
3.19,43.85,9.09
3.39,52.34,10.45
3.46,44.47,6.87
4.63,60.39,15.2
4.92,54.54,14.4
2.64,45.86,7.4
3.51,41.68,9.76
2.89,45.56,7.97
3.97,46.98,9.41
1.57,43.69,6.02
2.15,42.75,7.74
3.6,48.96,10.5
3.07,49.28,6.51
2.57,46.81,8.65
2.58,49.25,9.06
2.69,49.45,7.15
4.43,63.11,12.58
1.06,36.64,9.85
2.77,43.63,7.48
3.76,46.0,9.86
2.14,40.91,7.66
3.18,49.79,8.24
3.0,43.41,9.12
2.94,49.41,8.9
4.04,47.54,10.8
2.75,48.84,9.16
3.59,46.54,9.81
3.74,51.5,9.35
2.01,44.73,5.46
1.79,42.59,8.53
1.77,41.99,3.79
3.68,41.72,11.19
2.9,43.88,8.26
5.37,45.28,6.16
2.64,52.72,7.61
2.56,52.25,6.66
2.64,45.63,9.01
1.57,40.43,6.75
4.35,47.87,10.27
2.51,49.52,7.1
1.42,43.09,6.99
3.93,49.68,6.15
1.82,42.13,6.2
1.53,47.72,8.36
3.7,47.96,10.25
1.33,39.42,7.27
2.9,43.03,6.76
2.35,50.56,8.31
2.4,47.27,8.65
3.24,46.23,9.7
2.75,47.04,7.78
3.32,47.95,11.1
4.08,49.44,8.68
2.74,36.27,6.15
3.61,42.46,8.19
2.05,42.96,6.8
2.24,44.29,6.45
3.04,45.23,9.99
5.48,57.7,14.92
2.06,41.91,8.1
2.33,44.26,7.22
1.95,42.29,5.67
3.47,47.99,6.74
2.08,44.13,7.93
3.7,47.98,6.49
3.08,38.99,9.15
1.73,37.63,8.18
2.98,49.8,7.26
5.5,56.24,13.12
4.67,56.51,16.71
2.41,45.86,7.38
1.7,38.44,8.15
2.4,42.1,6.53
3.0,44.13,5.45
2.13,43.93,9.5
3.74,52.44,7.79
2.54,44.15,6.52
2.58,48.12,8.74
3.43,50.09,10.08
3.79,48.7,9.85
3.05,48.08,9.06
1.97,42.13,6.41
3.81,54.57,7.28
2.56,50.9,9.97
3.19,46.88,10.1
2.65,49.45,8.84
1.82,40.7,8.42
4.15,45.76,9.69
2.15,43.16,7.34
2.4,44.96,7.41
2.59,47.22,8.98
3.34,44.84,8.08
2.77,45.85,7.44
4.23,49.1,7.55
3.8,50.53,11.29
3.04,39.2,10.92
5.23,53.47,15.72
1.46,40.95,7.12
4.0,50.17,7.21
1.68,43.53,5.81
2.65,40.28,9.35
3.61,49.54,6.62
5.02,46.4,7.77
2.21,44.11,8.38
4.67,64.3,15.48
1.68,47.21,7.19
1.47,39.74,6.41
2.34,45.9,9.08
2.17,45.78,7.98
3.07,45.17,6.66
3.94,48.67,10.03
2.82,46.49,6.35
2.3,46.38,7.35
3.94,48.18,8.96
2.63,41.28,6.54
2.62,38.73,12.89
3.45,47.77,8.27
4.02,51.89,9.44
3.72,45.9,7.83
3.69,48.46,8.88
2.18,53.65,9.15
2.73,45.96,7.14
2.81,46.85,7.43
4.07,61.58,9.18
3.38,44.37,9.81
2.86,43.91,13.41
1.82,45.76,8.13
2.22,48.34,9.68
3.16,47.73,7.08
2.77,49.52,8.74
2.63,41.26,5.1
4.83,57.69,15.09
1.92,47.53,9.58
1.17,41.67,6.18
2.81,42.84,9.05
4.16,42.25,5.71
3.96,46.46,9.99
2.07,44.81,6.81
2.41,47.12,11.23
1.83,49.2,10.56
3.04,45.9,9.14
1.34,48.36,6.3
2.49,41.68,6.25
3.65,47.32,11.03
2.84,46.97,7.49
2.81,45.74,12.34
3.0,45.4,5.7
3.34,46.26,6.82
4.53,64.71,9.47
2.08,49.24,7.06
2.66,41.25,9.31
2.58,47.7,7.69
1.96,39.18,6.21
2.8,49.81,10.32
3.25,45.74,8.57
2.83,45.79,7.15
2.26,41.8,8.04
2.54,46.91,10.55
2.42,44.08,6.45
1.56,38.42,5.75
3.2,42.95,8.69
1.64,39.91,6.35
3.43,40.24,10.46
2.51,39.15,8.43
3.68,44.88,5.8
3.1,44.49,8.55
2.19,46.36,9.83
2.03,39.93,6.47
1.74,45.12,9.6
2.55,43.24,8.61
2.34,39.8,8.6
3.15,45.15,9.14
3.08,45.31,7.0
2.51,49.75,8.99
2.64,42.23,9.32
5.76,55.06,16.51
1.29,40.95,9.72
4.9,36.42,9.74
1.87,39.37,7.33
2.57,49.24,7.95
2.72,45.53,9.95
3.39,45.63,8.22
3.62,46.74,8.11
1.92,40.84,7.89
3.99,46.85,7.17
1.63,43.85,6.73
2.89,50.61,9.29
3.45,50.36,9.09
3.6,45.55,6.93
1.35,43.23,6.05
3.16,46.53,11.4
3.5,43.43,6.91
2.39,47.24,5.84
3.9,48.29,8.85
2.65,47.02,6.02
2.97,47.55,8.74
4.08,49.21,11.93
2.29,46.18,9.88
2.55,46.57,8.9
2.26,42.71,8.13
2.71,41.47,4.27
3.86,48.58,6.25
2.83,44.16,7.69
3.95,49.02,8.36
1.38,41.99,6.96
1.83,46.63,6.32
3.16,50.38,10.17
3.61,43.84,6.11
1.81,41.02,4.95
1.98,44.78,7.01
2.44,47.75,6.9
2.75,42.59,6.75
2.84,42.66,8.3
2.18,41.2,6.99
2.52,43.37,8.46
1.75,47.54,6.87
4.9,51.62,9.82
1.64,42.33,7.84
2.93,50.69,8.54
3.13,45.03,9.5
2.79,47.06,10.3
2.24,46.66,8.18
3.32,45.94,8.23
2.18,42.75,7.06
2.64,44.81,7.76
5.79,60.81,14.92
3.14,44.46,6.55
3.67,48.08,12.65
3.83,46.26,10.18
3.15,50.06,11.78
1.9,43.43,6.11
2.89,41.4,9.05
1.47,41.57,7.21
2.75,51.66,8.19
3.83,56.99,10.11
2.28,49.99,8.8
4.08,48.78,7.46
2.43,46.3,9.14
1.45,38.66,4.23
3.45,49.97,9.2
3.36,47.62,7.93
2.85,47.35,7.27
4.08,47.09,6.18
2.8,47.15,8.1
2.85,47.99,8.79
1.71,41.74,8.38
2.88,46.46,6.53
2.88,50.8,9.41
2.57,40.74,5.33
2.57,48.76,8.24
2.19,43.9,5.98
1.69,38.71,7.19
3.83,46.63,8.75
2.87,45.17,6.54
3.53,51.61,8.85
1.44,45.24,7.63
2.42,47.57,8.01
3.7,49.37,15.96
3.63,46.72,9.36
2.27,47.3,9.49
4.11,65.08,14.83
3.36,49.37,10.96
1.39,42.0,7.02
2.55,44.27,7.77
2.61,40.96,8.4
3.43,51.72,8.22
2.99,55.26,10.97
3.83,49.95,9.2
2.83,44.7,10.66
1.26,41.52,8.7
1.95,42.44,4.33
2.92,44.49,7.25
3.24,48.11,8.64
3.45,48.22,6.89
2.41,50.07,10.83
2.8,43.37,7.8
2.65,43.5,9.26
3.72,45.09,7.51
2.92,46.5,7.7
2.22,46.63,9.11
1.74,42.1,8.42
3.77,53.11,8.99
4.13,48.89,12.08
2.85,44.77,6.08
4.19,46.23,6.04
3.26,46.32,7.08
2.47,46.4,6.4
2.23,45.31,9.39
2.11,42.49,8.97
3.1,42.6,6.86
2.67,47.18,7.59
5.08,58.34,14.18
1.7,44.52,7.35
2.67,48.11,9.46
3.71,44.58,5.74
3.45,47.12,8.66
2.0,42.63,4.16
2.45,41.15,9.47
0.78,47.43,8.97
2.05,43.49,7.77
2.57,45.59,6.24
3.38,48.33,6.24
3.1,43.65,9.69
1.78,44.24,7.04
2.49,46.16,9.82
3.7,44.25,10.19
4.1,46.77,8.47
0.93,45.35,7.87
2.19,42.78,6.96
2.89,47.94,4.0
5.31,68.33,11.58
2.73,44.27,7.8
1.91,45.97,7.96
2.42,45.67,7.71
1.72,43.4,10.45
2.26,42.34,6.81
1.65,44.36,8.01
2.66,44.17,7.79
2.96,43.73,8.57
3.96,48.18,9.87
1.96,48.98,8.3
2.29,44.52,6.43
3.46,45.89,7.3
1.47,41.69,6.73
4.53,62.61,12.95
2.53,49.48,8.22
1.78,41.65,6.91
2.77,39.01,6.74
1.93,39.87,5.26
2.63,48.52,4.91
1.41,47.07,8.59
2.56,44.54,9.36
3.49,50.41,6.31
3.22,48.22,10.78
2.51,47.05,8.92
1.6,41.17,5.96
2.66,51.21,4.06
3.26,49.19,9.78
2.17,45.15,8.9
4.76,63.66,14.98
2.38,49.34,6.9
2.19,51.92,8.77
3.45,49.94,8.88
3.48,46.73,9.45
3.83,50.8,7.01
3.26,46.15,10.82
3.75,46.35,11.16
1.79,41.83,7.96
2.26,40.42,6.75
3.96,49.97,8.7
2.31,41.13,5.69
2.41,44.31,8.24
1.65,42.14,6.74
3.76,51.65,7.68
2.55,43.3,7.19
3.74,48.43,12.49
2.55,46.53,8.54
2.04,43.81,7.23
3.11,40.39,8.36
2.35,51.91,8.46
2.13,46.3,8.48
1.76,40.25,5.43
2.19,43.88,8.25
1.78,42.12,4.47
2.03,38.77,5.59
3.44,51.32,10.41
2.38,52.24,6.6
1.63,44.91,6.43
1.42,42.68,6.48
2.99,41.14,9.47
3.1,45.03,6.25
3.35,46.32,8.72
2.24,47.04,9.47
3.64,45.8,7.65
1.91,46.11,9.94
2.61,44.67,9.1
4.14,51.33,7.48
3.16,52.45,7.76
1.69,44.1,6.52
2.61,47.38,9.08
2.88,43.58,9.72
2.38,44.6,7.52
2.57,44.38,6.93
2.04,48.38,7.23
5.59,58.77,14.22
2.53,51.16,9.94
4.54,49.47,7.67
3.74,42.72,8.55
2.15,50.21,9.96
1.5,40.98,6.84
2.05,43.68,10.38
3.39,42.97,7.85
3.1,46.51,8.32
4.33,50.95,6.93
3.17,51.49,8.97
2.93,50.51,9.38
4.21,46.04,8.96
2.94,48.08,7.64
1.79,39.24,7.34
2.07,42.59,7.55
2.12,44.38,7.03
4.88,53.42,14.09
3.56,52.13,12.01
2.38,37.82,7.74
0.78,46.06,8.18
2.07,42.12,7.99
2.98,46.68,10.42
2.24,49.98,8.24
3.63,44.49,10.21
2.57,46.86,10.03
3.2,49.72,10.06
1.84,44.06,8.07
3.13,50.01,7.05
2.56,51.89,10.02
2.88,45.62,7.57
3.71,41.19,7.82
3.25,36.05,7.34
3.53,50.18,6.48
3.98,46.5,10.63
3.56,51.01,11.41
2.49,47.77,8.83
1.44,52.01,7.81
1.46,39.43,7.35
2.66,44.64,6.58
1.43,43.0,5.78
2.45,49.5,8.66
2.08,43.6,3.66
1.64,41.82,8.69
2.12,41.63,8.12
3.47,48.46,9.4
1.54,46.64,8.04
2.53,46.91,4.45
3.99,53.69,8.01
2.34,42.77,8.42
2.85,49.21,10.76
2.99,50.04,9.02
2.86,48.17,7.53
1.81,41.35,8.31
2.29,48.36,3.39
5.27,63.51,11.74
3.5,46.81,8.17
2.45,39.74,7.19
1.83,45.9,6.09
5.18,61.52,12.2
2.37,41.1,5.93
2.79,53.04,4.56
2.49,49.29,8.14
1.74,42.43,5.82
3.97,46.69,9.72
3.24,48.43,8.39
2.3,48.65,8.95
2.16,41.97,6.47
3.83,51.43,5.65
1.78,44.34,8.56
2.45,52.39,10.95
2.05,44.53,7.72
3.59,47.16,5.86
2.87,51.25,7.88
2.22,40.93,6.5
2.05,47.05,7.15
3.12,47.91,7.94
2.06,37.96,7.17
2.74,41.29,9.33
3.1,45.33,9.69
2.39,42.81,10.07
2.43,46.24,9.98
2.77,43.77,8.85
1.59,41.12,7.22
2.18,50.62,10.36
4.23,52.21,6.23
2.03,43.51,7.72
2.81,39.82,9.78
3.02,47.69,6.77
2.27,44.82,7.58
1.71,40.76,6.72
2.71,43.56,9.55
3.97,52.85,9.02
1.32,41.25,6.36
2.35,42.6,6.96
4.45,44.46,7.11
2.58,48.25,6.8
3.27,50.55,9.11
2.84,46.01,8.89
2.52,42.89,6.88
2.88,47.85,9.56
2.27,44.53,7.54
1.37,41.13,6.33
1.81,45.21,5.13
2.79,46.61,10.04
2.42,48.04,6.5
3.86,47.23,7.57
2.42,41.34,8.73
1.91,43.19,10.69
2.99,47.7,8.35
3.4,47.37,9.69
1.42,43.1,6.09
3.52,47.74,5.96
2.27,49.08,8.23
3.06,45.21,9.35
3.77,51.81,8.33
2.29,50.16,6.12
3.12,41.99,7.95
1.49,42.67,5.05
3.37,47.93,8.41
2.91,46.05,7.54
2.08,41.74,5.54
2.88,48.31,10.73
3.75,47.14,9.4
1.81,41.66,6.0
2.97,49.99,7.48
1.87,45.89,9.19
2.86,45.21,7.31
5.38,56.72,11.36
4.77,55.19,11.33
3.27,42.5,8.06
2.75,37.53,8.22
3.35,45.75,8.42
3.84,49.23,6.67
2.35,46.63,8.04
1.95,42.42,7.85
2.63,43.39,7.78
2.95,42.27,5.38
1.91,42.15,7.42
3.93,46.58,9.54
3.56,50.79,9.96
2.18,45.26,7.17
2.63,43.48,7.68
2.39,41.19,6.05
2.75,45.93,11.84
1.81,41.94,7.97
4.41,52.69,11.16
2.66,49.91,9.87
3.76,51.92,10.15
2.43,43.36,6.7
2.01,49.57,7.13
2.93,47.87,7.81
3.26,46.91,11.1
1.63,40.27,5.47
3.04,50.57,6.83
3.14,48.16,9.23
1.98,45.14,7.56
2.54,42.25,6.38
2.59,49.89,8.7
3.52,41.38,8.03
3.25,44.2,11.05
1.63,40.76,7.15
3.43,50.65,10.77
5.1,56.71,14.44
3.83,47.98,9.8
1.92,44.37,6.83
1.75,37.37,7.58
4.55,60.82,11.28
2.64,45.49,8.38
2.88,48.77,5.17
2.86,45.49,8.38
1.69,42.41,6.58
2.2,44.74,8.41
4.62,45.72,12.07
2.94,52.05,7.38
5.5,62.13,12.56
3.55,48.86,9.02
3.19,53.99,9.48
2.7,45.75,8.39
2.22,38.29,6.37
1.64,42.11,4.5
2.69,40.7,7.73
2.04,44.61,6.33
1.77,42.17,7.92
3.53,50.06,9.85
4.85,60.86,14.09
2.27,41.98,6.93
2.55,51.39,7.93
1.75,40.86,7.36
1.9,47.29,6.05
1.52,39.88,6.64
2.08,43.31,8.65
2.56,49.04,8.48
1.93,38.76,7.0
2.6,41.54,5.78
4.43,63.8,15.82
2.81,45.35,7.67
1.81,44.12,5.51
2.52,45.05,8.42
1.75,43.5,9.58
4.25,50.35,11.28
1.88,38.78,7.14
3.0,51.94,9.95
2.16,46.31,7.3
3.79,47.39,9.84
5.04,48.59,8.68
2.54,47.54,9.7
3.94,45.14,10.24
3.97,46.51,10.58
2.16,45.94,5.88
2.73,47.25,8.56
3.15,53.56,7.83
2.86,44.51,8.09
2.83,47.26,10.38
2.94,51.65,8.32
1.94,41.71,5.67
4.25,48.68,8.1
1.91,44.94,8.41
2.59,41.29,6.89
3.05,42.6,7.8
3.12,44.8,8.43
1.73,44.98,7.46
1.46,38.92,6.53
2.22,46.65,8.32
5.96,61.78,11.49
1.65,40.45,7.57
4.34,49.51,8.38
3.38,44.8,8.18
2.0,45.22,9.07
3.74,46.14,8.96
3.31,52.41,7.81
1.51,40.98,8.57
2.52,41.81,6.44
2.0,43.1,6.61
3.92,46.2,5.95
2.54,45.02,9.23
3.41,49.85,8.26
2.41,45.5,10.07
2.62,46.43,9.64
3.1,50.08,7.47
1.59,42.31,5.98
2.19,43.17,8.27
1.47,41.84,7.87
1.49,41.47,6.44
3.44,47.64,12.89
3.52,45.69,8.2
2.31,45.92,9.65
2.84,41.14,8.16
2.85,44.98,6.53
2.13,41.64,6.08
2.07,45.41,8.22
2.41,40.04,10.31
1.79,46.37,7.04
1.48,39.78,11.12
1.63,44.55,8.44
3.06,52.19,9.58
3.24,47.47,9.51
3.07,47.52,9.62
3.65,49.45,8.7
3.79,46.5,10.77
2.22,42.85,6.89
2.36,42.19,9.94
3.56,47.48,6.89
4.03,47.08,7.93
2.89,44.35,9.52
2.15,39.83,7.9
2.08,41.78,5.45
3.0,45.19,8.18
3.68,50.83,10.37
3.02,49.76,7.18
1.28,42.18,6.42
2.4,46.7,9.38
2.0,40.92,7.43
2.24,46.95,7.26
2.61,51.04,8.29
1.47,40.99,7.35
2.0,44.47,9.12
3.43,44.33,7.04
2.42,45.7,8.42
1.74,45.69,7.09
2.2,50.52,7.9
1.48,42.76,7.29
3.42,57.22,12.71
4.21,47.19,9.65
2.21,39.11,8.71
1.81,48.12,9.01
3.11,47.44,10.47
3.04,45.19,9.45
2.73,45.81,8.9
2.09,39.4,5.8
3.91,48.75,10.22
1.75,43.36,7.75
2.72,54.18,6.36
3.53,47.65,4.24
2.85,44.01,6.66
3.79,57.64,11.39
3.65,47.77,11.96
2.9,46.19,6.71
2.5,44.23,7.34
2.17,40.49,7.49
2.78,45.82,7.1
0.92,55.59,8.7
3.15,46.06,12.05
3.38,47.68,8.53
2.97,43.96,4.78
2.46,45.52,7.28
3.98,47.64,9.22
2.32,47.64,9.28
1.63,40.09,8.9
5.59,63.15,15.1
1.79,49.42,8.43
2.71,38.39,6.76
2.16,43.37,7.28
2.41,51.29,8.18
2.63,45.69,8.96
2.74,46.25,10.04
3.71,46.18,11.46
3.96,47.13,8.67
3.37,42.41,9.0
3.0,41.36,9.81
4.45,47.37,9.26
1.97,50.75,9.43
2.75,43.33,7.35
2.13,43.92,9.69
2.46,43.69,7.02
3.0,48.25,7.97
5.28,61.89,14.99
2.5,48.48,4.08
5.05,58.48,16.22
3.45,46.59,10.5
2.21,47.62,7.47
2.42,48.36,7.02
2.74,46.67,7.47
2.49,43.14,8.07
3.05,47.61,11.27
1.9,44.86,7.1
3.49,50.79,9.03
4.09,41.54,8.66
2.58,46.45,8.94
2.5,37.51,7.14
2.33,43.0,7.65
2.12,47.16,7.32
1.86,47.97,6.42
1.52,41.29,7.86
2.36,45.75,8.87
2.16,44.75,7.69
1.51,42.47,7.21
4.29,50.65,10.38
3.06,40.07,6.87
1.91,44.66,7.83
2.4,48.88,7.7
2.85,46.54,7.48
3.53,46.78,10.06
3.98,49.21,7.92
2.13,49.16,11.21
1.94,46.36,9.11
3.3,45.67,8.28
2.16,38.13,6.54
3.19,38.81,8.49
2.37,42.29,7.69
2.62,46.58,9.46
3.2,47.63,10.47
2.66,46.38,5.73
3.17,50.04,9.17
2.66,38.14,8.38
2.43,43.35,6.89
1.77,40.53,6.1
1.34,40.46,7.06
1.73,43.6,7.66
2.65,45.47,7.56
1.8,52.09,9.43
4.93,51.53,11.5
2.03,41.62,8.32
4.16,48.6,6.21
1.87,46.35,6.27
2.5,42.32,8.77
2.55,47.03,8.96
2.23,45.48,7.4
1.84,43.04,7.25
3.87,49.72,9.64
3.36,44.93,8.25
2.85,46.75,8.93
3.22,47.85,7.79
2.16,41.33,9.71
1.75,42.29,5.19
2.16,41.48,8.71
3.28,47.0,7.94
2.28,41.2,6.5
2.46,41.79,8.59
2.85,48.22,6.73
1.9,44.31,10.04
4.94,57.73,15.14
2.94,43.58,9.36
2.63,51.98,7.82
2.16,39.69,11.76
2.92,43.58,7.97
3.32,44.32,6.38
1.92,39.81,7.24
3.45,48.11,9.21
1.87,40.39,7.06
2.59,46.46,8.77
3.87,52.4,8.89
2.16,41.01,10.18
3.5,45.48,8.18
3.49,49.17,7.95
2.25,48.17,7.98
2.15,42.1,5.8
2.76,43.53,8.91
1.77,46.89,7.88
1.89,43.57,8.62
5.8,61.0,10.24
2.8,41.62,9.67
3.62,45.87,11.45
1.78,41.16,7.75
3.77,50.85,9.65
3.78,45.94,10.28
4.13,46.64,9.52
2.52,51.83,7.75
1.6,42.69,6.78
3.46,40.85,8.89
5.46,61.56,11.46
3.22,50.44,8.52
2.86,50.68,8.0
3.44,45.19,8.45
2.03,46.52,6.89
2.81,43.37,9.25
2.36,42.31,7.03
2.01,47.0,11.62
4.06,49.42,8.06
