press_force_kn,press_stroke_mm,rivet_diameter_mm,rivet_length_mm,temperature_c,hold_time_ms,head_diameter_mm,head_diameter_ok
53.0,5.14,5.0,7.37,22.91,116.52,5.61,0
40.11,5.79,4.0,11.29,18.56,154.98,5.4,0
56.24,3.98,3.0,12.77,23.82,70.86,5.35,1
52.21,4.28,4.0,12.45,20.16,112.33,5.37,1
27.87,5.41,3.0,9.28,18.57,128.23,4.8,0
58.72,4.45,4.0,10.63,24.24,166.82,5.61,0
54.54,5.32,4.0,11.49,26.33,192.2,5.62,0
53.92,4.53,3.0,8.87,28.36,164.84,5.33,1
28.62,3.66,3.0,14.49,27.81,152.08,4.77,0
41.76,5.47,4.0,10.38,28.26,130.98,5.24,1
37.13,3.21,3.0,12.67,26.36,140.04,5.01,1
56.58,3.57,5.0,12.67,27.06,135.28,5.78,0
47.98,4.77,4.0,14.49,17.73,60.46,5.36,1
50.29,4.95,4.0,8.41,24.92,163.23,5.52,0
37.35,5.67,3.0,8.67,19.29,161.23,5.13,1
31.92,3.8,4.0,10.82,18.13,120.19,5.1,1
42.55,3.57,5.0,10.83,19.64,197.58,5.38,1
27.81,5.97,3.0,9.23,28.11,152.41,4.83,0
52.3,3.3,4.0,13.93,27.12,103.25,5.34,1
44.52,3.88,3.0,10.19,28.84,60.51,5.11,1
54.22,4.06,4.0,9.17,29.4,60.84,5.35,1
37.0,4.68,4.0,11.12,29.37,105.91,5.23,1
59.09,5.61,4.0,14.02,19.91,138.72,5.74,0
53.64,5.13,4.0,15.27,29.79,72.86,5.66,0
51.24,5.06,4.0,13.11,28.83,75.92,5.62,0
32.01,3.7,3.0,12.3,29.21,85.41,4.76,0
39.23,4.36,3.0,13.87,18.94,175.45,5.04,1
27.22,4.67,5.0,13.63,19.87,153.96,5.01,1
29.3,3.36,4.0,9.66,29.07,92.08,4.88,0
48.37,3.65,4.0,12.42,19.76,71.32,5.14,1
49.97,3.94,4.0,13.14,22.5,53.87,5.44,0
62.26,3.1,3.0,10.27,24.09,59.79,5.28,1
36.38,4.7,3.0,13.42,19.81,112.62,4.93,0
36.03,5.1,3.0,11.45,17.66,49.86,4.98,0
42.94,3.14,5.0,12.05,30.36,88.88,5.34,1
29.39,4.19,4.0,8.9,28.1,194.74,4.93,0
29.93,5.43,4.0,13.19,29.03,132.82,5.07,1
38.05,5.16,3.0,15.0,21.21,160.19,5.11,1
30.5,5.26,3.0,8.74,20.46,75.79,4.79,0
48.8,3.89,4.0,10.85,23.57,96.57,5.37,1
41.66,5.46,4.0,8.64,22.76,199.44,5.2,1
54.45,4.0,5.0,8.3,19.31,117.0,5.54,0
49.3,4.34,4.0,15.68,26.27,164.46,5.35,1
35.38,3.46,4.0,12.04,29.63,193.62,5.2,1
51.41,4.31,4.0,11.13,24.53,133.45,5.43,0
51.85,4.25,5.0,9.36,23.06,92.55,5.5,0
37.71,3.56,4.0,16.31,22.64,129.82,5.14,1
37.03,5.31,4.0,9.88,19.16,70.15,5.07,1
49.52,4.06,5.0,13.98,21.45,56.42,5.42,0
26.65,4.01,3.0,10.76,23.86,44.39,4.84,0
32.6,3.37,5.0,8.0,24.06,193.33,5.02,1
24.55,4.29,3.0,13.18,25.02,158.65,4.72,0
51.3,3.77,4.0,7.89,28.74,91.87,5.29,1
49.39,3.98,4.0,13.09,20.1,89.86,5.32,1
51.57,3.67,4.0,10.71,18.25,155.16,5.41,0
54.04,5.35,4.0,13.62,18.31,199.59,5.62,0
39.52,5.93,4.0,13.93,18.98,95.48,5.35,1
44.34,4.36,3.0,13.87,25.02,106.19,4.98,0
30.5,5.16,3.0,7.71,27.37,198.69,4.83,0
30.8,5.56,3.0,13.47,29.01,188.66,4.97,0
47.51,6.0,4.0,16.05,24.94,187.48,5.58,0
41.15,4.72,4.0,9.8,23.87,99.63,5.23,1
42.75,5.29,3.0,10.15,19.34,65.15,5.14,1
49.58,5.87,5.0,14.29,22.94,134.61,5.74,0
48.71,5.48,4.0,8.66,22.49,95.8,5.52,0
46.87,4.34,4.0,13.41,28.05,180.47,5.18,1
44.44,3.25,4.0,14.76,24.33,48.99,5.1,1
37.48,3.13,3.0,8.31,19.94,153.65,4.82,0
26.74,4.19,4.0,12.52,22.4,192.66,4.92,0
39.1,4.4,4.0,12.89,19.61,192.62,5.12,1
33.17,4.34,3.0,9.91,28.63,151.99,4.92,0
42.12,4.5,5.0,15.71,18.41,180.74,5.42,0
54.8,4.71,5.0,9.38,18.7,62.74,5.59,0
36.06,5.3,4.0,11.58,19.84,107.43,5.1,1
22.23,3.4,5.0,14.49,27.24,64.61,5.18,1
36.36,3.67,5.0,10.27,24.16,191.19,5.17,1
35.44,5.13,4.0,14.89,24.77,175.44,5.21,1
47.62,5.72,4.0,8.86,23.43,47.22,5.47,0
44.67,5.87,4.0,12.01,18.45,42.28,5.33,1
48.79,5.49,3.0,8.5,28.82,115.42,5.3,1
47.85,5.7,3.0,13.91,20.43,100.87,5.41,0
39.88,4.12,3.0,14.38,17.79,179.5,5.07,1
56.2,4.04,4.0,14.0,24.9,83.62,5.32,1
29.89,3.81,4.0,15.39,19.49,169.64,5.05,1
24.32,4.89,4.0,13.3,18.98,132.46,4.94,0
27.23,5.93,4.0,14.28,28.34,104.0,4.97,0
51.96,4.06,3.0,12.03,24.53,69.48,5.15,1
41.77,4.61,4.0,15.8,21.47,187.64,5.21,1
29.67,3.76,4.0,12.35,21.92,144.76,4.96,0
43.48,3.52,5.0,15.13,26.13,115.59,5.33,1
30.51,3.42,5.0,9.14,18.42,111.51,5.04,1
51.15,2.71,5.0,12.28,19.52,186.63,5.47,0
39.33,5.92,5.0,13.8,25.74,171.93,5.44,0
37.74,4.35,5.0,9.79,23.95,164.91,5.42,0
34.83,5.13,4.0,9.34,29.69,142.96,5.27,1
44.37,4.88,3.0,16.34,22.6,188.95,5.33,1
38.2,3.68,3.0,11.91,18.63,85.99,4.82,0
28.55,3.85,4.0,9.69,25.3,156.28,4.83,0
29.14,5.44,3.0,10.6,25.96,112.52,5.0,1
58.24,3.68,3.0,11.42,20.51,134.4,5.29,1
54.2,5.71,5.0,12.69,24.47,195.12,5.88,0
48.72,3.63,3.0,15.73,20.98,199.5,5.16,1
33.67,4.93,5.0,16.56,29.11,118.07,5.28,1
57.45,5.32,4.0,13.65,28.81,138.83,5.72,0
51.96,3.63,4.0,13.3,22.52,177.62,5.44,0
50.83,3.68,4.0,10.72,29.44,206.08,5.43,0
44.19,5.91,4.0,14.33,29.59,185.02,5.39,1
34.85,4.04,4.0,9.97,19.9,53.09,5.07,1
28.84,4.34,3.0,9.03,22.83,102.56,4.74,0
56.45,4.26,5.0,15.03,24.68,178.84,5.69,0
37.43,3.71,4.0,14.44,19.04,173.41,5.31,1
32.03,5.09,3.0,10.31,21.35,151.44,4.7,0
35.82,5.46,4.0,13.28,21.99,153.95,5.06,1
49.79,4.13,4.0,11.25,29.08,105.5,5.31,1
30.84,5.47,4.0,10.75,22.93,108.89,5.23,1
55.53,4.14,4.0,10.39,27.01,163.27,5.42,0
51.49,3.06,3.0,9.01,23.31,100.51,5.15,1
48.03,4.59,4.0,12.08,17.84,146.18,5.35,1
42.22,5.91,3.0,12.0,28.39,163.2,5.09,1
48.34,3.3,3.0,12.78,17.93,174.02,4.93,0
46.89,3.64,3.0,9.52,18.42,97.11,5.04,1
46.07,4.34,4.0,15.26,23.47,162.45,5.27,1
30.54,5.57,4.0,13.31,25.65,60.06,4.92,0
36.98,3.17,4.0,15.05,22.58,72.34,5.1,1
27.54,4.48,3.0,8.81,19.02,124.53,4.85,0
46.31,5.41,3.0,13.28,22.58,52.24,5.13,1
34.72,4.05,4.0,14.02,20.49,201.33,5.18,1
29.02,3.77,3.0,11.19,17.65,196.97,4.79,0
28.8,3.6,4.0,9.59,25.08,50.94,4.84,0
44.65,4.36,5.0,9.95,19.66,164.36,5.41,0
28.12,4.52,4.0,10.14,20.44,128.65,5.06,1
57.51,5.45,5.0,11.56,25.37,151.03,5.87,0
43.39,4.83,3.0,9.9,26.94,197.56,5.27,1
38.01,5.23,3.0,10.78,21.72,136.77,5.03,1
43.99,5.9,4.0,13.21,21.58,61.15,5.42,0
28.65,4.18,4.0,8.6,19.19,41.46,4.91,0
57.11,4.06,5.0,11.11,29.82,132.99,5.7,0
41.29,5.84,3.0,13.1,19.54,187.95,5.14,1
53.89,4.06,4.0,9.6,18.95,136.24,5.39,1
25.64,5.02,4.0,9.66,21.54,113.35,4.89,0
42.45,5.26,4.0,9.96,20.8,50.83,5.25,1
44.58,3.51,3.0,7.14,19.98,186.84,4.86,0
54.87,4.39,5.0,11.75,19.06,98.97,5.63,0
45.35,3.67,3.0,8.06,26.56,161.03,5.02,1
42.05,3.39,5.0,10.36,25.69,158.7,5.46,0
35.78,4.46,4.0,16.15,26.8,86.38,5.14,1
34.33,3.84,4.0,15.06,26.44,60.1,4.94,0
40.8,5.54,4.0,9.43,21.88,104.9,5.46,0
41.32,5.91,5.0,10.43,28.0,86.08,5.54,0
26.31,5.81,3.0,11.34,26.66,157.01,4.69,0
54.38,3.89,3.0,15.1,27.55,187.75,5.15,1
57.01,3.87,4.0,14.27,27.09,76.51,5.45,0
28.66,3.79,4.0,7.82,22.33,123.18,5.0,0
44.82,3.34,3.0,8.85,21.79,49.31,5.09,1
29.34,5.88,3.0,10.91,23.54,87.75,4.85,0
47.22,4.16,4.0,14.29,20.54,167.8,5.45,0
38.27,3.7,3.0,14.55,23.2,167.76,4.79,0
48.95,5.75,3.0,8.9,17.92,159.35,5.17,1
48.25,4.04,5.0,13.13,18.15,72.12,5.52,0
53.11,3.28,4.0,9.38,28.7,120.51,5.35,1
26.98,3.7,5.0,13.24,27.22,114.52,5.22,1
58.51,4.9,5.0,15.52,24.52,205.49,5.88,0
35.19,5.02,3.0,11.45,21.75,138.35,4.83,0
24.8,3.54,4.0,8.38,24.51,178.36,4.93,0
46.19,5.95,4.0,12.16,29.15,84.11,5.46,0
38.74,5.55,4.0,10.55,25.7,112.83,5.16,1
55.55,5.38,3.0,14.33,24.8,174.55,5.29,1
56.77,3.6,3.0,10.78,24.53,104.0,5.23,1
35.65,3.28,3.0,14.96,21.57,143.64,4.84,0
56.97,5.69,4.0,10.02,26.42,130.22,5.61,0
33.55,3.88,5.0,8.87,30.2,191.91,5.26,1
41.53,4.8,4.0,10.7,22.09,77.13,5.23,1
33.82,5.22,4.0,7.74,23.0,187.33,5.12,1
58.39,3.24,5.0,10.57,22.45,99.91,5.5,0
31.27,5.59,4.0,12.87,23.61,122.83,5.16,1
28.09,5.77,3.0,8.83,29.3,127.25,4.87,0
40.25,5.37,5.0,8.29,26.93,88.58,5.39,1
62.4,4.56,4.0,8.86,22.99,185.07,5.47,0
55.72,5.79,3.0,9.02,23.03,199.1,5.47,0
56.2,4.51,4.0,15.21,23.36,202.73,5.38,1
57.33,5.29,5.0,15.95,18.26,207.01,5.86,0
54.7,5.46,3.0,8.58,23.94,148.12,5.33,1
41.19,5.11,4.0,13.63,28.61,104.32,5.33,1
36.95,3.91,3.0,13.76,25.47,192.82,4.9,0
51.61,3.17,3.0,15.66,19.76,53.12,5.09,1
49.47,3.91,3.0,11.32,27.11,169.36,5.26,1
38.95,4.44,4.0,9.79,26.11,127.85,5.15,1
28.18,4.55,5.0,11.98,20.61,160.1,5.17,1
49.58,4.79,3.0,15.21,24.61,105.92,5.15,1
31.41,4.14,3.0,14.58,25.0,115.26,4.85,0
56.97,5.45,3.0,11.6,28.05,63.24,5.49,0
35.0,5.67,3.0,10.25,19.75,105.21,4.94,0
29.69,3.88,4.0,14.75,20.89,106.05,4.86,0
51.8,5.0,4.0,14.59,24.13,91.16,5.55,0
30.68,5.05,4.0,10.57,18.38,65.96,5.06,1
31.98,4.87,4.0,12.58,22.88,136.44,5.16,1
44.36,3.41,4.0,11.49,27.82,86.55,5.23,1
55.89,5.28,3.0,11.06,20.59,170.79,5.26,1
31.99,5.96,3.0,12.05,23.58,64.37,4.9,0
33.76,5.2,5.0,14.39,29.61,133.81,5.34,1
52.87,5.8,4.0,15.9,23.48,69.7,5.64,0
60.04,6.03,5.0,11.72,23.1,120.65,5.72,0
44.52,4.16,5.0,10.83,25.11,150.76,5.34,1
31.98,5.09,4.0,11.51,20.56,160.85,5.13,1
22.96,4.48,5.0,8.68,20.16,105.04,5.04,1
31.32,5.92,4.0,10.1,26.02,138.73,5.21,1
30.56,3.38,3.0,8.37,23.57,73.99,4.66,0
49.66,4.54,3.0,11.76,21.2,120.51,5.06,1
30.21,5.61,3.0,9.71,18.99,105.51,4.91,0
49.8,3.7,3.0,10.95,28.18,144.76,5.01,1
50.35,5.53,4.0,14.83,18.02,122.87,5.48,0
47.43,4.13,4.0,9.49,27.37,167.88,5.18,1
33.74,5.6,4.0,13.58,22.85,110.19,5.13,1
54.34,5.78,4.0,15.83,25.42,75.23,5.52,0
49.46,3.82,3.0,12.84,21.05,84.14,5.26,1
52.25,5.3,4.0,10.28,19.88,44.01,5.63,0
28.17,4.06,4.0,10.08,25.88,131.1,4.97,0
28.9,4.85,3.0,12.51,27.03,165.27,4.84,0
56.57,5.08,3.0,11.75,20.75,163.33,5.27,1
39.07,5.42,4.0,9.48,23.27,126.38,5.1,1
39.78,3.15,3.0,11.14,23.92,88.75,4.9,0
38.67,3.62,5.0,12.65,20.92,179.25,5.35,1
49.46,5.26,4.0,10.7,24.82,57.82,5.38,1
55.49,4.79,4.0,13.18,19.61,124.55,5.62,0
34.16,4.34,3.0,8.68,24.05,182.56,5.05,1
59.37,3.34,5.0,10.29,17.44,106.45,5.5,0
25.99,3.96,4.0,14.08,23.93,56.59,4.84,0
42.45,5.73,3.0,10.58,21.4,92.97,5.13,1
45.88,3.15,4.0,13.16,24.39,146.46,5.2,1
29.96,4.48,4.0,11.26,23.21,67.88,4.92,0
28.57,5.81,4.0,10.36,28.16,150.47,5.17,1
40.07,3.1,3.0,14.5,23.87,112.87,4.94,0
58.9,5.25,4.0,10.31,27.15,98.77,5.77,0
44.66,3.72,3.0,10.67,20.99,66.71,5.07,1
61.6,5.72,3.0,14.75,22.38,171.77,5.6,0
54.31,4.99,3.0,14.05,19.49,117.05,5.23,1
37.64,5.5,5.0,13.86,22.51,155.88,5.64,0
52.81,3.48,3.0,7.89,26.02,116.51,5.15,1
24.4,4.74,4.0,9.13,27.25,57.91,4.95,0
30.39,5.61,4.0,13.49,25.23,118.91,5.1,1
52.57,3.72,5.0,9.69,26.02,124.51,5.6,0
52.68,3.66,4.0,10.98,20.41,111.38,5.5,0
34.07,3.09,5.0,13.55,18.4,182.78,5.21,1
45.17,6.06,3.0,10.72,27.76,193.84,5.32,1
44.01,4.99,3.0,8.5,20.99,163.29,5.24,1
54.76,4.95,4.0,8.61,18.92,141.28,5.6,0
45.24,5.38,4.0,11.73,29.39,135.39,5.36,1
38.24,4.68,5.0,12.64,28.93,151.71,5.49,0
41.34,4.46,5.0,15.04,24.86,80.0,5.31,1
40.65,4.51,4.0,8.13,22.56,179.64,5.18,1
45.5,4.5,5.0,9.82,28.68,174.06,5.63,0
57.05,3.71,4.0,12.36,20.34,87.31,5.48,0
44.79,5.56,3.0,11.17,23.05,205.96,5.1,1
35.57,5.15,4.0,12.29,22.05,179.65,5.09,1
30.49,4.13,3.0,15.54,28.67,110.69,4.89,0
50.22,4.95,5.0,12.42,29.18,169.21,5.66,0
55.91,3.4,3.0,10.96,24.87,78.93,5.19,1
27.38,6.07,4.0,15.63,20.09,43.72,5.34,1
28.15,5.96,4.0,9.0,23.39,94.38,4.99,0
47.22,5.98,3.0,16.05,21.35,132.22,5.18,1
28.42,4.26,3.0,11.91,27.81,113.74,4.76,0
53.75,3.63,4.0,12.05,20.11,197.33,5.4,0
29.91,3.65,3.0,15.01,19.12,86.97,4.78,0
28.16,3.02,4.0,12.54,26.74,94.6,4.98,0
56.77,3.32,4.0,11.78,22.78,140.52,5.51,0
28.5,3.08,3.0,10.97,28.25,51.69,4.72,0
37.97,6.31,3.0,12.91,18.17,159.67,5.22,1
27.75,3.19,4.0,12.41,27.44,114.15,4.84,0
28.23,3.42,5.0,9.8,19.04,204.24,5.08,1
25.98,5.57,3.0,13.94,18.79,157.55,4.86,0
29.59,4.75,5.0,13.06,23.51,54.98,5.22,1
28.47,5.58,4.0,10.82,20.1,69.68,5.13,1
29.01,4.79,4.0,8.4,25.5,62.48,4.96,0
45.71,5.68,4.0,11.86,18.31,184.47,5.49,0
47.02,4.8,4.0,7.68,16.96,149.46,5.38,1
39.63,4.36,5.0,9.15,27.18,114.76,5.43,0
36.5,5.04,4.0,11.92,20.48,87.19,5.24,1
41.56,4.33,4.0,8.71,26.65,179.57,5.3,1
55.75,3.97,4.0,10.24,26.32,70.78,5.34,1
54.08,4.29,3.0,13.47,16.73,156.44,5.23,1
26.73,3.29,4.0,10.12,27.37,165.38,4.91,0
32.57,5.38,3.0,15.99,21.38,95.65,4.79,0
36.2,3.55,3.0,14.45,21.65,132.87,4.88,0
31.46,3.58,3.0,13.04,18.39,91.34,4.95,0
48.91,3.75,3.0,15.1,29.81,102.17,5.06,1
35.99,5.3,4.0,15.55,24.51,190.0,5.28,1
26.44,3.94,4.0,10.42,24.55,145.89,4.83,0
39.16,4.94,4.0,13.91,29.2,182.45,5.19,1
43.85,5.62,3.0,8.83,20.7,142.39,5.13,1
27.42,3.44,4.0,13.36,28.59,83.44,4.91,0
53.79,5.01,4.0,12.51,26.44,155.02,5.54,0
25.91,3.94,4.0,7.11,28.85,136.53,4.86,0
56.29,3.63,4.0,10.71,28.83,80.44,5.39,1
30.03,5.17,4.0,15.78,30.06,115.3,5.14,1
55.18,5.76,4.0,10.04,19.51,135.92,5.58,0
55.32,3.76,5.0,9.01,26.82,165.59,5.72,0
60.93,4.66,4.0,10.18,28.0,79.26,5.52,0
53.63,3.75,4.0,11.44,24.49,172.56,5.38,1
53.77,4.83,4.0,14.27,20.03,104.2,5.36,1
48.65,4.87,3.0,14.52,30.06,86.13,5.07,1
50.74,5.13,5.0,11.63,20.81,77.57,5.53,0
28.68,4.86,4.0,9.29,23.96,159.37,5.0,0
45.13,3.29,3.0,8.46,23.44,110.57,5.01,1
44.12,4.84,5.0,11.28,19.46,131.29,5.38,1
54.98,4.74,4.0,14.97,26.54,68.22,5.52,0
41.42,4.8,3.0,14.27,18.11,160.53,4.99,0
40.83,3.26,3.0,11.49,25.84,160.88,4.9,0
46.29,4.42,3.0,12.91,28.6,107.58,5.28,1
35.33,3.98,4.0,12.21,23.08,191.27,5.09,1
29.52,3.4,3.0,12.63,26.24,54.82,4.68,0
41.33,3.59,5.0,11.66,20.37,68.46,5.43,0
41.61,4.34,5.0,13.63,27.01,147.75,5.4,0
34.66,5.48,4.0,12.91,29.81,145.54,5.09,1
39.35,3.85,4.0,15.11,19.3,92.34,5.1,1
40.22,5.45,3.0,11.27,26.49,141.68,5.01,1
36.5,4.5,3.0,8.3,23.95,103.38,4.96,0
39.53,4.94,4.0,9.87,25.22,151.22,5.23,1
48.43,4.31,3.0,11.6,25.96,144.78,5.1,1
35.99,4.47,3.0,12.78,24.29,203.36,4.94,0
57.97,4.71,4.0,13.37,25.03,117.57,5.61,0
57.25,5.76,3.0,13.8,20.7,156.81,5.56,0
42.92,4.48,4.0,9.83,22.39,136.64,5.31,1
34.99,4.55,4.0,12.69,27.88,94.58,5.16,1
47.58,4.71,5.0,13.74,19.29,98.18,5.46,0
52.85,5.24,4.0,11.74,25.16,194.37,5.69,0
45.61,3.29,5.0,11.41,20.35,69.99,5.38,1
55.28,4.38,4.0,9.43,28.25,164.47,5.41,0
45.09,4.66,5.0,11.07,25.39,76.82,5.23,1
48.3,5.74,4.0,13.84,23.37,181.55,5.49,0
36.23,4.48,3.0,15.61,20.35,78.77,4.83,0
50.7,4.51,5.0,13.12,23.74,205.37,5.63,0
30.43,5.93,3.0,9.76,28.76,142.32,4.87,0
49.46,4.5,3.0,14.11,24.46,60.05,5.16,1
53.88,3.58,3.0,14.15,23.98,151.75,5.27,1
31.41,3.55,4.0,11.23,25.82,139.61,4.89,0
46.23,3.35,4.0,14.06,22.56,101.26,5.22,1
26.81,2.82,4.0,8.03,22.81,94.48,4.84,0
49.81,4.32,5.0,8.03,21.53,154.33,5.56,0
28.72,5.3,3.0,9.19,20.64,162.28,4.83,0
56.72,5.17,4.0,9.98,26.19,98.75,5.66,0
28.3,3.08,4.0,15.32,28.0,174.18,4.94,0
59.01,4.42,5.0,11.3,28.95,89.41,5.71,0
53.48,3.37,3.0,9.78,29.02,59.38,5.15,1
44.85,5.83,3.0,11.93,23.31,138.71,5.28,1
51.52,3.52,4.0,10.77,22.12,66.35,5.31,1
53.26,4.72,4.0,11.08,26.03,92.09,5.52,0
55.45,4.18,4.0,8.98,28.15,122.73,5.46,0
31.29,4.78,4.0,13.9,26.37,102.92,5.11,1
44.33,4.39,4.0,9.37,23.55,73.09,5.18,1
27.94,5.35,4.0,14.14,26.6,149.88,4.91,0
47.14,3.59,3.0,9.4,25.67,153.66,5.17,1
33.71,6.0,3.0,13.71,30.58,167.91,5.0,1
46.34,4.31,3.0,14.61,27.53,126.65,5.04,1
44.75,5.41,4.0,9.03,23.29,128.22,5.39,1
41.28,5.71,4.0,8.45,22.03,73.01,5.32,1
41.45,5.9,4.0,15.53,25.45,166.97,5.43,0
51.71,3.89,4.0,11.73,22.44,96.22,5.27,1
52.44,3.82,4.0,12.17,29.89,74.26,5.32,1
42.81,3.8,4.0,8.38,24.18,160.75,5.09,1
44.47,3.83,4.0,9.83,23.61,149.52,5.29,1
58.54,4.73,4.0,11.57,21.91,148.9,5.65,0
32.0,6.11,4.0,14.4,25.19,64.57,5.09,1
28.9,6.09,4.0,9.44,23.77,65.11,4.96,0
28.81,4.31,4.0,13.65,18.66,130.32,4.97,0
49.29,5.12,4.0,13.01,28.35,172.83,5.45,0
38.91,5.32,4.0,9.72,21.26,133.53,5.24,1
52.51,5.96,4.0,10.14,23.32,50.68,5.57,0
48.51,3.79,4.0,9.97,20.48,59.66,5.38,1
36.86,4.42,3.0,11.7,24.69,131.9,4.88,0
55.02,5.44,4.0,13.13,26.08,150.77,5.76,0
51.74,3.74,5.0,11.44,30.51,52.98,5.55,0
35.38,4.29,3.0,9.47,19.44,55.04,4.99,0
40.41,5.91,5.0,14.16,28.93,97.92,5.63,0
37.77,6.08,3.0,13.42,26.54,72.43,5.0,1
34.47,5.92,4.0,11.46,21.02,129.96,5.27,1
28.76,5.62,4.0,12.02,19.87,77.16,5.07,1
59.36,3.72,3.0,9.67,20.77,149.99,5.22,1
40.67,3.93,5.0,13.05,28.77,167.1,5.36,1
42.44,4.38,4.0,11.31,21.08,202.66,5.23,1
49.06,4.55,5.0,10.61,24.2,192.86,5.69,0
42.82,4.67,3.0,10.08,27.12,107.04,4.99,0
56.66,5.16,5.0,13.26,29.35,43.19,5.75,0
48.41,4.03,5.0,12.91,25.37,95.39,5.65,0
40.81,5.16,4.0,11.14,27.29,155.31,5.28,1
36.78,4.0,3.0,15.33,20.49,62.42,5.08,1
59.81,4.03,4.0,14.53,28.21,113.88,5.58,0
50.75,3.25,4.0,8.54,20.82,94.51,5.3,1
61.74,3.64,5.0,13.59,20.5,71.82,5.64,0
30.9,5.48,4.0,11.5,29.84,162.47,5.06,1
53.71,4.34,3.0,16.06,20.79,154.78,5.37,1
45.65,3.77,3.0,9.16,19.09,115.17,4.98,0
30.17,5.28,4.0,9.91,24.74,186.57,5.03,1
43.17,4.59,5.0,11.51,21.45,53.11,5.5,0
52.37,3.04,3.0,10.12,19.52,67.32,5.09,1
27.6,3.94,4.0,14.35,24.54,100.46,4.78,0
40.04,3.47,5.0,11.28,27.09,154.71,5.26,1
50.74,4.93,3.0,9.98,26.45,138.51,5.43,0
37.83,4.07,3.0,12.66,19.21,51.08,4.82,0
40.84,3.29,4.0,16.04,25.12,200.66,5.09,1
42.75,3.11,4.0,14.17,28.17,84.63,5.15,1
32.64,4.85,3.0,12.19,19.66,106.37,4.85,0
56.04,3.01,5.0,10.54,19.87,137.16,5.4,0
52.35,5.73,4.0,9.52,17.36,188.95,5.48,0
28.96,3.53,5.0,14.99,24.07,153.33,5.07,1
59.07,4.8,5.0,13.86,20.7,197.26,5.78,0
56.91,4.4,5.0,11.55,27.28,88.52,5.65,0
32.98,4.08,4.0,15.32,29.19,142.16,5.04,1
54.03,3.04,3.0,9.02,19.79,176.69,5.26,1
28.94,5.22,4.0,13.37,25.97,122.99,5.19,1
60.91,5.7,3.0,10.57,19.99,105.72,5.48,0
49.61,3.3,4.0,8.68,17.88,201.12,5.25,1
45.68,3.89,3.0,11.56,27.92,70.33,5.04,1
25.34,5.81,4.0,11.91,23.71,97.54,5.0,1
58.75,4.73,3.0,15.19,29.5,183.58,5.55,0
26.63,3.17,3.0,10.37,23.61,187.94,4.63,0
32.06,3.53,3.0,14.46,20.03,191.8,4.82,0
32.86,4.86,4.0,14.33,24.06,172.69,4.98,0
52.4,5.07,4.0,13.42,20.17,69.1,5.54,0
34.11,4.77,3.0,14.83,29.34,193.33,4.7,0
56.99,5.79,5.0,11.04,27.1,112.41,5.85,0
51.75,4.17,5.0,10.87,23.13,138.84,5.57,0
29.49,4.02,4.0,9.26,24.49,102.7,4.88,0
24.73,4.26,4.0,10.38,26.36,182.25,4.91,0
28.59,4.12,4.0,15.21,28.28,137.47,5.05,1
47.4,3.99,3.0,11.07,19.28,172.51,4.98,0
55.56,3.0,4.0,11.16,17.99,83.07,5.43,0
31.58,3.67,3.0,9.83,19.12,71.35,4.71,0
55.99,5.09,5.0,12.45,22.85,127.8,5.81,0
28.94,3.23,5.0,13.91,22.8,61.24,5.06,1
49.8,4.63,5.0,10.74,19.51,150.26,5.53,0
55.3,4.74,4.0,14.25,23.58,89.5,5.59,0
48.28,4.91,4.0,13.59,21.94,113.2,5.52,0
48.94,5.26,5.0,14.51,20.25,48.95,5.63,0
55.65,5.41,3.0,9.97,29.7,65.16,5.37,1
29.16,5.55,3.0,13.98,24.92,144.45,4.77,0
32.2,3.08,4.0,9.59,23.04,93.26,4.92,0
32.36,4.46,4.0,11.14,24.1,71.72,4.83,0
40.13,4.88,4.0,13.27,22.56,82.11,5.3,1
47.95,3.91,3.0,12.52,28.91,86.14,5.15,1
46.95,3.15,4.0,9.62,24.03,147.51,5.18,1
55.5,3.72,3.0,14.93,24.26,60.4,5.19,1
30.37,4.3,3.0,8.18,28.77,103.4,4.83,0
46.91,4.28,3.0,12.82,28.15,142.42,5.31,1
31.6,3.48,4.0,16.52,27.35,134.13,4.88,0
32.08,5.57,5.0,12.53,21.78,145.71,5.37,1
51.08,5.72,4.0,13.94,20.44,80.6,5.48,0
59.98,3.66,4.0,12.71,25.84,183.93,5.62,0
44.67,5.79,4.0,13.93,22.77,108.51,5.52,0
25.97,3.23,4.0,13.08,25.96,75.44,4.88,0
44.62,5.77,5.0,13.36,27.37,188.22,5.67,0
26.36,5.58,4.0,9.62,21.65,146.17,4.91,0
57.69,3.24,4.0,13.42,22.18,149.66,5.45,0
48.03,5.15,3.0,9.85,24.39,174.44,5.18,1
31.99,5.81,3.0,15.62,21.9,53.98,4.95,0
27.24,5.63,5.0,8.62,26.2,163.96,5.25,1
29.96,6.12,4.0,10.73,26.14,143.87,5.16,1
59.1,4.32,5.0,15.31,23.58,94.79,5.77,0
39.15,3.72,5.0,9.79,27.36,96.26,5.35,1
51.42,5.71,3.0,10.9,24.07,60.26,5.42,0
45.07,4.87,4.0,13.24,26.91,192.17,5.6,0
48.64,4.83,4.0,9.96,20.5,68.33,5.35,1
30.14,4.29,4.0,10.04,26.26,79.01,4.99,0
56.83,4.8,3.0,11.95,26.52,152.39,5.45,0
35.94,3.56,3.0,10.37,21.39,161.17,4.9,0
45.02,5.31,4.0,9.96,24.29,64.69,5.27,1
49.08,3.23,4.0,7.52,28.15,178.41,5.2,1
48.85,5.16,4.0,10.79,20.42,119.88,5.43,0
59.31,5.53,4.0,10.6,27.49,173.54,5.74,0
29.23,4.39,4.0,8.06,29.22,67.24,4.89,0
41.73,4.71,5.0,12.88,29.3,51.23,5.44,0
38.63,4.03,4.0,12.97,23.75,145.79,5.23,1
37.37,5.45,4.0,8.54,25.25,70.05,5.35,1
26.39,5.3,4.0,10.56,29.28,129.71,5.1,1
32.2,4.14,4.0,14.55,23.51,33.55,4.88,0
37.75,3.52,4.0,12.37,18.49,152.74,5.16,1
35.2,3.6,4.0,10.78,17.65,189.7,4.96,0
41.04,4.57,5.0,12.12,28.35,183.88,5.24,1
46.95,5.98,5.0,8.81,23.17,186.7,5.65,0
52.86,5.08,5.0,14.97,21.24,183.6,5.54,0
41.47,3.71,4.0,15.88,20.82,118.9,5.08,1
39.08,5.43,4.0,15.17,26.36,115.2,5.26,1
30.87,3.92,4.0,8.73,24.15,168.6,4.99,0
42.64,5.46,5.0,10.34,28.58,182.09,5.56,0
36.47,3.85,4.0,9.25,26.71,193.31,5.16,1
24.87,5.01,4.0,10.05,30.05,170.68,4.95,0
37.03,5.86,4.0,10.45,29.71,99.77,5.33,1
40.41,3.88,4.0,13.68,20.96,189.92,5.18,1
30.91,5.16,4.0,9.79,25.94,181.14,5.03,1
48.14,5.86,3.0,14.98,18.32,153.03,5.17,1
46.42,3.52,4.0,8.17,31.38,188.89,5.23,1
49.56,3.38,4.0,7.93,19.8,135.04,5.22,1
50.4,5.14,3.0,14.75,26.42,184.53,5.18,1
47.98,4.21,5.0,13.83,28.13,71.57,5.58,0
34.49,3.32,4.0,10.62,20.25,184.77,4.94,0
55.36,4.48,3.0,12.97,27.79,50.3,5.32,1
45.21,5.43,5.0,10.58,18.07,103.87,5.58,0
38.2,3.86,4.0,9.68,23.74,78.07,5.13,1
46.56,3.86,4.0,11.75,25.63,131.11,5.2,1
36.01,5.51,4.0,10.76,23.0,84.28,5.31,1
40.41,4.44,5.0,12.77,24.47,190.01,5.54,0
52.48,5.42,4.0,10.23,28.74,143.46,5.48,0
59.53,4.32,4.0,13.04,21.62,175.27,5.53,0
54.67,5.74,3.0,14.15,23.89,95.12,5.4,0
43.66,4.9,4.0,9.35,28.3,43.22,5.2,1
42.02,3.05,4.0,8.15,27.75,174.6,5.14,1
52.11,5.69,4.0,10.96,17.71,153.39,5.61,0
34.92,4.47,4.0,14.32,29.95,141.69,5.15,1
52.72,3.29,5.0,13.19,18.9,176.13,5.68,0
42.39,3.56,4.0,13.82,24.65,166.47,5.12,1
27.53,5.21,3.0,11.0,24.81,149.3,4.9,0
28.02,2.89,5.0,10.38,28.39,206.99,5.03,1
54.38,3.74,4.0,11.89,20.25,164.88,5.38,1
26.5,3.3,5.0,10.33,20.21,145.56,5.05,1
33.15,4.17,5.0,13.1,26.85,101.82,5.28,1
35.64,4.37,5.0,9.76,19.85,51.43,5.21,1
32.45,4.54,4.0,10.52,23.28,80.62,5.06,1
36.91,3.8,4.0,11.73,25.5,177.79,5.06,1
49.19,2.79,3.0,12.06,27.07,157.62,5.09,1
25.69,4.94,4.0,13.33,20.6,78.63,4.97,0
55.33,3.93,4.0,10.59,21.85,146.44,5.39,1
51.91,4.96,4.0,15.57,29.56,76.59,5.49,0
39.03,3.37,5.0,13.7,22.94,88.92,5.19,1
29.16,3.25,3.0,14.64,18.38,189.23,4.61,0
47.08,3.54,4.0,13.71,19.61,118.29,5.2,1
27.79,3.9,4.0,12.84,23.51,95.43,4.92,0
34.46,4.21,4.0,12.39,29.24,125.31,5.16,1
55.55,5.71,3.0,11.4,20.96,105.46,5.4,0
59.93,4.32,3.0,11.42,18.03,159.08,5.34,1
52.5,4.62,5.0,11.99,25.0,194.45,5.65,0
34.22,4.7,4.0,7.77,19.01,132.55,4.96,0
50.24,3.19,3.0,8.67,20.53,143.21,5.08,1
46.64,4.39,3.0,15.57,30.68,108.29,5.18,1
38.45,4.1,4.0,8.33,26.95,146.7,5.08,1
45.21,4.34,3.0,11.69,18.93,107.68,5.11,1
24.18,3.47,4.0,13.78,23.84,44.86,4.96,0
32.41,5.78,4.0,10.24,21.58,186.29,5.25,1
41.8,5.89,3.0,15.45,20.85,106.99,5.19,1
30.02,2.99,4.0,9.19,24.57,129.22,4.89,0
32.66,4.8,3.0,15.06,25.11,58.47,4.76,0
53.21,5.01,4.0,14.03,27.14,167.63,5.69,0
61.15,3.74,5.0,10.07,29.01,77.78,5.64,0
42.39,5.3,4.0,9.8,19.95,90.76,5.28,1
55.34,4.82,5.0,10.89,28.99,162.35,5.7,0
62.31,5.81,3.0,10.74,23.7,117.32,5.55,0
25.42,5.81,4.0,10.53,21.61,190.34,5.16,1
39.23,3.3,4.0,16.12,28.76,78.52,5.03,1
39.8,4.34,4.0,10.12,17.11,144.99,5.13,1
27.43,4.64,5.0,15.25,24.69,190.33,5.09,1
52.12,3.39,3.0,8.82,27.4,135.45,5.08,1
39.07,4.03,5.0,15.83,21.28,158.33,5.38,1
41.59,6.09,5.0,9.58,28.85,108.87,5.43,0
29.98,2.91,4.0,10.73,21.12,171.72,4.87,0
33.47,4.26,4.0,12.61,28.31,189.4,5.01,1
57.22,5.48,4.0,9.99,18.73,149.67,5.57,0
27.18,3.76,3.0,13.78,19.15,188.21,4.67,0
32.39,4.31,4.0,10.19,21.91,127.37,5.05,1
34.32,5.86,4.0,12.65,28.64,135.76,5.18,1
41.37,4.56,5.0,12.45,19.71,104.37,5.39,1
46.25,3.43,4.0,12.77,28.41,161.74,5.23,1
41.49,3.19,4.0,7.91,20.54,193.23,5.05,1
28.47,5.97,4.0,9.45,23.21,144.54,5.12,1
37.34,3.78,4.0,8.98,22.85,95.49,5.02,1
56.13,4.57,5.0,9.53,19.19,130.09,5.58,0
46.72,3.25,3.0,9.65,28.47,174.87,5.11,1
49.93,4.31,5.0,15.77,23.76,190.73,5.46,0
47.71,5.7,5.0,12.12,26.17,79.01,5.63,0
47.96,4.13,5.0,13.08,24.92,80.6,5.62,0
25.18,5.89,4.0,11.3,25.0,110.39,4.98,0
34.39,4.0,5.0,10.3,25.39,70.5,5.29,1
43.23,4.65,4.0,12.4,28.98,207.14,5.27,1
36.88,5.73,4.0,10.23,25.67,112.56,5.23,1
57.64,4.53,3.0,11.29,24.26,119.71,5.28,1
42.49,3.85,4.0,11.75,26.08,100.8,5.34,1
51.5,5.6,4.0,12.13,24.34,113.74,5.48,0
56.34,4.07,4.0,15.35,23.32,198.94,5.32,1
38.61,4.54,4.0,9.91,25.56,132.31,5.16,1
57.26,6.03,5.0,11.56,23.33,46.56,5.88,0
46.97,3.75,3.0,8.94,27.74,78.55,5.15,1
52.04,3.88,4.0,10.47,29.81,198.78,5.45,0
39.02,3.02,3.0,13.3,30.42,184.43,5.01,1
43.08,4.18,4.0,10.27,27.18,79.36,5.24,1
42.84,3.69,4.0,13.19,25.28,144.21,5.24,1
29.83,4.81,4.0,12.11,27.05,59.4,4.98,0
43.12,3.18,4.0,7.91,19.44,124.57,5.11,1
57.44,4.93,5.0,15.49,24.29,81.32,5.77,0
47.54,3.6,5.0,10.78,22.54,173.61,5.49,0
30.37,3.99,4.0,13.99,17.99,202.05,4.89,0
35.3,4.03,4.0,10.96,29.91,73.87,5.09,1
33.23,5.08,4.0,16.01,28.45,112.54,5.24,1
24.3,4.63,3.0,10.16,23.76,67.4,4.72,0
57.59,4.13,5.0,11.74,19.87,99.22,5.69,0
39.81,5.61,4.0,14.32,25.86,50.62,5.37,1
36.64,4.82,5.0,11.69,22.34,101.15,5.32,1
46.56,3.46,3.0,10.31,28.66,193.65,5.08,1
27.17,5.86,3.0,16.47,29.93,42.36,4.89,0
33.79,4.02,5.0,12.91,21.99,189.15,5.37,1
49.11,3.22,5.0,13.12,21.45,57.67,5.48,0
45.38,4.31,5.0,13.56,20.5,124.56,5.52,0
58.54,3.13,5.0,14.76,18.62,104.04,5.67,0
47.4,3.85,4.0,14.8,22.74,203.27,5.3,1
43.1,5.3,3.0,12.17,18.84,69.85,4.99,0
49.96,3.25,3.0,10.07,19.71,77.46,5.25,1
58.22,5.28,4.0,9.02,21.45,169.41,5.51,0
52.71,5.99,3.0,12.92,19.95,162.19,5.35,1
59.47,4.63,5.0,14.92,27.05,154.44,5.74,0
55.82,5.39,3.0,11.28,19.42,40.64,5.24,1
53.92,5.0,3.0,9.0,27.76,82.69,5.53,0
26.7,6.08,3.0,10.74,20.73,177.46,4.85,0
47.36,3.98,3.0,11.53,18.63,133.97,5.17,1
43.15,3.58,3.0,14.52,18.15,141.88,4.96,0
45.56,4.48,4.0,9.38,26.3,99.71,5.2,1
47.79,4.57,4.0,12.95,22.67,96.5,5.35,1
59.45,3.54,4.0,13.96,24.08,182.44,5.43,0
57.39,4.68,5.0,15.65,18.43,176.32,5.83,0
39.58,3.16,4.0,9.21,29.72,74.98,4.88,0
50.92,5.7,4.0,15.71,19.82,190.69,5.45,0
51.45,3.75,4.0,12.41,23.94,145.89,5.32,1
38.46,2.96,3.0,14.01,27.83,118.43,4.79,0
30.22,2.92,4.0,8.92,19.92,98.39,4.96,0
26.84,3.69,5.0,12.42,21.71,157.04,4.96,0
50.76,4.2,4.0,12.42,26.84,87.86,5.37,1
43.01,3.22,3.0,10.59,21.03,138.3,4.92,0
62.95,3.84,4.0,10.64,17.84,159.45,5.49,0
43.74,3.54,5.0,12.45,23.06,78.99,5.23,1
62.16,4.14,4.0,13.2,18.63,186.5,5.68,0
38.46,4.25,4.0,7.94,28.48,87.43,5.12,1
50.96,3.84,5.0,11.18,25.53,115.81,5.61,0
27.74,4.15,4.0,10.02,24.99,166.14,4.88,0
44.54,3.38,4.0,14.7,20.49,136.69,5.23,1
55.08,3.19,3.0,15.55,26.46,119.43,5.2,1
54.25,3.68,3.0,10.64,26.37,135.28,5.22,1
56.6,5.27,5.0,9.14,19.22,188.96,5.73,0
26.0,6.07,4.0,9.66,28.84,166.93,5.01,1
37.26,5.88,4.0,12.12,25.28,167.66,5.38,1
24.84,4.45,4.0,15.17,26.52,82.87,4.84,0
25.78,4.51,3.0,12.11,21.23,109.83,4.92,0
50.15,3.96,5.0,8.3,19.8,136.08,5.4,0
50.09,5.56,3.0,8.47,26.85,46.37,5.28,1
49.71,5.1,5.0,9.77,27.07,162.41,5.6,0
52.91,5.3,4.0,14.93,22.19,98.18,5.54,0
50.26,5.72,3.0,12.77,17.94,83.84,5.26,1
56.09,4.31,3.0,12.43,28.13,102.9,5.18,1
26.23,5.33,5.0,10.15,21.14,85.85,5.07,1
30.45,5.46,3.0,15.43,21.85,95.48,4.89,0
46.32,3.89,3.0,10.32,26.06,133.08,5.18,1
54.53,6.02,4.0,14.23,19.28,151.52,5.59,0
20.21,3.03,4.0,15.28,18.82,92.71,4.8,0
42.91,5.85,4.0,11.96,18.17,73.7,5.39,1
48.28,5.29,3.0,15.47,29.46,182.62,5.39,1
27.32,3.02,5.0,10.03,21.9,65.46,5.01,1
42.45,4.94,3.0,13.44,27.31,128.9,5.05,1
58.42,3.36,3.0,8.92,29.37,125.42,5.1,1
48.02,5.31,4.0,11.97,26.32,130.26,5.37,1
31.29,5.44,3.0,9.4,23.97,185.43,4.82,0
59.58,4.61,4.0,8.56,23.76,139.35,5.63,0
37.29,5.47,3.0,8.18,22.49,210.16,5.05,1
54.9,3.23,3.0,10.6,25.29,170.81,5.17,1
35.42,3.78,4.0,11.87,31.31,94.17,5.01,1
46.02,4.44,5.0,11.71,27.39,85.33,5.43,0
38.62,3.22,3.0,11.31,22.4,104.03,4.8,0
33.57,4.17,3.0,15.78,22.17,115.19,4.94,0
55.03,3.84,5.0,15.22,27.31,127.99,5.68,0
31.51,4.26,5.0,9.16,19.54,91.64,5.3,1
26.97,4.46,4.0,11.45,28.21,62.3,5.03,1
35.66,5.89,3.0,13.68,21.59,101.59,5.06,1
50.32,3.65,4.0,13.36,27.2,143.6,5.49,0
52.79,5.55,3.0,11.23,27.39,143.43,5.45,0
62.72,4.08,3.0,14.21,23.61,194.72,5.5,0
30.5,3.94,4.0,8.93,19.83,83.41,5.0,0
41.28,4.58,4.0,10.79,27.4,114.38,5.29,1
32.08,4.4,4.0,14.15,22.59,196.58,4.99,0
41.31,3.76,4.0,13.37,21.01,148.31,5.3,1
59.29,4.46,3.0,14.23,23.84,141.68,5.46,0
48.85,3.48,4.0,8.7,22.58,131.87,5.36,1
43.25,3.93,4.0,9.37,26.54,68.59,5.16,1
37.3,5.03,5.0,8.42,20.72,190.05,5.5,0
55.0,3.99,4.0,9.57,22.39,144.04,5.55,0
45.61,5.5,4.0,7.97,27.55,128.81,5.29,1
31.42,4.09,3.0,12.52,18.32,125.81,4.73,0
40.13,5.91,3.0,12.2,23.51,104.52,4.97,0
28.68,5.32,4.0,12.8,26.04,85.74,4.95,0
30.0,5.84,3.0,10.92,28.42,165.39,4.92,0
24.66,5.48,4.0,8.1,24.98,131.97,4.96,0
41.76,3.64,4.0,13.89,28.13,54.7,5.2,1
44.97,4.23,3.0,8.68,21.34,110.03,5.1,1
38.33,3.75,3.0,14.58,20.99,190.42,4.85,0
39.27,5.24,4.0,9.19,29.07,102.08,5.21,1
57.88,4.71,5.0,12.35,28.73,104.79,5.79,0
52.63,3.72,4.0,15.68,24.13,129.92,5.56,0
44.75,5.88,4.0,12.52,24.77,164.88,5.48,0
34.3,3.1,3.0,13.09,23.01,153.99,4.85,0
58.53,4.76,4.0,13.79,18.67,172.02,5.52,0
31.24,5.48,3.0,9.48,29.04,65.25,4.92,0
37.52,2.97,4.0,13.83,27.43,192.33,5.07,1
57.91,4.82,4.0,15.4,22.36,189.66,5.59,0
42.96,5.35,4.0,15.66,21.13,119.49,5.43,0
51.58,3.27,3.0,11.31,22.74,151.47,5.08,1
43.38,4.54,3.0,10.9,19.29,90.69,5.12,1
49.57,3.68,3.0,14.41,26.18,108.39,5.22,1
35.14,5.07,4.0,12.25,25.27,73.98,5.07,1
32.49,3.64,5.0,10.49,20.6,62.58,5.07,1
38.22,5.78,3.0,9.97,25.18,195.96,5.08,1
29.15,5.79,4.0,8.99,29.89,71.6,4.96,0
53.01,3.36,4.0,11.33,19.98,128.09,5.38,1
32.05,3.82,3.0,9.3,24.98,93.06,4.75,0
45.76,4.83,3.0,8.29,24.41,96.54,5.14,1
50.37,5.38,4.0,8.21,20.72,106.48,5.49,0
55.65,4.39,4.0,15.99,24.09,100.55,5.5,0
36.52,3.42,4.0,8.75,24.66,157.0,5.15,1
44.79,3.31,4.0,8.61,19.94,191.84,5.07,1
60.21,5.8,5.0,11.02,19.97,122.66,5.82,0
48.43,4.46,4.0,9.42,27.63,207.13,5.36,1
52.51,5.76,5.0,15.81,21.59,161.38,5.69,0
57.32,4.38,4.0,14.42,25.85,143.32,5.64,0
52.5,5.7,5.0,11.65,25.72,70.3,5.72,0
33.51,3.3,5.0,11.53,28.41,62.99,5.2,1
44.89,3.27,4.0,12.32,27.08,185.97,5.25,1
28.85,5.78,5.0,9.24,27.79,135.47,5.16,1
47.18,6.17,5.0,10.27,25.18,125.8,5.64,0
58.34,3.9,4.0,8.94,22.66,178.5,5.54,0
43.52,4.01,4.0,9.23,23.81,101.03,5.17,1
37.01,4.26,4.0,13.19,22.51,175.97,5.17,1
23.77,4.37,5.0,8.12,22.86,101.8,5.19,1
59.95,3.54,4.0,8.09,19.02,168.67,5.47,0
28.91,5.6,5.0,11.59,24.92,86.31,5.23,1
26.1,3.97,4.0,11.78,22.03,79.93,4.69,0
33.64,5.34,5.0,9.3,18.13,148.41,5.3,1
27.93,3.11,3.0,8.48,21.56,72.66,4.73,0
39.94,2.83,4.0,9.05,27.37,184.26,5.11,1
41.63,5.12,4.0,8.94,25.49,162.2,5.3,1
36.3,3.91,5.0,14.75,28.82,97.7,5.25,1
24.98,5.09,5.0,14.98,24.81,74.41,5.08,1
29.66,2.97,4.0,10.43,27.55,189.75,4.88,0
35.33,5.99,4.0,11.3,27.44,135.9,5.3,1
29.01,5.06,3.0,14.02,19.39,188.89,4.82,0
50.31,5.74,5.0,12.97,30.98,70.47,5.76,0
32.72,3.41,3.0,9.28,17.33,195.13,4.79,0
37.37,3.81,4.0,8.79,25.95,130.59,5.0,0
41.85,4.05,4.0,11.35,27.61,173.18,5.22,1
41.44,4.72,4.0,11.97,22.52,97.89,5.08,1
21.68,3.91,3.0,8.82,25.14,45.57,4.7,0
26.57,3.27,3.0,10.56,21.78,190.64,4.61,0
54.05,4.42,5.0,10.58,19.17,186.98,5.58,0
25.09,3.52,4.0,10.16,18.51,93.07,4.75,0
43.74,4.41,3.0,11.28,19.7,183.8,5.02,1
40.8,3.61,4.0,13.15,19.19,68.01,5.2,1
37.0,3.65,3.0,11.19,24.93,65.76,4.89,0
38.71,4.67,5.0,9.68,23.33,65.04,5.42,0
51.2,4.13,4.0,9.4,24.01,104.76,5.64,0
51.86,4.18,3.0,13.97,26.56,56.4,5.3,1
32.41,4.58,3.0,11.59,17.6,116.17,4.83,0
33.81,5.56,4.0,8.63,20.97,64.83,5.09,1
31.7,3.91,4.0,10.57,27.01,157.54,4.99,0
43.73,4.76,4.0,14.25,27.98,177.85,5.23,1
47.17,5.7,4.0,13.73,22.79,138.07,5.5,0
37.82,4.63,4.0,14.21,18.3,61.51,5.16,1
37.49,5.87,3.0,12.86,27.34,167.7,5.17,1
57.9,5.31,3.0,12.21,28.14,91.23,5.37,1
25.12,2.77,5.0,11.52,21.99,179.99,4.97,0
42.42,4.32,3.0,9.54,22.15,136.33,4.99,0
48.84,5.17,5.0,13.34,19.28,111.39,5.64,0
30.49,6.02,4.0,12.68,24.62,60.98,5.22,1
31.36,4.57,3.0,8.91,29.07,176.42,4.9,0
29.66,3.11,3.0,15.43,26.36,203.89,4.73,0
59.27,4.8,3.0,11.04,22.54,133.35,5.29,1
24.03,3.57,4.0,8.41,25.19,197.92,4.85,0
31.53,4.98,4.0,10.22,28.68,206.74,5.08,1
29.35,4.57,4.0,15.49,23.36,81.4,4.9,0
27.72,5.09,4.0,15.61,26.97,172.56,5.0,0
50.03,5.6,4.0,11.69,23.15,97.5,5.29,1
34.76,4.94,5.0,16.06,23.0,122.85,5.25,1
43.89,4.76,5.0,14.8,26.6,73.76,5.53,0
46.82,5.15,4.0,14.28,22.86,178.92,5.47,0
56.52,5.54,5.0,14.57,30.13,149.8,5.82,0
26.31,5.44,4.0,10.34,23.95,81.45,4.85,0
51.99,2.94,4.0,14.24,23.09,112.11,5.35,1
45.33,4.78,4.0,11.87,21.79,120.2,5.3,1
30.25,3.47,3.0,13.26,23.82,164.63,4.74,0
51.91,5.68,4.0,8.57,21.82,195.32,5.56,0
56.08,5.01,5.0,13.81,26.75,96.92,5.76,0
34.23,3.99,3.0,15.6,22.2,130.27,4.94,0
54.71,3.45,5.0,10.29,23.01,139.07,5.54,0
41.61,4.21,5.0,15.46,26.04,109.45,5.4,1
47.24,4.96,3.0,10.55,19.07,123.53,5.06,1
60.49,3.54,4.0,9.79,26.9,71.23,5.49,0
39.63,3.35,5.0,8.68,24.36,71.92,5.29,1
54.99,5.78,5.0,14.41,22.65,117.81,5.81,0
36.98,5.25,3.0,12.08,27.44,178.38,5.08,1
52.84,3.51,4.0,10.53,26.72,93.84,5.32,1
42.98,4.1,4.0,13.4,28.76,92.86,5.29,1
33.36,6.19,3.0,10.9,23.48,160.71,4.9,0
39.87,5.27,4.0,11.42,22.18,188.86,5.25,1
36.62,4.84,3.0,15.01,25.67,125.84,5.06,1
25.39,3.79,3.0,13.25,24.43,46.57,4.73,0
24.05,3.77,4.0,14.1,26.42,151.64,4.96,0
39.06,3.2,4.0,12.54,24.6,123.2,5.08,1
25.6,5.25,4.0,15.86,27.35,162.99,5.11,1
32.04,3.35,4.0,10.02,20.77,103.95,4.91,0
50.43,3.12,4.0,9.69,25.13,48.2,5.23,1
49.83,4.96,3.0,8.33,20.07,111.29,5.31,1
52.57,6.01,3.0,11.86,22.77,148.3,5.39,1
35.15,5.11,3.0,12.26,25.81,101.93,4.95,0
56.33,4.36,4.0,13.31,24.43,64.58,5.51,0
44.93,4.5,3.0,10.75,22.94,132.64,5.12,1
28.61,4.62,3.0,7.74,28.44,156.17,4.8,0
29.46,4.46,3.0,13.27,27.97,66.91,4.82,0
49.67,4.66,4.0,16.0,24.22,146.71,5.48,0
30.17,4.26,4.0,9.56,28.87,155.52,5.05,1
45.07,4.88,5.0,9.74,22.63,102.67,5.39,1
58.07,5.83,4.0,10.58,26.89,185.43,5.65,0
24.8,5.93,4.0,10.99,19.83,187.64,4.94,0
24.77,3.52,3.0,10.18,22.16,86.23,4.76,0
62.42,4.19,4.0,10.43,21.6,48.17,5.57,0
45.82,3.62,3.0,13.15,19.42,79.78,5.01,1
31.33,4.16,4.0,10.24,23.59,69.6,5.04,1
53.68,3.93,4.0,10.44,20.14,133.49,5.52,0
56.3,3.65,4.0,8.16,24.66,172.49,5.49,0
45.4,5.19,3.0,15.29,20.16,169.06,5.27,1
46.91,4.4,4.0,11.1,19.38,95.88,5.37,1
36.52,5.59,5.0,10.15,29.93,110.06,5.34,1
25.82,3.17,4.0,8.53,26.04,71.02,4.7,0
48.4,3.32,4.0,13.18,28.46,145.89,5.22,1
39.54,4.28,4.0,14.89,24.57,52.74,5.2,1
47.56,3.5,3.0,8.4,18.53,195.14,5.2,1
53.45,3.79,4.0,8.89,25.02,185.84,5.5,0
28.31,6.06,4.0,9.65,24.69,77.44,5.15,1
48.75,3.46,3.0,12.34,17.88,143.25,5.08,1
32.14,3.53,4.0,15.57,28.43,135.1,5.03,1
54.82,4.83,5.0,11.98,25.69,168.85,5.66,0
33.36,4.62,4.0,10.95,25.82,117.9,5.1,1
43.91,4.69,4.0,14.05,23.57,82.25,5.3,1
42.68,4.12,4.0,13.72,25.24,140.15,5.33,1
37.03,5.24,4.0,10.39,21.26,53.02,5.23,1
47.31,3.36,4.0,8.71,30.44,138.55,5.33,1
50.34,4.42,3.0,10.46,22.32,84.91,5.21,1
45.27,5.16,4.0,14.04,19.59,143.53,5.42,0
54.39,5.68,4.0,14.07,18.38,181.43,5.36,1
57.59,4.12,3.0,13.49,25.1,52.6,5.32,1
41.48,4.7,4.0,14.24,29.58,105.49,5.31,1
42.62,3.11,3.0,10.09,29.18,157.99,5.09,1
25.35,3.62,4.0,10.47,25.75,69.64,4.9,0
54.1,3.28,4.0,8.05,30.17,130.6,5.44,0
41.15,5.26,4.0,15.35,25.65,165.38,5.44,0
39.98,3.78,4.0,12.1,21.75,96.57,5.09,1
28.6,4.83,5.0,11.04,25.0,193.82,5.16,1
57.04,3.37,4.0,8.9,20.04,130.01,5.37,1
39.36,5.52,4.0,14.24,20.53,144.72,5.21,1
53.4,5.38,4.0,13.8,21.64,74.81,5.44,0
29.06,3.38,3.0,13.27,19.16,73.22,4.69,0
57.67,3.01,3.0,9.04,29.42,49.86,5.28,1
30.1,3.34,4.0,15.1,30.28,176.87,4.92,0
30.96,5.66,3.0,14.23,22.73,176.52,4.9,0
53.89,3.81,4.0,13.79,26.6,171.35,5.43,0
59.12,4.43,4.0,12.76,23.62,66.45,5.59,0
35.03,4.47,4.0,15.08,19.37,128.97,5.15,1
40.39,5.43,3.0,15.37,22.55,182.6,5.11,1
49.14,4.41,5.0,12.2,19.79,152.38,5.52,0
56.61,4.52,4.0,11.57,21.34,65.02,5.51,0
37.26,5.69,4.0,10.61,19.48,179.48,5.17,1
44.26,3.51,3.0,14.47,19.13,81.1,4.99,0
51.33,5.33,4.0,12.98,20.57,69.36,5.61,0
47.81,2.95,3.0,8.3,28.97,199.59,5.23,1
55.24,4.19,4.0,9.14,19.04,137.77,5.42,0
48.25,5.83,4.0,15.11,21.33,107.9,5.44,0
27.53,4.9,5.0,14.93,24.18,132.91,5.37,1
55.93,5.3,4.0,15.31,21.37,205.23,5.51,0
55.82,3.71,4.0,11.55,25.04,76.43,5.4,1
53.54,3.99,3.0,14.95,18.31,157.22,5.33,1
29.71,3.93,4.0,14.69,25.5,96.0,4.99,0
35.84,4.75,4.0,10.94,25.78,57.29,5.12,1
50.71,4.37,4.0,8.59,25.43,116.49,5.39,1
24.34,3.89,3.0,16.04,24.1,137.5,4.71,0
56.74,3.94,3.0,7.79,22.62,70.38,5.29,1
36.86,3.83,3.0,12.18,22.16,107.25,4.81,0
50.12,4.27,5.0,12.9,20.97,134.9,5.51,0
59.36,3.68,4.0,13.94,24.46,129.5,5.43,0
37.86,5.56,3.0,10.44,19.89,162.79,4.98,0
36.58,4.6,5.0,13.87,20.51,169.78,5.36,1
46.28,3.34,3.0,9.1,26.48,109.06,5.11,1
47.52,5.12,4.0,14.55,18.95,100.72,5.43,0
43.96,5.39,4.0,9.87,18.44,125.96,5.18,1
45.09,3.56,5.0,13.64,25.42,134.65,5.36,1
56.84,3.5,4.0,13.52,22.24,60.52,5.42,0
43.29,3.02,4.0,9.15,28.64,95.43,5.31,1
33.14,3.15,5.0,9.87,29.72,77.21,5.2,1
41.59,5.17,3.0,14.45,29.51,101.55,4.99,0
39.86,5.92,5.0,7.79,23.94,184.5,5.54,0
28.93,3.0,5.0,9.46,20.26,151.47,5.12,1
31.78,5.38,5.0,11.7,24.48,109.46,5.14,1
51.0,3.38,3.0,15.79,24.15,134.15,5.15,1
38.39,4.49,3.0,12.78,25.07,158.28,4.99,0
59.35,5.12,4.0,11.34,22.0,142.7,5.63,0
35.49,3.85,4.0,15.5,18.86,107.5,5.09,1
30.61,2.93,4.0,10.93,20.59,158.71,4.92,0
53.91,4.78,5.0,11.31,19.03,53.59,5.52,0
57.03,5.74,4.0,11.7,20.0,126.8,5.59,0
34.42,3.63,4.0,11.07,29.25,126.49,5.1,1
32.34,3.41,4.0,10.9,18.65,154.73,4.84,0
33.72,3.4,3.0,13.68,24.03,197.08,4.79,0
41.77,4.68,3.0,8.49,29.59,157.91,5.18,1
42.08,4.68,3.0,13.22,21.56,132.98,5.12,1
33.36,5.41,5.0,9.56,24.05,75.83,5.41,0
26.63,5.17,4.0,11.75,26.63,141.49,5.04,1
44.2,5.64,4.0,8.79,21.86,171.47,5.46,0
58.93,5.68,4.0,13.08,23.17,187.04,5.71,0
47.93,3.95,4.0,13.7,27.8,176.04,5.28,1
39.84,4.47,5.0,11.38,25.95,69.23,5.47,0
30.24,4.02,5.0,8.74,28.41,154.11,5.13,1
35.03,4.12,4.0,10.05,29.67,175.3,5.03,1
39.29,5.62,5.0,14.24,23.09,145.26,5.5,0
51.2,5.18,4.0,9.56,26.67,136.46,5.47,0
56.08,6.16,4.0,14.29,24.88,135.44,5.79,0
57.02,4.07,5.0,11.06,25.53,140.15,5.7,0
62.36,4.47,4.0,9.16,27.44,103.27,5.59,0
59.21,4.62,4.0,13.21,26.56,71.63,5.58,0
58.87,3.36,4.0,11.71,29.0,164.18,5.51,0
28.63,3.8,4.0,8.21,21.96,183.02,4.9,0
30.16,4.63,4.0,15.9,24.58,198.45,5.02,1
34.84,3.26,4.0,9.57,21.05,113.75,4.93,0
44.71,5.58,4.0,10.81,24.37,63.75,5.34,1
30.36,3.53,3.0,11.84,27.02,94.01,4.63,0
52.71,3.77,5.0,12.01,26.76,171.48,5.69,0
46.83,5.26,4.0,14.14,23.57,151.77,5.33,1
42.69,3.28,5.0,7.39,24.04,189.41,5.31,1
32.98,5.46,3.0,15.35,21.89,85.56,4.98,0
31.06,5.26,4.0,13.03,20.41,122.4,5.17,1
29.58,3.3,4.0,16.0,21.7,168.66,4.86,0
55.51,5.07,5.0,14.73,28.89,76.29,5.71,0
48.32,5.07,3.0,14.94,21.22,194.08,5.16,1
50.61,5.22,5.0,12.88,28.6,130.52,5.68,0
34.34,5.57,4.0,11.13,20.47,45.1,5.22,1
41.44,5.0,4.0,12.16,26.32,60.45,5.16,1
36.51,4.76,4.0,13.62,24.97,184.23,5.08,1
47.56,3.94,3.0,11.73,26.19,146.72,5.28,1
52.84,5.13,4.0,13.87,26.13,171.35,5.49,0
31.32,5.81,3.0,8.89,26.12,171.35,4.85,0
56.07,4.74,4.0,15.15,28.86,124.37,5.6,0
30.52,5.12,4.0,9.09,25.53,166.22,5.09,1
56.81,4.24,4.0,15.41,19.01,187.25,5.47,0
27.47,5.02,3.0,8.92,21.16,65.66,4.98,0
31.91,6.26,3.0,9.18,26.13,161.26,4.93,0
56.23,3.7,3.0,15.0,23.51,103.72,5.26,1
32.47,3.41,3.0,14.31,24.07,108.33,4.72,0
39.3,4.73,4.0,12.93,24.86,119.38,5.17,1
44.13,4.36,3.0,15.51,23.07,165.62,5.06,1
31.61,4.76,5.0,10.53,27.16,61.74,5.14,1
47.06,3.2,3.0,14.83,25.86,100.77,5.3,1
53.53,4.17,3.0,10.99,27.7,159.0,5.34,1
55.53,4.63,5.0,12.19,26.8,63.73,5.65,0
37.33,4.65,3.0,11.04,27.83,174.27,5.06,1
43.14,4.83,4.0,8.26,24.83,180.92,5.36,1
34.34,5.03,5.0,12.26,29.67,72.73,5.39,1
31.27,4.91,5.0,14.87,20.46,61.48,5.17,1
33.29,5.26,4.0,9.63,24.91,190.89,5.06,1
57.75,4.98,3.0,15.21,27.2,71.92,5.28,1
58.13,4.84,4.0,11.99,24.57,48.13,5.58,0
52.84,4.73,5.0,9.39,21.11,193.54,5.6,0
43.96,3.34,5.0,13.07,24.43,197.98,5.32,1
43.22,3.9,3.0,10.0,21.76,169.18,4.97,0
44.36,4.65,4.0,8.59,28.77,133.46,5.35,1
44.96,5.63,4.0,13.18,22.28,196.6,5.36,1
42.65,5.16,3.0,9.66,20.51,150.11,5.07,1
29.97,3.35,4.0,8.87,25.58,152.69,4.95,0
30.7,4.59,3.0,14.23,22.34,173.93,4.84,0
58.17,3.8,4.0,8.19,17.98,149.52,5.41,0
44.51,5.34,3.0,14.63,24.79,129.79,5.22,1
57.12,5.36,4.0,14.5,24.68,103.99,5.65,0
34.03,4.79,3.0,8.36,20.25,124.9,4.97,0
44.33,4.88,4.0,12.97,25.0,127.94,5.4,0
29.64,3.99,3.0,9.3,24.88,110.54,4.83,0
34.1,4.51,5.0,12.9,28.24,108.89,5.32,1
24.8,5.96,3.0,8.05,22.54,169.9,4.65,0
30.7,5.05,4.0,15.7,20.77,127.4,5.0,0
55.89,4.34,3.0,9.7,29.09,62.87,5.39,1
35.43,4.16,3.0,13.61,24.59,103.01,5.0,0
42.81,3.26,3.0,9.11,19.31,84.99,4.89,0
40.45,3.39,3.0,9.89,27.69,171.5,4.95,0
34.57,3.81,3.0,12.2,20.39,125.21,4.71,0
40.71,3.91,4.0,12.81,27.1,104.16,5.34,1
32.95,5.94,4.0,15.56,27.18,156.39,5.0,0
61.04,4.42,3.0,8.77,30.81,42.65,5.43,0
54.42,3.97,4.0,8.67,29.88,86.3,5.44,0
49.18,3.63,4.0,12.09,21.35,171.84,5.34,1
41.32,3.89,3.0,10.47,27.22,127.37,5.01,1
30.34,5.36,4.0,15.17,20.32,156.23,5.13,1
55.09,4.28,3.0,14.45,26.06,171.37,5.41,0
39.71,5.26,3.0,15.27,25.28,180.37,4.99,0
28.36,5.4,4.0,8.93,18.97,75.8,4.97,0
36.57,3.33,5.0,12.09,17.66,169.73,5.14,1
52.86,4.53,5.0,13.65,18.46,155.85,5.55,0
47.18,5.88,5.0,9.81,19.25,85.68,5.64,0
47.53,4.1,4.0,13.12,21.73,197.3,5.38,1
52.33,3.07,3.0,9.09,28.67,117.97,5.16,1
31.17,6.0,4.0,10.9,25.49,191.47,5.08,1
55.49,5.45,3.0,14.04,27.87,135.88,5.61,0
39.81,4.7,3.0,10.01,27.31,126.68,5.07,1
50.66,4.62,3.0,14.86,26.72,79.89,5.23,1
26.26,3.6,4.0,10.32,22.3,182.99,4.89,0
58.72,5.58,4.0,8.86,27.04,133.46,5.7,0
35.88,4.55,3.0,10.19,27.89,54.01,4.97,0
29.74,3.19,4.0,9.02,27.34,58.82,4.96,0
42.74,5.2,4.0,12.04,29.13,152.75,5.33,1
29.63,5.8,5.0,8.91,25.3,79.87,5.19,1
29.14,5.39,3.0,13.2,23.44,137.98,4.78,0
48.41,3.66,4.0,14.44,28.4,157.71,5.28,1
39.47,3.03,3.0,11.14,24.02,97.95,4.86,0
58.9,6.28,4.0,8.25,27.05,147.93,5.75,0
37.34,6.0,3.0,10.94,17.03,96.55,4.99,0
52.35,4.39,3.0,14.09,17.86,202.39,5.27,1
40.16,4.72,4.0,12.99,24.21,190.25,5.22,1
50.52,4.47,3.0,8.82,18.98,95.47,5.13,1
46.35,4.35,3.0,11.73,30.15,129.55,5.08,1
45.36,3.45,5.0,11.34,18.5,131.9,5.33,1
56.98,3.25,3.0,10.7,26.76,199.71,5.2,1
40.18,3.68,4.0,8.85,21.64,106.69,5.06,1
31.56,5.56,4.0,15.61,28.66,137.45,5.05,1
47.53,3.45,3.0,9.21,22.91,189.03,5.05,1
53.72,3.33,4.0,9.82,18.69,67.75,5.45,0
25.82,4.61,3.0,8.95,17.53,142.66,4.72,0
41.52,3.51,4.0,12.52,23.67,66.33,5.08,1
57.2,3.52,3.0,12.44,29.34,158.57,5.21,1
50.19,5.16,3.0,9.42,29.39,92.23,5.19,1
59.67,4.16,4.0,10.68,22.47,190.76,5.46,0
47.53,4.83,5.0,13.71,23.42,112.55,5.47,0
51.27,5.88,4.0,9.97,18.67,79.26,5.42,0
36.39,3.53,5.0,15.19,23.92,178.21,5.24,1
58.23,5.81,4.0,10.13,25.89,175.52,5.74,0
38.04,5.8,4.0,9.48,21.01,145.42,5.24,1
51.98,5.81,4.0,16.29,25.19,153.28,5.56,0
37.23,4.71,5.0,14.81,28.73,92.21,5.34,1
44.19,4.93,4.0,11.1,18.8,135.67,5.25,1
47.13,4.78,4.0,14.15,20.24,51.55,5.29,1
43.54,5.16,4.0,11.68,21.32,83.4,5.25,1
57.94,2.91,4.0,9.61,19.63,182.14,5.44,0
38.79,5.8,3.0,14.39,19.9,173.41,5.16,1
50.54,4.71,4.0,14.41,27.05,94.14,5.58,0
34.73,5.49,4.0,10.59,18.55,54.45,5.11,1
36.59,4.27,5.0,12.76,26.68,185.03,5.41,0
40.81,2.85,4.0,10.95,27.84,48.99,5.01,1
31.32,4.54,5.0,7.73,29.69,82.5,5.16,1
31.3,4.41,4.0,15.77,26.95,83.37,4.96,0
47.52,4.11,4.0,12.71,21.43,47.87,5.33,1
49.92,3.99,3.0,12.13,19.76,100.69,5.07,1
48.13,3.7,5.0,12.92,20.68,184.24,5.48,0
25.37,4.96,4.0,12.79,29.27,107.52,4.91,0
38.05,4.2,3.0,10.15,28.46,121.27,4.91,0
33.12,5.7,3.0,16.06,23.86,161.99,4.93,0
49.35,3.43,3.0,14.12,22.19,131.98,5.19,1
57.83,4.12,4.0,13.33,23.8,151.59,5.47,0
36.16,4.21,4.0,11.8,22.32,140.21,5.05,1
47.23,4.38,5.0,10.0,29.2,148.84,5.52,0
30.26,4.21,4.0,8.58,20.95,150.51,4.93,0
35.54,5.22,4.0,10.99,22.29,178.08,5.03,1
30.33,5.91,4.0,9.49,23.6,159.03,5.1,1
33.91,3.72,5.0,12.88,19.46,169.91,5.22,1
47.39,5.16,5.0,15.11,21.7,58.35,5.66,0
56.81,2.67,3.0,11.02,28.35,149.59,5.3,1
34.24,3.79,5.0,10.84,20.35,160.39,5.21,1
44.97,4.44,4.0,13.75,24.98,110.22,5.21,1
48.87,3.23,5.0,9.09,23.38,186.55,5.48,0
59.77,4.69,5.0,15.75,19.35,107.67,5.79,0
41.12,5.05,4.0,11.02,18.08,91.26,5.34,1
36.04,5.1,3.0,8.42,20.91,174.56,4.93,0
43.7,4.59,4.0,9.53,19.16,88.01,5.35,1
35.55,4.67,3.0,15.06,22.52,114.14,4.94,0
57.1,4.13,4.0,9.72,28.13,97.88,5.52,0
36.61,2.96,3.0,13.38,27.27,181.7,4.86,0
51.12,3.4,4.0,9.37,29.83,116.7,5.32,1
24.95,5.09,5.0,9.06,23.27,166.61,5.07,1
39.64,5.95,3.0,15.46,25.88,152.88,5.11,1
55.54,3.06,4.0,9.41,26.0,153.6,5.35,1
47.24,4.44,4.0,7.86,20.27,184.3,5.23,1
40.68,5.2,4.0,11.38,21.39,159.71,5.29,1
55.4,5.47,3.0,14.84,24.17,119.2,5.56,0
56.72,5.05,3.0,10.43,26.99,198.3,5.4,1
35.37,4.69,4.0,9.08,22.29,138.48,5.15,1
41.2,5.32,4.0,15.71,20.29,59.64,5.2,1
41.35,5.74,4.0,12.59,30.02,105.05,5.4,1
49.89,3.41,3.0,14.65,18.56,147.65,5.02,1
38.25,6.05,4.0,13.9,29.51,72.28,5.19,1
32.91,3.14,4.0,13.85,28.88,140.27,4.95,0
56.3,5.57,3.0,10.79,28.73,113.89,5.46,0
56.75,3.22,4.0,11.28,28.52,124.13,5.41,0
58.33,3.77,4.0,12.96,20.74,45.22,5.36,1
59.94,3.18,4.0,14.27,26.32,174.89,5.51,0
51.87,4.24,5.0,15.51,26.65,87.9,5.52,0
53.65,3.79,4.0,12.9,26.5,72.08,5.38,1
52.13,3.47,4.0,10.39,19.6,101.0,5.12,1
41.34,4.23,3.0,12.39,20.94,123.31,4.96,0
40.62,4.2,3.0,12.75,22.85,152.34,5.1,1
33.28,5.49,3.0,10.96,23.46,124.98,5.12,1
47.5,5.61,4.0,14.91,24.74,69.57,5.42,0
36.47,4.95,5.0,12.63,27.53,169.32,5.36,1
34.12,3.38,3.0,8.17,27.44,127.78,4.8,0
46.86,4.02,3.0,13.06,26.8,66.76,5.1,1
39.2,5.39,4.0,12.65,20.12,152.53,5.19,1
32.8,3.18,4.0,15.56,23.95,170.13,4.94,0
49.89,4.25,4.0,11.07,21.83,146.9,5.56,0
56.8,6.02,4.0,12.55,20.87,107.16,5.54,0
31.51,5.77,5.0,11.83,18.38,100.63,5.23,1
27.09,3.94,3.0,11.64,21.98,128.79,4.7,0
31.44,5.1,4.0,8.22,21.04,56.61,5.14,1
56.75,4.27,4.0,15.73,24.77,95.6,5.5,0
54.11,5.07,4.0,15.64,19.3,195.88,5.61,0
31.88,3.0,5.0,12.35,21.46,154.23,5.14,1
50.19,3.4,3.0,12.55,18.64,109.78,5.3,1
30.18,4.75,4.0,8.34,24.91,68.32,4.94,0
36.72,3.36,4.0,13.33,24.57,160.64,5.18,1
58.8,5.14,5.0,11.35,22.56,70.55,5.82,0
35.25,4.25,4.0,13.76,19.82,77.16,4.94,0
30.04,5.76,4.0,8.85,29.91,65.57,4.99,0
40.2,5.28,5.0,13.37,26.09,160.67,5.51,0
48.29,4.45,4.0,10.94,26.74,156.64,5.41,0
58.56,5.32,4.0,12.58,24.46,53.11,5.63,0
59.61,3.9,4.0,13.69,27.38,75.57,5.5,0
28.11,4.58,3.0,9.66,27.22,141.72,4.65,0
34.24,3.48,4.0,11.42,22.5,149.36,4.88,0
52.57,5.59,5.0,13.92,26.1,150.05,5.87,0
34.84,5.54,4.0,12.65,21.04,70.15,5.1,1
57.9,5.94,4.0,8.13,25.7,164.36,5.69,0
50.25,5.74,5.0,11.29,22.6,187.0,5.62,0
31.1,6.0,4.0,10.43,17.0,133.64,5.02,1
55.31,3.69,5.0,13.52,28.92,75.68,5.59,0
29.07,6.02,4.0,13.0,28.7,151.55,5.2,1
42.82,4.77,5.0,8.21,22.56,111.96,5.42,0
42.22,4.14,3.0,12.41,29.94,42.33,5.04,1
43.09,4.9,4.0,13.52,22.0,95.58,5.15,1
47.63,4.14,4.0,14.88,24.09,190.67,5.41,0
47.72,3.8,4.0,8.17,27.7,113.21,5.28,1
60.32,3.65,5.0,11.11,21.93,189.91,5.8,0
60.57,3.3,4.0,11.27,22.94,125.72,5.53,0
43.85,4.56,4.0,9.44,26.54,126.06,5.37,1
31.29,5.69,4.0,11.81,19.69,55.42,5.02,1
51.31,4.94,4.0,9.09,23.28,146.37,5.51,0
58.73,4.83,4.0,8.86,21.22,63.16,5.55,0
37.91,4.46,3.0,13.19,26.54,125.82,4.95,0
43.32,4.42,4.0,10.08,20.89,83.91,5.2,1
37.62,3.78,5.0,13.83,20.18,104.14,5.34,1
27.9,5.31,4.0,8.74,26.29,126.49,5.0,0
49.82,3.66,4.0,12.5,20.04,62.74,5.24,1
36.82,5.43,4.0,11.38,23.59,67.6,5.14,1
55.09,5.25,4.0,15.05,26.25,201.48,5.6,0
53.84,4.59,3.0,14.43,25.44,58.87,5.34,1
53.97,5.49,4.0,11.13,19.94,84.8,5.59,0
39.26,3.7,4.0,12.36,28.67,100.61,5.18,1
36.28,5.52,3.0,8.75,25.62,110.61,4.98,0
49.2,5.13,3.0,12.8,21.72,157.3,5.25,1
50.41,5.18,4.0,8.61,28.17,66.53,5.57,0
45.12,4.99,4.0,11.27,27.6,129.65,5.29,1
54.7,5.68,4.0,9.56,25.78,140.95,5.51,0
28.22,5.84,3.0,15.05,24.59,103.65,4.94,0
51.82,4.5,4.0,12.02,26.85,198.08,5.5,0
27.19,5.52,4.0,12.77,29.92,190.17,4.99,0
27.94,5.39,4.0,10.57,25.6,73.15,4.99,0
46.7,4.26,4.0,10.71,27.16,98.6,5.3,1
29.21,5.91,3.0,9.53,26.4,65.06,4.8,0
25.59,4.01,5.0,15.51,28.93,87.1,4.99,0
29.16,4.84,3.0,14.21,29.47,117.56,4.79,0
42.07,3.35,4.0,8.8,21.15,127.94,5.16,1
51.51,3.77,3.0,14.0,19.58,110.66,5.15,1
21.63,5.34,4.0,11.36,24.97,93.02,5.05,1
52.04,4.05,3.0,8.32,22.83,91.35,5.14,1
51.26,4.27,5.0,12.12,24.8,203.07,5.74,0
27.86,3.59,4.0,8.29,26.68,178.16,5.08,1
32.02,4.54,4.0,9.5,28.9,55.61,4.83,0
59.61,5.21,3.0,13.89,22.11,147.6,5.57,0
56.35,5.81,3.0,9.94,27.03,133.29,5.42,0
44.9,3.02,4.0,15.04,20.84,152.41,5.31,1
54.76,4.81,4.0,13.66,23.33,147.96,5.47,0
29.82,4.5,4.0,14.37,19.13,183.7,4.88,0
40.2,4.73,5.0,12.29,25.55,56.23,5.42,0
51.34,4.43,4.0,14.88,24.53,100.48,5.45,0
34.2,4.24,5.0,10.69,26.4,196.49,5.29,1
51.22,4.34,3.0,12.0,27.55,82.0,5.33,1
41.27,4.59,4.0,12.06,21.48,79.81,5.24,1
50.74,4.19,4.0,15.43,18.11,162.1,5.45,0
38.15,4.47,4.0,9.32,19.51,175.85,5.24,1
37.7,5.21,5.0,12.75,30.53,143.28,5.43,0
30.85,5.25,4.0,14.78,29.32,163.17,5.12,1
30.26,3.98,5.0,10.82,21.59,148.46,5.2,1
51.63,5.51,4.0,15.05,20.51,72.85,5.54,0
31.72,5.51,3.0,10.77,22.99,138.4,4.93,0
29.7,3.41,4.0,9.04,25.68,172.19,4.83,0
28.29,4.86,4.0,12.43,22.33,172.54,4.94,0
29.32,3.91,5.0,11.16,18.45,87.24,5.16,1
55.54,5.27,5.0,8.27,21.87,74.45,5.65,0
37.15,3.79,3.0,9.52,21.88,151.1,4.87,0
59.25,4.77,3.0,9.27,21.59,105.03,5.44,0
30.81,3.88,3.0,13.98,19.21,52.59,4.82,0
46.09,4.63,4.0,15.11,25.8,158.02,5.34,1
40.9,5.69,3.0,12.53,24.34,127.13,5.09,1
36.3,4.1,4.0,8.95,20.22,99.26,5.2,1
54.53,5.62,4.0,12.8,24.81,51.06,5.56,0
59.74,5.94,5.0,13.85,23.25,63.02,5.9,0
52.62,5.67,3.0,13.03,28.66,174.72,5.55,0
32.54,3.72,4.0,10.13,29.82,125.82,5.06,1
32.69,5.63,3.0,9.44,19.35,76.01,5.03,1
48.97,2.9,5.0,14.57,28.14,102.99,5.41,0
35.53,4.28,3.0,13.6,26.43,88.64,4.96,0
53.23,5.82,3.0,8.66,26.68,55.37,5.35,1
45.05,5.13,3.0,14.69,22.48,92.49,5.24,1
43.49,4.77,5.0,8.33,21.97,132.91,5.32,1
54.22,4.47,3.0,8.11,18.14,87.84,5.13,1
50.87,5.6,4.0,13.67,29.43,95.02,5.57,0
26.02,5.17,4.0,12.34,25.09,108.11,4.97,0
26.8,4.56,4.0,11.06,21.51,114.22,5.04,1
44.77,5.7,3.0,15.43,25.1,71.49,5.25,1
40.8,3.69,3.0,13.54,18.69,67.41,4.99,0
31.53,3.46,4.0,8.11,19.62,45.4,5.08,1
42.86,5.17,3.0,12.47,26.68,111.5,5.01,1
49.25,5.79,4.0,14.08,24.25,176.25,5.6,0
52.66,3.98,4.0,12.18,26.76,66.76,5.44,0
43.32,3.83,4.0,16.19,26.43,157.94,5.14,1
40.13,3.2,3.0,12.73,25.45,154.23,4.9,0
33.93,5.64,4.0,8.85,28.04,50.71,5.23,1
45.56,3.35,3.0,9.82,18.54,58.39,4.99,0
34.78,4.61,4.0,15.37,26.58,74.69,5.24,1
45.25,6.11,3.0,15.77,26.44,70.52,5.16,1
47.15,2.95,5.0,8.92,21.64,121.01,5.32,1
31.25,4.69,4.0,8.06,19.12,42.35,4.95,0
22.86,4.84,3.0,13.13,20.33,179.02,4.76,0
33.0,5.34,3.0,8.85,21.47,106.17,4.9,0
57.47,3.9,4.0,8.55,23.82,157.61,5.52,0
48.38,4.46,3.0,15.59,19.23,186.9,5.22,1
30.68,3.81,3.0,13.84,25.62,125.91,4.74,0
55.92,5.22,5.0,15.26,18.55,180.07,5.76,0
41.53,5.51,4.0,13.96,16.93,198.05,5.42,0
41.39,3.62,3.0,10.75,21.66,103.5,5.03,1
59.51,4.06,4.0,15.36,20.38,70.15,5.44,0
31.14,5.6,3.0,10.39,29.87,109.66,4.82,0
31.51,3.2,5.0,9.56,21.51,75.4,5.08,1
42.98,4.16,3.0,15.64,20.73,142.85,5.11,1
31.68,4.75,4.0,13.2,21.03,108.71,5.05,1
53.52,3.86,4.0,15.38,22.38,127.76,5.25,1
31.01,4.13,3.0,8.61,24.94,159.6,4.84,0
31.48,4.3,3.0,15.14,27.23,101.12,4.76,0
35.32,3.49,4.0,13.49,22.76,128.6,4.97,0
38.78,4.64,5.0,13.2,26.38,102.46,5.29,1
32.2,5.36,4.0,15.9,23.41,160.43,5.09,1
32.7,4.86,4.0,11.02,28.26,138.13,5.0,1
54.41,3.34,4.0,13.01,25.01,56.66,5.36,1
35.84,5.6,5.0,13.48,20.88,145.54,5.47,0
36.56,3.53,4.0,14.06,26.41,68.85,5.12,1
25.07,5.38,4.0,15.47,26.89,153.69,5.17,1
36.32,3.69,4.0,13.45,22.5,140.55,5.14,1
32.02,5.3,3.0,7.91,30.03,105.3,4.85,0
46.43,3.66,5.0,9.54,28.26,153.18,5.38,1
30.78,3.38,3.0,16.53,20.53,178.62,4.76,0
56.52,4.55,3.0,15.95,27.39,151.86,5.27,1
54.68,3.07,5.0,15.72,24.59,120.34,5.61,0
29.1,3.95,4.0,8.73,24.37,161.02,5.01,1
30.29,5.42,3.0,11.15,23.44,106.36,4.95,0
25.38,5.44,3.0,14.17,29.06,176.64,4.94,0
47.37,3.22,4.0,13.57,24.46,181.93,5.37,1
31.52,5.64,5.0,8.79,24.38,76.2,5.18,1
52.61,5.32,3.0,13.3,17.95,99.88,5.32,1
54.47,5.64,3.0,8.8,23.75,89.85,5.37,1
54.46,4.98,4.0,12.53,28.69,79.96,5.43,0
42.12,4.84,5.0,9.88,26.18,104.35,5.45,0
59.78,4.68,3.0,8.07,19.13,98.11,5.45,0
27.58,5.06,5.0,9.05,28.62,154.76,5.16,1
39.18,5.63,5.0,15.17,28.22,65.29,5.43,0
37.33,3.44,3.0,14.27,23.99,93.51,4.75,0
56.51,3.85,5.0,15.33,17.43,160.39,5.72,0
45.5,3.26,4.0,11.74,24.77,108.65,5.25,1
50.62,5.96,4.0,11.51,18.5,108.08,5.57,0
30.76,4.33,4.0,10.99,22.19,176.51,4.98,0
57.59,5.1,5.0,12.12,25.45,198.31,5.81,0
41.1,5.44,4.0,10.35,29.13,136.23,5.3,1
44.55,5.94,4.0,14.35,21.29,55.4,5.4,0
60.98,3.45,5.0,14.36,29.47,52.01,5.66,0
39.45,5.28,4.0,14.8,28.9,197.14,5.28,1
36.9,5.63,5.0,9.39,18.73,158.95,5.28,1
44.89,2.91,5.0,11.78,20.38,161.14,5.42,0
31.71,5.18,3.0,8.96,26.69,162.59,4.85,0
36.5,4.02,3.0,8.26,26.29,71.41,4.9,0
36.02,4.91,4.0,13.42,22.98,109.08,5.01,1
29.34,4.5,5.0,12.0,25.68,169.18,5.14,1
55.67,3.77,3.0,13.76,25.32,179.36,5.34,1
45.06,3.48,4.0,8.85,27.33,91.6,5.33,1
37.8,3.49,3.0,16.81,25.84,133.36,4.94,0
39.02,3.21,4.0,15.33,18.58,84.26,5.13,1
41.4,4.72,4.0,12.19,20.18,209.03,5.3,1
48.92,3.89,3.0,15.33,20.9,87.49,4.97,0
56.0,3.57,5.0,9.63,29.11,168.74,5.56,0
55.21,5.03,3.0,13.98,29.37,76.47,5.3,1
35.33,4.94,5.0,14.84,27.53,150.78,5.55,0
37.45,4.42,3.0,14.6,20.6,157.06,5.04,1
38.76,5.73,5.0,15.11,23.82,106.03,5.56,0
40.93,4.19,4.0,11.95,20.26,172.68,5.26,1
41.87,5.6,3.0,14.77,21.39,159.78,4.98,0
52.64,3.13,3.0,13.35,19.65,173.3,5.06,1
44.39,5.16,3.0,8.45,28.08,94.72,5.27,1
37.76,5.82,4.0,8.82,19.79,154.08,5.21,1
37.25,5.54,5.0,14.67,25.62,134.85,5.34,1
38.07,4.61,4.0,12.38,29.73,135.63,5.04,1
30.0,4.97,4.0,11.73,28.12,115.17,5.06,1
30.28,3.78,4.0,15.31,18.84,131.75,5.02,1
50.8,4.98,4.0,12.88,29.22,64.72,5.4,1
39.21,5.36,4.0,10.85,25.3,120.04,5.22,1
31.28,6.03,4.0,11.14,23.68,71.55,5.04,1
46.51,4.9,4.0,12.28,25.75,87.99,5.25,1
51.12,3.23,5.0,13.68,28.25,65.64,5.52,0
32.62,4.63,4.0,12.8,24.83,84.54,5.09,1
54.93,3.35,3.0,11.54,25.13,170.86,5.26,1
55.81,3.45,3.0,13.17,23.48,108.77,5.25,1
45.96,3.98,4.0,13.38,17.47,61.46,5.28,1
48.39,5.06,4.0,14.94,27.18,179.49,5.45,0
28.83,3.69,5.0,8.42,21.18,178.22,5.23,1
58.96,3.41,4.0,13.85,22.56,174.52,5.48,0
38.69,3.12,4.0,12.13,23.28,169.99,5.02,1
58.84,5.52,4.0,7.89,22.29,192.91,5.63,0
47.81,5.35,3.0,13.63,22.94,139.75,5.17,1
26.18,3.07,5.0,13.89,24.88,179.23,4.93,0
26.37,3.37,3.0,12.02,20.19,183.59,4.68,0
46.41,4.81,4.0,14.76,20.52,109.0,5.27,1
42.73,3.93,5.0,9.94,27.9,172.27,5.44,0
25.37,4.85,4.0,10.08,29.71,178.59,4.86,0
49.9,4.36,5.0,10.87,22.73,169.17,5.59,0
54.48,5.47,4.0,11.14,21.74,170.3,5.69,0
42.48,3.82,5.0,13.56,18.62,112.55,5.51,0
42.27,5.17,4.0,14.72,18.57,109.08,5.24,1
25.06,3.15,4.0,14.27,22.01,142.45,4.83,0
53.42,5.65,3.0,8.95,29.94,162.61,5.36,1
36.7,5.93,3.0,10.62,26.43,185.7,5.05,1
52.13,5.49,4.0,9.69,21.16,186.91,5.52,0
36.34,4.59,3.0,13.25,29.53,167.38,5.02,1
44.52,3.65,4.0,10.36,23.12,196.68,5.21,1
32.24,5.59,5.0,12.89,21.4,66.08,5.48,0
31.72,5.15,5.0,14.17,23.94,188.91,5.24,1
54.93,3.4,3.0,13.65,20.35,82.54,5.08,1
44.62,4.21,5.0,9.92,28.53,138.95,5.38,1
43.39,4.63,3.0,10.97,21.62,81.96,4.99,0
61.53,5.44,4.0,13.31,26.41,146.07,5.78,0
58.99,5.01,5.0,12.59,22.81,110.38,5.73,0
54.33,4.88,3.0,8.51,28.54,64.55,5.26,1
30.44,5.25,3.0,14.31,24.52,146.91,4.85,0
45.24,4.06,3.0,12.31,24.8,146.16,5.09,1
55.03,4.47,4.0,10.95,18.84,76.24,5.56,0
38.42,3.12,5.0,9.46,28.43,163.63,5.35,1
28.83,5.41,3.0,11.4,24.82,72.23,4.85,0
53.39,4.06,3.0,10.74,20.66,73.81,5.25,1
42.66,4.55,4.0,10.97,27.57,78.74,5.26,1
46.94,3.56,3.0,12.96,17.38,132.81,4.96,0
61.12,3.66,4.0,11.43,22.25,163.28,5.41,0
43.52,4.59,5.0,15.12,24.06,131.57,5.56,0
35.18,3.61,4.0,15.51,23.91,164.99,5.09,1
39.67,3.06,5.0,9.11,23.08,128.67,5.23,1
37.11,5.21,4.0,8.42,20.63,162.58,5.23,1
28.73,4.05,5.0,14.05,19.25,207.56,5.17,1
50.67,4.05,3.0,15.13,18.55,101.47,5.36,1
51.01,4.42,3.0,14.93,19.61,73.49,5.3,1
35.94,5.27,4.0,8.09,29.78,66.38,5.12,1
37.02,3.99,3.0,9.33,24.29,148.79,4.8,0
54.54,5.46,5.0,8.52,23.04,142.32,5.76,0
21.08,5.74,4.0,14.86,21.49,84.33,4.95,0
42.22,4.87,5.0,12.74,25.12,184.69,5.51,0
41.95,4.26,4.0,11.98,19.38,191.7,5.37,1
46.43,5.42,4.0,12.68,21.11,78.71,5.4,1
31.06,4.4,4.0,10.3,25.51,96.15,4.97,0
48.36,4.16,3.0,12.94,24.47,76.18,5.12,1
39.25,4.66,4.0,7.91,27.96,113.27,5.22,1
46.88,3.78,4.0,13.28,28.59,186.26,5.36,1
24.61,3.42,5.0,14.37,26.79,135.07,5.05,1
43.36,4.3,4.0,13.14,19.85,68.19,5.21,1
42.99,3.32,3.0,11.52,18.73,126.86,5.07,1
32.45,4.1,4.0,14.4,19.59,76.97,5.11,1
28.18,4.53,4.0,13.73,26.97,107.24,5.01,1
30.79,5.87,3.0,8.76,28.6,100.48,4.93,0
35.42,3.3,4.0,9.65,28.86,143.36,5.06,1
28.07,4.76,3.0,12.39,21.21,134.03,4.79,0
61.3,4.44,3.0,10.1,28.23,181.65,5.36,1
36.65,2.73,4.0,8.51,24.62,49.33,4.98,0
50.35,3.66,3.0,9.3,27.34,151.22,5.11,1
61.8,3.36,4.0,9.73,25.39,57.07,5.47,0
27.45,3.51,3.0,12.08,19.19,110.97,4.64,0
46.58,3.67,4.0,11.89,18.0,185.52,5.27,1
57.41,4.1,3.0,10.24,29.74,158.35,5.26,1
46.09,4.64,5.0,13.82,22.59,80.26,5.55,0
43.37,2.97,3.0,9.93,22.4,126.69,4.85,0
41.33,3.14,4.0,10.55,20.81,165.56,5.04,1
25.36,2.95,4.0,9.86,23.36,193.68,4.82,0
47.67,4.56,3.0,14.01,29.72,142.66,5.14,1
58.66,4.06,4.0,15.76,17.87,47.5,5.45,0
59.92,4.21,5.0,11.69,18.48,123.06,5.87,0
26.96,3.58,5.0,8.17,28.54,75.35,4.93,0
52.09,2.99,4.0,9.8,24.14,54.74,5.23,1
38.43,6.04,3.0,8.67,18.98,142.25,4.98,0
56.66,3.26,4.0,14.8,17.0,169.92,5.45,0
25.2,3.44,4.0,8.92,20.48,61.89,4.74,0
58.6,3.46,3.0,15.94,20.96,177.5,5.25,1
53.07,5.61,4.0,13.04,18.64,156.61,5.65,0
32.81,4.97,4.0,12.27,19.73,152.61,5.03,1
27.34,4.86,4.0,14.56,25.96,84.01,4.97,0
53.55,6.04,4.0,8.56,28.58,109.34,5.51,0
30.79,3.87,4.0,13.67,29.42,53.69,4.98,0
41.25,5.59,3.0,8.56,21.73,96.62,5.26,1
55.27,3.88,4.0,14.34,22.47,96.51,5.38,1
47.06,4.83,3.0,12.67,30.02,100.87,5.13,1
37.69,4.3,4.0,8.88,27.88,86.94,5.16,1
38.66,4.14,4.0,14.87,24.36,73.39,5.17,1
28.2,5.72,4.0,8.66,19.54,189.67,5.17,1
61.09,3.36,3.0,8.75,21.81,166.74,5.23,1
37.19,6.04,3.0,14.52,24.86,100.27,5.09,1
33.46,3.9,4.0,11.67,23.95,186.08,4.96,0
33.62,5.07,4.0,15.4,17.96,98.78,5.14,1
56.14,5.84,5.0,13.03,29.39,108.07,6.0,0
31.06,2.99,4.0,12.83,23.1,177.45,4.81,0
54.77,5.7,5.0,10.56,26.14,101.79,5.83,0
49.32,4.9,3.0,9.43,19.94,94.4,5.16,1
56.49,5.03,4.0,15.42,27.51,113.5,5.47,0
60.18,3.51,3.0,8.82,26.75,125.86,5.32,1
55.32,4.49,4.0,11.8,19.88,141.33,5.45,0
62.0,5.14,3.0,9.16,25.35,113.92,5.29,1
28.26,4.48,3.0,10.19,25.75,132.54,4.9,0
54.55,3.75,4.0,13.01,27.45,75.86,5.32,1
44.2,3.7,4.0,14.49,20.99,136.39,5.26,1
44.51,5.66,3.0,13.42,27.34,75.8,5.28,1
59.27,3.12,3.0,14.81,23.9,179.94,5.19,1
59.94,5.33,4.0,9.43,18.52,160.17,5.67,0
50.66,5.89,4.0,12.29,20.08,108.16,5.49,0
43.87,3.14,3.0,7.63,20.5,162.02,4.83,0
40.3,3.45,4.0,14.48,21.8,42.16,5.08,1
36.98,5.01,3.0,10.81,24.05,109.72,5.04,1
35.74,3.19,4.0,12.12,25.91,102.02,5.04,1
35.09,4.81,4.0,8.89,19.67,124.71,5.16,1
31.92,5.03,3.0,14.7,30.32,159.76,4.81,0
25.68,4.79,3.0,14.2,20.0,185.27,4.67,0
51.89,4.35,3.0,15.06,25.93,108.58,5.24,1
40.1,5.24,3.0,8.17,29.35,90.47,5.08,1
58.13,4.92,4.0,15.21,27.4,141.91,5.73,0
47.93,3.55,5.0,9.07,25.31,81.11,5.43,0
27.81,4.55,5.0,10.57,26.66,74.79,5.06,1
29.44,5.8,4.0,9.76,18.17,187.0,5.03,1
31.89,5.14,4.0,9.91,19.14,167.89,5.06,1
59.67,4.65,4.0,12.7,23.47,196.09,5.64,0
32.2,3.87,5.0,10.4,19.86,76.68,5.14,1
46.0,3.22,3.0,11.04,21.32,52.25,4.94,0
58.67,3.47,3.0,13.1,21.47,103.8,5.2,1
60.55,2.97,4.0,14.89,30.38,194.92,5.5,0
34.49,6.12,3.0,12.99,27.78,84.45,5.13,1
28.87,3.6,4.0,12.84,28.28,89.36,4.96,0
30.71,5.54,5.0,9.41,26.6,61.01,5.29,1
24.84,3.48,5.0,14.81,18.84,170.94,5.13,1
32.56,3.9,3.0,7.51,18.91,154.02,4.77,0
43.7,4.08,4.0,9.8,26.32,166.01,5.23,1
55.97,3.98,4.0,8.1,25.33,64.05,5.44,0
44.88,4.93,4.0,13.38,23.12,154.73,5.45,0
49.18,5.84,4.0,11.15,22.67,126.94,5.5,0
32.1,5.38,3.0,13.83,22.97,71.72,5.01,1
53.59,3.65,5.0,10.58,20.98,90.73,5.49,0
49.75,5.45,5.0,11.45,21.82,128.9,5.53,0
55.68,3.51,4.0,12.13,22.56,91.11,5.35,1
62.99,5.98,4.0,8.48,25.7,203.46,5.7,0
38.22,4.4,4.0,11.96,29.83,112.97,5.22,1
24.94,4.28,4.0,13.25,25.03,97.62,4.83,0
34.29,3.62,3.0,11.9,26.72,143.91,4.78,0
41.02,3.0,4.0,8.06,28.07,153.52,5.07,1
60.47,3.92,3.0,12.71,19.12,45.59,5.21,1
39.48,5.57,5.0,10.74,27.07,132.29,5.47,0
51.73,5.26,4.0,8.61,23.3,81.88,5.46,0
41.67,5.82,4.0,10.0,26.2,106.05,5.36,1
31.02,3.22,4.0,12.32,18.52,146.8,5.05,1
34.67,4.62,5.0,10.95,28.05,124.62,5.39,1
46.79,3.96,3.0,13.32,30.25,121.75,5.18,1
49.63,4.59,3.0,9.46,18.08,68.39,5.13,1
43.29,4.01,3.0,14.53,21.13,123.28,4.96,0
33.72,3.76,4.0,10.46,20.96,95.04,5.12,1
48.07,4.44,5.0,13.01,27.61,183.62,5.71,0
31.73,3.59,3.0,14.55,24.83,135.04,4.8,0
59.98,4.11,5.0,11.21,20.7,187.29,5.65,0
30.46,4.94,3.0,8.89,27.8,106.12,4.96,0
28.51,3.17,4.0,12.81,22.63,164.46,4.88,0
42.45,6.1,3.0,16.18,22.17,68.43,5.13,1
41.74,4.66,4.0,16.1,22.88,93.96,5.33,1
43.98,5.48,4.0,9.98,23.9,75.18,5.27,1
40.06,5.16,4.0,13.86,24.82,37.2,5.28,1
60.59,5.0,3.0,11.07,21.69,189.32,5.53,0
40.39,5.23,5.0,8.71,23.25,172.45,5.45,0
40.93,5.65,5.0,13.76,29.2,141.05,5.56,0
41.09,4.88,4.0,11.52,23.38,128.14,5.19,1
26.66,4.04,4.0,12.43,30.01,137.7,4.94,0
48.92,3.41,4.0,14.27,25.83,141.45,5.2,1
32.25,4.87,3.0,10.92,27.44,171.57,5.01,1
47.73,2.94,5.0,13.33,22.49,136.87,5.39,1
28.49,3.57,3.0,10.28,27.15,157.41,4.85,0
56.75,3.16,4.0,8.51,20.71,101.68,5.49,0
38.19,4.66,3.0,10.78,18.23,200.09,4.99,0
53.59,3.3,3.0,15.96,20.17,56.75,5.09,1
43.96,5.21,4.0,11.87,18.06,114.3,5.29,1
26.1,5.61,4.0,9.03,29.73,180.24,5.02,1
58.48,5.56,5.0,13.11,30.19,71.07,5.74,0
46.65,3.94,5.0,15.47,26.48,66.5,5.46,0
52.7,4.62,3.0,15.07,19.62,104.81,5.19,1
42.82,4.54,3.0,12.93,29.34,105.95,5.13,1
51.01,4.43,4.0,11.7,27.01,186.1,5.38,1
58.76,5.0,4.0,12.32,22.71,171.38,5.69,0
49.31,3.44,4.0,14.97,23.25,136.16,5.35,1
39.05,5.99,5.0,14.0,26.19,174.28,5.43,0
49.28,3.27,4.0,14.06,17.57,144.9,5.26,1
34.58,3.78,3.0,12.72,25.94,137.68,4.88,0
54.45,3.4,3.0,13.0,18.27,116.13,5.22,1
33.82,5.52,3.0,9.47,19.01,65.15,4.95,0
50.04,3.49,3.0,8.94,20.8,184.2,5.26,1
56.06,4.57,3.0,14.88,28.63,183.08,5.57,0
22.73,4.63,3.0,11.74,23.13,136.09,4.71,0
55.11,6.01,3.0,14.14,26.3,181.89,5.52,0
53.02,5.66,3.0,13.15,17.67,89.55,5.3,1
45.06,3.29,3.0,8.43,22.7,50.81,5.06,1
56.51,4.3,3.0,8.53,17.76,89.53,5.14,1
41.64,5.59,3.0,11.23,22.18,190.09,5.04,1
45.89,3.21,3.0,8.82,22.77,187.57,5.14,1
30.36,6.24,3.0,14.95,23.83,114.52,5.09,1
28.29,5.55,3.0,8.79,19.15,159.24,4.84,0
41.95,5.82,3.0,16.61,22.65,58.8,5.08,1
50.42,4.18,3.0,12.49,30.35,58.5,5.35,1
45.28,4.18,3.0,11.47,26.3,140.29,5.14,1
47.35,3.24,3.0,15.2,24.0,135.61,5.2,1
37.12,3.25,3.0,15.91,27.76,152.27,4.96,0
49.62,3.65,3.0,10.58,27.18,179.3,5.26,1
26.81,5.34,3.0,12.94,24.6,143.69,4.78,0
28.54,4.84,3.0,14.57,28.77,122.11,4.71,0
49.07,4.69,3.0,12.3,26.32,80.35,5.27,1
60.18,3.1,3.0,10.59,26.41,200.91,5.12,1
29.99,4.86,3.0,7.32,26.2,183.71,4.93,0
38.4,4.93,3.0,12.7,26.89,147.34,5.01,1
40.25,5.14,3.0,13.79,18.76,155.89,4.98,0
27.36,5.0,3.0,15.23,30.66,128.02,4.73,0
42.55,3.1,3.0,7.59,21.39,152.82,4.8,0
36.71,4.11,3.0,11.85,21.42,112.35,4.94,0
48.05,5.65,3.0,9.18,19.3,146.59,5.19,1
57.58,3.95,3.0,13.52,18.89,54.84,5.18,1
30.51,4.31,3.0,9.59,24.45,120.78,4.9,0
27.75,5.49,3.0,12.22,23.97,146.69,4.82,0
36.16,4.99,3.0,16.25,22.81,108.66,5.01,1
59.11,3.61,3.0,11.35,26.24,196.85,5.12,1
47.39,3.41,3.0,7.88,29.06,176.52,5.07,1
35.67,5.44,3.0,8.75,20.49,85.52,4.93,0
33.26,5.22,3.0,15.85,25.78,146.93,4.87,0
36.41,3.7,3.0,10.08,28.84,126.88,4.9,0
30.27,3.48,3.0,13.9,20.55,65.03,4.7,0
41.99,4.2,3.0,13.64,19.95,153.28,4.98,0
37.46,5.73,3.0,12.24,25.64,162.02,5.11,1
30.28,5.47,3.0,7.66,30.13,122.5,4.86,0
52.49,5.25,3.0,14.51,19.2,118.48,5.3,1
47.47,5.72,3.0,7.48,26.32,70.3,5.38,1
34.29,3.21,3.0,13.63,25.89,183.53,4.78,0
29.91,6.09,3.0,15.53,24.18,97.84,4.95,0
33.77,4.37,3.0,13.08,25.56,99.87,4.87,0
35.24,4.29,3.0,14.91,27.78,116.75,4.92,0
50.41,3.81,3.0,16.0,20.72,190.24,5.16,1
42.31,5.72,3.0,10.46,21.42,58.55,5.14,1
36.76,3.14,3.0,13.42,28.73,179.38,4.97,0
34.91,2.75,3.0,8.92,20.11,156.35,4.89,0
51.06,3.19,3.0,11.22,24.65,177.02,5.15,1
36.15,3.54,3.0,11.62,18.9,96.35,4.88,0
24.66,4.1,3.0,8.65,24.37,58.88,4.69,0
53.67,3.68,3.0,14.55,28.03,163.17,5.12,1
43.92,4.21,3.0,15.08,20.26,76.2,5.02,1
42.2,5.87,3.0,14.62,20.42,151.64,5.14,1
36.02,4.03,3.0,8.78,25.72,70.24,4.9,0
57.84,3.49,3.0,14.94,21.87,170.88,5.31,1
53.39,4.3,3.0,8.73,28.93,169.87,5.29,1
56.44,4.29,3.0,10.41,28.75,197.29,5.34,1
38.18,5.24,3.0,7.78,22.79,205.46,5.06,1
46.16,3.07,3.0,11.78,18.17,184.15,4.93,0
34.05,5.87,3.0,11.77,27.2,61.4,5.08,1
42.91,3.31,3.0,10.59,23.3,117.85,4.94,0
39.55,5.89,3.0,9.35,24.76,195.09,5.02,1
53.88,4.23,3.0,15.36,26.04,106.71,5.2,1
43.22,5.1,3.0,13.88,19.03,154.47,5.01,1
29.65,3.4,3.0,10.11,28.0,57.06,4.73,0
54.61,3.85,3.0,13.95,18.2,56.27,5.23,1
35.53,3.96,3.0,8.09,24.58,99.72,4.85,0
55.21,5.52,3.0,8.71,25.52,61.99,5.42,0
35.43,5.69,3.0,12.36,23.54,79.59,5.01,1
25.73,4.3,3.0,8.44,17.95,119.19,4.75,0
36.23,3.43,3.0,10.28,23.15,88.28,4.82,0
50.98,3.98,3.0,9.64,27.58,151.48,5.13,1
30.79,4.21,3.0,9.93,18.68,54.59,4.88,0
25.53,5.39,3.0,11.7,25.54,160.74,4.76,0
24.8,5.8,4.0,11.0,25.61,99.66,4.85,0
55.44,4.93,4.0,7.84,18.99,102.16,5.41,0
39.01,5.1,4.0,11.38,19.08,185.52,5.29,1
37.6,3.58,4.0,9.46,22.17,117.0,5.03,1
36.19,5.39,4.0,13.16,21.13,159.1,5.08,1
30.28,3.12,4.0,12.63,27.42,114.82,4.92,0
38.6,3.9,4.0,12.44,27.31,85.5,5.15,1
44.95,5.26,4.0,16.03,21.03,48.9,5.17,1
53.19,3.56,4.0,11.19,24.6,75.84,5.39,1
38.39,4.26,4.0,10.63,18.79,89.4,5.2,1
34.04,4.11,4.0,14.66,17.9,180.54,4.91,0
43.25,4.23,4.0,12.81,20.85,196.12,5.16,1
45.34,3.06,4.0,11.7,24.89,102.9,5.19,1
59.38,3.95,4.0,11.39,18.67,156.32,5.4,1
50.93,5.98,4.0,12.85,19.63,189.11,5.39,1
48.76,3.28,4.0,14.19,25.28,151.63,5.17,1
36.5,3.66,4.0,9.38,26.53,209.03,5.08,1
36.09,4.51,4.0,11.26,21.34,196.23,5.2,1
62.15,4.75,4.0,14.71,28.8,120.49,5.6,0
32.89,5.1,4.0,9.25,25.02,210.36,5.12,1
35.38,3.65,4.0,11.77,18.17,187.27,4.91,0
44.1,5.8,4.0,10.84,28.8,132.34,5.28,1
55.34,5.16,4.0,15.15,29.7,58.55,5.67,0
40.62,4.29,4.0,8.95,19.1,156.5,5.19,1
44.41,5.46,4.0,12.44,20.49,95.55,5.46,0
29.31,4.21,4.0,11.86,24.77,201.22,4.96,0
51.05,4.97,4.0,7.33,17.57,157.47,5.36,1
46.52,3.64,4.0,14.42,23.97,114.38,5.3,1
56.62,4.38,4.0,13.66,24.62,63.83,5.45,0
27.21,2.99,4.0,12.17,19.97,157.92,4.93,0
47.82,4.22,4.0,12.78,27.87,89.06,5.32,1
33.67,4.33,4.0,10.95,23.52,166.68,4.95,0
28.1,3.29,4.0,13.9,29.49,91.87,4.83,0
36.26,4.59,4.0,11.62,30.55,140.36,5.21,1
41.74,4.37,4.0,8.1,29.06,104.59,5.15,1
32.58,3.66,4.0,9.99,25.22,153.51,4.89,0
43.1,3.16,4.0,8.98,26.47,189.9,5.14,1
62.28,5.91,4.0,8.76,21.99,200.0,5.63,0
55.64,3.53,4.0,13.49,23.29,58.21,5.4,1
29.33,5.75,4.0,10.69,23.12,111.66,5.17,1
48.84,5.72,4.0,13.66,19.68,178.55,5.39,1
47.91,5.52,4.0,11.79,23.3,119.32,5.51,0
46.15,3.55,4.0,13.83,24.46,150.21,5.25,1
50.93,4.24,4.0,13.01,21.17,193.99,5.45,0
53.94,5.79,4.0,10.76,22.44,35.5,5.49,0
55.36,5.33,4.0,14.55,26.77,204.55,5.63,0
41.48,5.59,4.0,15.29,20.62,99.43,5.48,0
29.85,4.11,4.0,13.79,18.78,180.33,4.97,0
37.93,3.1,4.0,10.54,19.93,168.94,4.89,0
57.38,4.18,4.0,9.6,23.01,175.98,5.68,0
48.28,3.81,4.0,10.54,28.98,195.65,5.41,0
32.49,5.33,4.0,12.63,20.33,52.37,5.04,1
33.29,5.78,4.0,8.85,20.21,166.31,5.23,1
55.37,3.5,4.0,12.86,24.41,122.61,5.51,0
53.82,3.91,4.0,12.3,25.18,182.75,5.36,1
44.73,3.95,4.0,13.12,27.57,89.8,5.34,1
56.76,4.75,4.0,16.52,30.09,87.84,5.61,0
35.4,5.48,4.0,13.51,28.96,90.69,5.18,1
59.01,3.64,4.0,8.73,25.64,174.63,5.49,0
38.36,3.98,4.0,12.12,24.89,161.29,5.14,1
47.56,3.69,4.0,12.95,28.43,84.83,5.36,1
59.86,6.04,4.0,10.94,25.84,177.29,5.79,0
37.85,4.56,4.0,9.61,27.16,110.98,5.33,1
44.74,4.28,4.0,11.58,18.48,113.2,5.38,1
43.49,4.51,4.0,9.51,25.08,119.05,5.17,1
56.1,2.78,4.0,13.58,22.74,131.33,5.43,0
48.45,3.28,4.0,13.03,24.9,149.53,5.21,1
32.98,3.99,4.0,10.62,28.66,164.03,5.05,1
25.83,3.93,4.0,14.97,27.26,145.26,5.01,1
38.41,4.18,4.0,9.91,28.48,179.01,5.09,1
43.56,3.64,4.0,11.83,21.96,115.56,5.28,1
30.16,3.39,4.0,8.29,23.94,148.0,4.93,0
23.83,5.98,4.0,10.85,19.85,187.66,4.97,0
38.88,5.84,4.0,11.22,29.66,70.27,5.34,1
40.42,5.02,4.0,12.88,24.94,196.84,5.19,1
39.34,4.61,4.0,15.5,21.07,187.08,5.19,1
42.9,6.39,4.0,8.17,24.64,75.14,5.35,1
47.53,4.09,4.0,13.71,24.69,161.12,5.29,1
46.02,5.62,4.0,15.11,22.09,111.68,5.38,1
44.91,3.19,4.0,10.23,27.42,179.5,5.17,1
46.29,3.62,4.0,11.65,20.19,42.86,5.29,1
40.75,4.73,4.0,12.22,21.23,92.57,5.02,1
60.66,5.45,4.0,9.53,22.68,188.83,5.6,0
44.17,4.99,4.0,8.67,23.52,137.03,5.39,1
25.41,3.23,4.0,9.28,21.71,186.37,4.88,0
49.4,5.86,4.0,15.0,18.92,179.71,5.45,0
39.93,5.16,4.0,11.82,29.31,142.88,5.27,1
49.57,3.52,4.0,8.14,25.43,178.34,5.51,0
30.03,4.95,4.0,13.23,21.78,161.7,5.1,1
30.14,3.16,4.0,9.76,23.07,111.23,4.92,0
41.57,5.52,4.0,10.4,24.34,80.59,5.27,1
44.38,4.78,4.0,10.38,25.49,126.24,5.16,1
50.61,3.61,4.0,11.33,25.75,177.54,5.37,1
25.49,3.08,4.0,9.18,21.96,184.97,4.8,0
30.26,5.09,4.0,14.62,27.12,172.26,5.17,1
43.15,5.17,4.0,11.58,18.62,88.54,5.28,1
22.79,3.66,4.0,9.02,24.93,88.81,4.81,0
41.84,4.24,4.0,11.48,20.15,187.0,5.33,1
42.93,3.13,4.0,8.38,28.82,139.32,5.03,1
49.28,3.2,4.0,8.22,29.5,129.73,5.45,0
37.47,4.17,4.0,14.93,22.14,197.63,5.19,1
32.49,4.55,4.0,12.8,21.63,178.76,4.9,0
28.31,4.68,4.0,14.59,18.25,79.36,5.07,1
59.58,5.08,4.0,9.59,25.29,111.77,5.7,0
42.31,2.98,4.0,8.28,27.37,140.88,5.14,1
37.28,5.21,4.0,11.46,26.33,71.79,5.14,1
57.67,5.79,4.0,11.62,22.29,177.92,5.66,0
33.19,3.21,4.0,15.29,21.28,169.36,4.85,0
28.99,3.24,4.0,11.99,21.32,171.39,4.96,0
51.97,5.6,4.0,11.82,18.21,156.59,5.57,0
38.13,3.47,4.0,8.15,25.02,149.89,5.13,1
45.74,3.8,4.0,9.21,24.88,65.49,5.19,1
45.96,4.77,4.0,11.03,17.27,139.03,5.31,1
34.92,3.27,4.0,10.21,20.83,89.27,4.95,0
51.15,4.18,4.0,14.11,24.96,107.05,5.51,0
38.81,3.75,4.0,12.19,30.14,191.73,5.19,1
31.4,4.68,4.0,10.45,21.89,133.05,5.05,1
50.0,5.07,4.0,9.01,18.79,41.29,5.58,0
27.14,4.69,4.0,10.27,26.89,169.4,4.95,0
39.02,5.47,4.0,9.68,30.67,141.17,5.17,1
31.62,5.24,4.0,11.7,25.22,58.36,5.18,1
39.56,3.94,4.0,8.43,25.98,108.43,5.03,1
41.56,3.63,4.0,9.01,30.27,180.2,5.2,1
37.06,3.61,4.0,11.79,30.48,185.31,5.16,1
47.38,3.48,4.0,14.56,23.5,122.73,5.3,1
51.57,3.16,4.0,8.25,21.07,84.7,5.29,1
55.62,2.77,4.0,10.61,19.06,181.55,5.42,0
45.86,3.85,4.0,14.57,26.68,148.16,5.39,1
48.47,3.33,4.0,8.23,29.19,161.95,5.24,1
58.87,4.88,4.0,14.63,28.33,108.51,5.61,0
45.29,4.97,5.0,14.75,24.41,143.03,5.56,0
40.99,3.96,5.0,12.33,23.09,67.89,5.2,1
30.0,3.64,5.0,10.03,18.07,96.04,5.11,1
60.6,4.95,5.0,15.23,19.69,170.41,5.87,0
53.9,5.72,5.0,14.95,29.67,177.38,5.88,0
38.99,3.58,5.0,13.96,20.42,112.72,5.36,1
36.43,3.42,5.0,9.01,24.05,193.36,5.0,0
30.98,3.23,5.0,15.4,23.34,147.01,5.14,1
23.45,3.15,5.0,13.65,25.08,181.39,4.85,0
43.38,3.75,5.0,12.27,21.39,185.45,5.26,1
49.64,3.27,5.0,13.07,19.64,191.43,5.49,0
58.42,3.3,5.0,16.18,25.16,132.5,5.58,0
43.31,4.94,5.0,11.27,20.09,120.14,5.31,1
61.39,4.72,5.0,14.65,26.94,164.25,5.84,0
59.34,5.06,5.0,11.24,27.74,80.72,5.67,0
40.09,5.15,5.0,8.83,26.23,82.28,5.41,0
41.63,4.17,5.0,12.28,28.14,182.5,5.36,1
42.86,4.66,5.0,10.65,26.4,79.13,5.31,1
35.59,5.65,5.0,15.39,22.16,141.62,5.49,0
43.71,5.38,5.0,11.97,19.49,115.85,5.39,1
47.76,4.38,5.0,9.96,22.03,140.84,5.54,0
34.87,3.47,5.0,10.1,23.85,194.67,5.24,1
37.72,5.68,5.0,15.8,28.27,50.74,5.46,0
29.79,2.89,5.0,11.42,28.25,60.25,5.21,1
55.53,4.29,5.0,11.41,20.69,192.03,5.64,0
54.03,3.38,5.0,10.02,21.8,140.32,5.45,0
44.4,5.94,5.0,9.45,22.84,208.79,5.59,0
52.18,5.65,5.0,11.94,25.33,98.57,5.69,0
35.41,4.08,5.0,9.13,30.15,206.36,5.27,1
36.56,6.2,5.0,14.02,25.29,196.63,5.4,1
32.94,5.88,5.0,10.44,26.5,143.02,5.49,0
41.88,4.17,5.0,9.58,26.21,179.13,5.41,0
46.66,5.29,5.0,10.35,17.34,97.09,5.51,0
48.97,4.2,5.0,11.13,21.72,129.4,5.58,0
47.24,4.54,5.0,12.72,24.59,197.58,5.46,0
43.27,2.99,5.0,12.71,22.91,151.9,5.42,0
58.98,5.66,5.0,14.94,29.37,149.55,5.83,0
57.73,5.3,5.0,13.33,21.58,193.2,5.73,0
53.22,5.67,5.0,15.23,25.33,151.98,5.93,0
27.46,3.22,5.0,9.97,18.04,91.97,5.02,1
38.37,4.14,5.0,9.62,24.77,173.31,5.46,0
35.6,4.05,5.0,12.52,21.55,188.19,5.31,1
40.55,3.55,5.0,11.35,26.9,137.43,5.26,1
30.21,5.56,5.0,11.59,22.56,102.57,5.26,1
38.95,4.75,5.0,8.39,18.97,168.83,5.4,1
47.2,4.4,5.0,10.21,30.69,161.89,5.54,0
34.95,4.61,5.0,11.07,29.84,129.6,5.36,1
49.14,3.32,5.0,13.44,22.23,140.92,5.41,0
55.97,3.46,5.0,10.35,29.6,140.61,5.56,0
35.2,3.18,5.0,14.23,18.47,171.8,5.24,1
58.78,3.55,5.0,16.01,28.22,135.12,5.64,0
37.68,3.54,5.0,12.22,29.17,99.16,5.34,1
