vib_rms_mms,vib_peak_to_peak_mms,bearing_temp_c,motor_current_a,dominant_freq_hz,load_pct,incipient_failure
5.69,11.96,91.98,39.61,23.44,93.78,1
2.36,4.21,50.71,24.94,30.53,60.58,0
2.8,5.62,65.9,28.76,30.55,66.98,0
4.87,10.66,90.81,33.29,24.04,86.57,1
2.68,6.56,58.33,24.25,31.12,66.41,0
3.05,6.75,66.47,28.27,29.7,67.31,0
2.13,5.86,58.68,26.34,30.36,64.34,0
3.08,6.4,64.91,29.16,28.92,70.24,0
2.72,5.8,66.49,29.65,28.6,66.95,1
3.64,8.88,66.18,29.81,29.5,76.06,0
4.89,10.43,84.03,37.62,25.12,90.12,1
3.51,7.76,73.55,33.45,27.15,73.91,0
4.57,10.28,84.98,34.45,27.17,84.17,1
4.13,7.95,70.41,31.67,27.48,72.18,0
2.45,5.18,55.02,29.5,30.26,68.17,0
2.05,6.3,53.33,27.71,30.69,68.53,0
2.46,5.18,63.97,25.99,29.29,63.5,0
4.45,8.92,83.65,35.69,25.4,81.11,1
1.56,4.23,51.03,22.53,31.49,48.25,0
2.67,5.84,68.52,29.06,29.18,68.1,0
3.56,6.98,75.04,33.57,29.9,71.77,0
1.47,5.35,58.6,23.06,31.02,59.78,0
2.1,4.81,55.68,23.64,31.57,57.55,0
1.9,4.41,56.63,27.88,30.61,56.51,0
2.56,5.93,64.93,29.47,29.17,68.67,0
2.91,7.27,62.31,26.53,31.47,67.4,0
3.62,7.29,74.12,32.94,27.85,74.37,0
3.98,8.38,75.77,32.74,27.43,74.06,1
5.26,12.19,97.65,41.94,23.43,94.62,1
3.55,7.45,68.74,31.74,27.3,69.89,0
4.5,9.95,85.31,37.3,26.89,86.63,1
4.43,8.47,73.31,28.97,27.81,72.89,0
3.23,5.4,62.95,25.57,29.79,67.28,0
4.06,9.43,76.44,32.68,26.46,78.48,1
3.48,7.14,67.95,31.65,29.43,73.56,1
3.02,6.01,67.73,25.53,29.84,71.25,0
5.02,12.34,87.21,38.26,24.62,81.49,1
3.43,7.51,68.88,26.0,27.27,75.06,0
4.82,8.29,76.15,37.43,25.71,80.18,0
3.46,7.09,63.96,29.87,29.16,64.93,0
2.12,5.23,55.05,23.12,32.15,63.64,0
2.78,6.21,64.13,27.64,29.8,58.74,0
2.78,6.74,63.18,30.07,28.31,70.99,0
2.88,5.85,57.13,26.79,30.34,67.4,0
4.04,8.49,72.28,29.69,28.12,72.9,0
5.67,11.34,96.59,40.36,22.97,88.44,1
2.4,3.18,57.16,24.41,32.51,58.29,0
3.37,7.51,68.04,31.44,28.25,73.12,1
3.21,6.79,60.5,28.92,29.0,62.0,0
4.54,8.8,80.26,33.0,27.48,72.28,0
2.37,5.53,67.12,26.34,31.36,59.87,0
3.68,7.94,72.47,33.31,27.31,79.43,0
3.89,8.03,73.58,30.52,26.98,80.92,0
3.0,6.5,59.24,25.11,30.15,68.42,0
2.48,6.2,70.16,27.77,29.84,67.86,0
4.14,8.95,71.8,31.5,26.97,74.01,1
1.42,5.71,54.91,26.49,32.58,54.72,0
5.39,10.91,86.78,38.66,23.86,95.59,1
4.92,11.48,93.68,40.03,24.82,95.25,1
4.99,12.15,88.31,38.44,24.13,92.79,1
4.21,11.21,89.01,40.29,23.53,84.26,1
3.1,6.67,66.87,32.92,29.25,76.52,1
2.81,6.86,64.89,30.26,28.25,64.48,0
3.09,5.94,67.54,27.65,29.33,70.53,0
2.7,5.44,62.09,25.09,32.17,65.1,0
2.84,7.21,70.42,30.12,29.72,75.97,0
3.55,6.55,62.41,29.05,30.3,75.46,0
1.61,4.48,54.29,24.34,31.13,60.31,0
2.04,3.86,55.64,24.29,31.56,63.69,0
1.38,5.59,54.56,26.35,32.52,55.49,0
2.36,3.95,63.46,29.49,31.87,64.46,0
2.96,5.22,56.48,26.99,31.97,62.32,0
4.24,9.49,83.03,34.1,26.75,78.86,1
2.59,5.0,55.81,22.21,32.91,67.2,0
5.14,9.95,77.55,35.35,23.3,82.25,1
2.99,7.14,73.25,29.49,28.35,70.18,0
1.5,3.73,48.6,22.53,31.82,54.26,0
3.33,6.87,67.26,32.24,26.66,75.36,0
3.33,7.74,83.57,32.79,27.51,68.06,0
1.9,4.77,50.0,24.7,30.19,62.56,0
3.03,6.26,59.22,28.47,29.31,61.09,0
3.39,5.66,60.06,25.89,29.78,61.14,0
3.26,8.66,72.12,29.75,26.63,77.39,0
3.41,6.88,77.16,30.94,28.66,68.57,0
3.02,8.3,65.28,32.54,28.78,73.22,0
5.38,12.12,92.42,40.16,24.0,86.36,1
4.77,9.4,87.17,40.59,23.67,83.7,1
2.5,5.42,57.88,27.05,33.17,62.94,0
2.66,6.47,68.3,29.36,29.69,66.24,0
3.96,8.68,78.65,28.79,27.81,71.83,0
2.44,5.96,62.11,29.21,28.51,66.22,1
3.67,8.24,73.37,33.26,27.5,71.5,0
3.59,7.49,65.13,33.91,28.11,77.1,1
4.72,10.75,90.86,38.11,23.83,92.41,1
3.75,8.97,77.18,28.32,29.57,73.56,0
2.26,6.06,62.52,26.49,31.36,63.52,0
3.31,9.59,72.31,27.97,28.94,77.83,0
2.53,5.81,55.5,28.34,30.4,60.34,0
5.07,10.32,93.46,37.0,26.01,88.46,1
3.67,6.52,72.01,32.65,25.19,69.61,0
4.1,9.87,79.4,31.84,27.7,76.86,0
2.69,6.61,66.52,28.0,27.85,68.86,0
4.53,9.4,84.94,36.5,24.91,88.05,1
1.67,3.81,56.5,24.74,31.73,60.88,0
3.21,6.66,66.77,28.58,28.46,66.82,1
3.43,5.66,69.51,29.38,28.96,70.94,0
2.39,5.17,57.52,26.28,27.53,64.12,0
3.5,6.42,69.94,28.06,29.18,72.52,0
1.79,4.38,50.62,26.15,29.81,60.39,0
2.98,8.04,72.39,28.73,29.42,76.39,1
3.42,7.47,68.87,30.1,29.01,82.37,0
3.67,9.36,82.04,33.26,26.17,76.68,0
2.73,4.79,60.95,22.58,30.69,56.39,0
3.86,8.03,84.08,33.01,26.05,84.65,1
3.28,5.78,57.76,25.79,29.08,61.46,0
4.65,9.87,73.59,33.36,25.72,79.28,1
3.68,8.31,71.27,33.39,27.79,76.38,1
2.52,7.05,62.2,26.45,29.45,66.8,0
2.51,5.83,57.17,28.44,30.02,66.82,0
2.62,3.5,56.6,23.58,31.45,59.08,0
3.78,8.89,76.4,33.08,27.53,77.37,0
1.84,4.81,48.47,23.83,33.28,53.08,0
3.53,6.34,67.82,31.63,29.46,68.11,0
2.42,4.79,51.28,28.11,29.45,63.04,0
1.94,5.23,59.93,27.31,32.6,58.18,0
2.31,4.54,62.64,26.0,32.58,63.85,0
2.9,6.44,65.03,28.4,30.78,62.86,0
5.43,11.26,93.3,37.49,22.85,83.89,1
3.34,6.12,59.34,25.17,30.03,61.32,0
2.11,3.99,60.53,28.27,32.13,62.47,0
1.5,5.33,58.92,22.73,31.01,60.62,0
2.12,6.08,59.77,24.05,32.18,66.75,0
2.68,6.95,68.23,29.24,31.13,75.02,0
2.6,4.97,65.15,28.07,30.63,64.42,0
3.71,8.14,77.8,30.6,27.67,68.77,1
4.27,9.38,80.62,34.64,28.51,76.06,1
4.16,7.86,77.46,35.24,25.39,78.67,1
2.02,6.27,54.21,27.94,31.19,62.76,0
4.64,10.7,82.66,37.2,24.56,88.81,1
5.74,12.9,97.17,43.57,23.43,95.48,1
4.26,9.11,80.77,35.04,26.21,77.84,1
2.28,5.98,60.3,22.88,32.4,66.7,0
5.47,10.99,88.09,40.91,22.98,90.33,1
1.72,3.37,51.75,22.87,31.77,64.92,0
5.75,12.57,97.57,41.5,22.49,84.65,1
2.86,5.15,54.45,25.82,31.94,53.72,0
3.16,6.5,57.24,27.69,28.51,71.76,0
4.52,8.07,81.28,36.49,26.91,80.08,0
1.6,4.88,59.02,28.42,31.32,63.39,0
3.37,8.96,74.59,32.44,26.74,83.8,0
3.43,7.56,69.09,31.45,29.07,71.41,0
2.8,6.2,58.86,25.53,32.05,61.58,0
2.83,7.19,66.03,31.18,28.56,69.99,0
3.26,7.61,71.5,30.4,27.85,73.09,0
3.35,6.43,72.63,30.2,29.61,67.68,0
2.63,5.24,55.98,22.44,31.28,65.76,0
2.08,4.0,55.02,25.31,31.22,60.25,0
5.48,10.62,88.65,36.61,25.24,85.43,1
2.44,4.98,55.24,29.65,30.09,68.52,0
3.45,6.94,64.69,29.15,28.0,65.82,0
2.51,6.05,57.13,28.05,30.14,68.45,0
2.76,7.14,66.98,27.76,30.34,77.09,0
4.26,9.27,82.38,29.43,26.95,70.66,0
5.38,11.17,90.61,39.37,23.9,92.23,1
5.67,11.79,96.13,36.89,23.52,84.46,1
4.11,9.11,84.47,30.62,26.65,72.86,0
2.19,5.61,67.46,25.69,32.12,60.92,0
3.35,6.53,73.59,27.12,28.24,81.88,0
4.15,8.15,76.05,31.21,29.05,71.38,0
3.08,7.58,81.74,30.96,26.79,83.42,0
2.74,5.74,67.33,30.11,29.27,68.34,0
3.81,7.79,74.3,31.1,27.85,70.86,0
2.34,5.72,71.95,27.79,30.1,72.93,0
3.76,8.16,75.6,31.99,27.35,77.46,1
5.55,12.25,92.24,38.28,23.26,95.01,1
5.34,9.72,91.91,39.8,24.85,84.61,1
2.4,4.85,62.55,27.8,31.4,66.67,0
2.87,5.73,63.82,26.35,31.31,59.94,0
3.02,6.4,61.22,25.03,28.48,70.84,0
3.27,10.05,77.61,32.37,28.08,73.71,0
4.24,9.19,74.39,33.82,29.27,77.17,1
3.34,8.31,72.38,32.22,28.35,71.01,1
4.0,10.16,79.63,33.69,27.88,72.65,0
2.22,5.88,59.03,23.09,30.05,59.66,0
2.36,5.99,67.15,26.25,29.61,61.83,0
4.15,8.32,74.24,34.45,27.32,81.08,1
1.67,5.01,53.28,22.3,33.16,59.04,0
2.95,6.52,60.95,29.95,30.02,63.72,0
3.93,7.98,73.1,31.47,28.51,68.0,1
2.82,7.48,67.66,32.16,28.2,70.67,0
2.06,4.72,57.18,25.73,30.42,62.45,0
2.04,5.66,58.32,22.93,29.87,64.4,0
4.95,9.99,87.56,37.53,26.7,82.32,1
4.89,10.74,84.93,40.23,25.55,92.13,1
4.97,10.72,85.98,34.02,22.12,78.81,1
4.05,8.01,77.45,34.98,27.64,75.25,1
5.34,10.45,84.64,34.93,23.28,85.27,1
3.42,7.59,70.53,32.01,28.75,71.95,0
3.25,6.42,62.12,27.67,30.28,56.64,0
2.28,5.45,57.3,25.83,30.71,53.17,0
2.21,4.3,56.24,23.82,30.54,59.8,0
3.5,8.2,69.98,28.46,28.33,71.59,1
2.32,4.3,63.18,26.15,32.48,63.41,0
4.41,11.31,86.36,35.26,24.85,87.54,1
5.82,11.84,89.78,41.95,23.19,92.8,1
1.92,5.16,47.23,24.91,32.31,51.89,0
3.69,7.33,73.71,34.56,27.9,73.76,0
3.66,7.86,74.96,37.35,27.13,69.02,0
3.57,7.83,70.29,30.96,27.56,71.57,0
4.26,9.7,76.1,34.29,25.48,77.42,1
2.52,6.21,56.52,25.56,30.93,63.94,0
2.99,6.02,60.98,30.09,29.8,69.69,0
2.04,4.9,57.76,26.69,32.0,53.72,0
3.52,7.67,73.16,32.09,27.19,68.72,0
3.77,6.9,74.57,30.13,27.15,68.07,0
2.26,5.28,65.05,28.53,30.29,61.47,0
2.53,5.45,57.62,27.13,33.14,63.07,0
2.59,5.18,56.13,24.01,30.84,72.94,0
4.47,9.45,83.37,36.25,25.38,78.65,1
3.43,8.02,66.22,29.84,27.53,70.04,0
3.12,6.3,76.12,32.55,28.54,64.29,0
2.42,5.37,60.86,25.58,31.38,62.82,0
2.07,5.25,53.72,29.14,30.11,52.33,0
2.38,5.52,60.43,24.74,31.27,63.78,0
4.52,10.79,83.56,33.0,25.78,83.24,1
3.74,7.42,67.25,33.41,28.3,72.99,0
3.24,7.11,61.09,30.26,29.4,72.73,0
3.65,9.44,82.02,33.38,26.16,76.38,0
2.96,8.2,64.95,31.58,27.67,60.61,1
3.28,7.78,62.42,32.51,28.16,65.6,0
4.09,8.02,70.83,29.61,27.73,72.37,0
1.85,5.3,59.53,27.49,33.0,57.49,0
2.62,6.61,59.04,24.26,31.3,66.33,0
3.28,5.15,63.42,25.82,30.06,69.51,0
3.6,6.88,69.8,29.05,30.4,79.77,0
3.93,9.17,78.6,33.39,27.26,78.05,1
2.02,4.61,60.12,24.03,32.31,62.08,0
2.14,3.92,49.77,22.82,31.28,59.11,0
5.05,11.3,86.6,40.97,24.0,95.03,1
1.59,4.79,57.59,24.79,29.48,58.04,0
2.49,7.14,68.73,28.38,27.89,61.22,0
2.06,4.83,60.02,24.15,32.22,62.6,0
3.83,8.08,71.82,30.43,26.98,71.38,0
2.1,5.67,56.75,26.46,31.62,52.84,0
1.76,4.74,59.4,22.07,31.62,66.74,0
3.36,5.8,64.74,27.17,32.33,63.4,0
5.76,10.71,88.12,40.18,24.82,85.94,1
4.75,9.68,82.57,36.04,25.36,78.46,1
3.56,7.87,69.03,30.45,30.0,67.01,0
2.06,5.96,57.11,26.45,30.4,63.28,0
2.98,7.08,71.49,30.83,29.31,70.41,0
2.36,5.57,64.0,25.15,30.74,68.44,0
2.62,7.08,62.65,26.78,30.35,62.9,0
2.75,6.19,63.92,27.63,29.84,58.93,0
2.07,4.08,51.88,23.05,30.76,57.55,0
1.74,5.41,49.96,25.16,31.66,60.66,0
2.96,6.76,64.27,27.8,27.89,74.62,0
2.93,6.45,61.71,28.48,29.87,63.84,0
2.54,5.03,62.29,23.79,30.6,60.84,0
2.23,3.51,55.52,25.17,32.39,58.29,0
5.78,12.57,91.74,38.28,24.35,91.91,1
4.05,7.65,76.0,32.45,28.98,73.11,0
2.91,5.81,63.68,27.54,26.82,69.43,0
1.74,4.79,47.12,24.41,33.48,63.43,0
2.66,5.66,68.8,24.71,30.29,60.14,0
2.54,5.27,52.91,29.09,29.84,67.45,0
3.6,7.73,71.55,30.08,26.62,81.38,0
4.18,8.83,79.46,35.74,26.99,83.26,1
1.79,6.67,61.67,29.39,32.65,68.22,0
3.43,7.71,66.86,27.59,28.81,65.43,1
2.66,5.4,59.6,26.55,29.77,68.62,0
2.32,6.34,52.53,27.58,31.57,61.4,0
3.1,4.65,67.26,24.06,31.43,56.67,0
3.17,6.12,60.07,29.13,28.7,71.17,0
2.13,6.06,59.79,24.31,32.08,67.82,0
4.61,9.33,80.83,36.76,25.78,80.32,1
3.41,6.65,75.67,29.3,27.86,80.49,1
2.34,3.81,54.61,24.64,31.19,57.35,0
3.99,8.75,78.09,33.14,27.81,74.36,0
3.23,6.51,61.12,27.76,28.95,68.64,0
2.8,5.53,61.14,28.28,29.95,70.23,0
4.4,9.22,82.62,35.29,24.78,78.5,1
5.38,10.53,95.8,39.29,24.17,80.3,1
3.02,5.93,70.78,28.78,28.54,67.21,0
2.97,5.67,67.79,27.92,31.28,71.54,0
3.26,7.12,60.04,29.94,29.38,72.2,0
3.69,8.42,69.72,32.55,27.24,77.42,0
4.02,8.72,80.09,35.58,27.81,75.58,0
2.15,6.23,65.1,30.52,30.36,63.57,0
2.97,6.2,59.72,30.46,30.14,71.09,0
2.19,5.05,62.15,28.18,29.44,60.92,0
2.69,6.24,65.41,23.63,32.24,65.66,0
4.36,10.92,82.74,34.31,25.35,78.78,1
2.8,5.22,65.5,29.52,28.97,75.18,0
3.42,7.25,68.13,31.06,29.07,72.91,1
3.52,7.28,61.1,25.55,30.23,65.76,0
4.3,7.62,77.77,33.13,28.56,77.85,0
4.11,9.08,85.3,32.61,28.17,87.72,1
2.54,6.55,67.59,24.79,28.0,69.83,0
2.39,5.63,58.03,25.06,30.71,57.26,0
4.64,8.12,72.07,28.87,24.83,82.24,1
2.61,4.9,50.66,23.17,30.94,62.46,0
3.23,7.54,68.7,27.48,27.37,65.95,0
2.19,4.5,57.75,21.35,30.11,54.56,0
2.35,5.01,50.78,24.54,31.52,62.94,0
4.4,9.92,81.33,32.57,26.96,76.32,1
3.86,9.4,71.57,34.71,27.13,87.58,1
4.52,9.18,82.4,36.47,24.93,78.05,1
2.95,8.13,67.54,32.42,26.39,75.25,0
2.61,5.68,62.4,24.85,29.78,60.02,0
1.8,3.44,55.73,22.18,31.7,51.1,0
3.25,7.45,63.09,28.05,28.98,71.86,0
3.15,5.64,62.57,26.2,30.12,65.82,0
4.55,10.88,89.56,36.46,26.73,91.09,1
3.74,8.14,73.51,33.94,27.45,77.19,0
1.79,4.13,49.95,24.27,33.3,52.23,0
2.62,4.56,59.68,29.56,29.47,73.68,0
3.44,6.96,67.93,28.25,29.47,79.77,0
3.45,7.29,67.33,27.96,29.12,74.01,0
5.65,10.72,89.67,37.45,25.13,87.38,1
2.84,6.86,65.13,30.32,28.21,64.75,0
3.19,7.37,69.5,26.11,30.68,63.34,0
2.24,6.0,57.81,23.05,29.99,66.52,0
2.92,5.72,58.32,28.03,29.6,67.63,0
1.85,6.15,60.9,25.93,32.03,57.86,0
4.0,9.31,75.53,32.03,26.76,77.58,1
2.54,7.54,67.7,31.29,28.68,58.03,0
3.81,8.98,77.3,28.23,29.56,73.31,0
3.16,6.72,62.24,27.05,29.82,77.05,0
2.98,6.85,66.02,27.42,28.35,69.37,0
3.29,8.68,72.67,29.91,26.59,77.27,0
5.16,10.63,87.65,34.16,24.78,94.73,1
3.28,6.64,52.36,23.67,27.68,69.13,0
4.07,8.35,73.97,33.29,26.05,78.07,1
5.36,9.92,83.16,37.3,24.66,84.85,1
2.53,5.88,63.88,26.19,30.19,67.14,0
5.09,10.17,98.21,39.52,24.89,91.9,1
3.54,8.75,68.91,30.93,29.61,74.14,0
5.3,12.43,95.94,36.17,24.81,89.21,1
2.73,5.53,59.03,29.95,30.18,66.35,0
2.61,5.9,65.12,29.46,28.71,67.75,0
2.73,5.39,64.06,26.29,31.32,66.0,0
4.31,10.28,88.13,34.53,24.43,81.45,1
3.3,7.5,65.12,30.45,28.88,68.13,0
4.71,10.89,90.16,37.63,26.23,88.49,1
2.21,4.13,53.03,26.05,33.04,55.27,0
1.94,5.14,57.35,23.66,30.85,67.13,0
1.88,5.44,46.74,26.66,32.19,64.94,0
4.79,9.47,84.46,34.38,24.86,84.85,1
4.51,9.59,80.88,36.6,23.34,81.43,1
1.93,3.9,50.13,23.47,31.73,60.24,0
3.4,8.19,70.57,33.67,27.76,74.72,0
3.93,9.65,80.37,35.75,26.1,81.59,1
3.9,8.06,75.4,29.6,27.02,80.4,0
3.28,6.64,64.49,28.67,28.68,71.65,0
2.83,6.54,63.64,28.28,27.69,60.02,0
3.78,8.19,71.61,30.4,28.64,73.51,0
2.54,6.44,54.61,29.0,30.37,61.16,0
5.36,11.19,90.44,36.49,23.6,81.84,1
2.61,3.22,52.35,20.83,30.95,63.02,0
2.58,4.0,62.05,27.04,32.14,62.46,0
5.5,11.26,89.47,35.71,25.66,88.72,1
2.91,7.69,71.65,30.17,26.68,74.55,0
2.23,5.7,55.26,27.47,28.74,67.66,0
5.51,11.74,93.21,40.24,22.04,86.24,1
2.25,4.36,58.75,27.61,32.1,68.01,0
5.27,10.33,82.54,39.07,26.64,77.29,1
2.38,5.21,55.77,25.72,27.56,63.27,0
4.04,9.61,80.35,33.78,26.18,74.88,1
4.46,10.7,82.28,37.81,24.76,90.75,1
2.36,5.16,58.06,25.54,30.41,55.8,0
4.64,11.18,79.91,37.48,24.18,82.7,1
2.32,5.07,54.3,24.06,32.34,55.0,0
1.7,4.6,57.29,26.15,29.34,62.71,0
2.64,5.98,64.49,26.4,32.37,68.59,0
3.26,6.52,74.28,29.86,27.01,70.06,0
1.83,4.05,51.13,25.61,30.82,63.35,0
2.68,4.61,63.02,27.8,30.05,64.13,0
5.13,9.88,85.47,34.38,25.23,86.04,1
2.89,6.45,67.64,29.04,29.69,67.04,0
1.86,4.85,52.88,22.35,30.7,64.01,0
2.55,6.93,61.46,26.12,29.43,67.24,0
1.96,5.05,57.23,26.86,32.21,57.78,0
2.99,7.28,63.08,25.46,31.16,57.7,0
2.4,5.84,63.22,25.56,31.06,75.26,0
2.23,5.36,56.88,26.13,32.03,52.99,0
2.95,5.27,57.15,27.0,31.84,62.27,0
2.32,4.19,54.13,25.29,31.71,62.41,0
2.23,5.35,61.57,29.43,29.99,72.74,0
2.73,5.21,60.68,23.31,30.4,59.53,0
3.6,6.35,69.48,28.12,29.25,72.66,0
3.45,7.39,68.02,28.97,27.69,65.64,0
2.92,6.19,60.43,25.72,28.75,65.06,0
4.25,9.54,88.6,36.82,26.93,81.87,1
4.11,7.69,65.84,31.04,29.89,73.61,0
2.41,4.95,62.32,27.49,31.53,66.9,0
2.67,6.18,62.69,27.42,29.49,68.8,0
2.39,5.39,55.53,27.05,31.89,61.35,0
2.84,6.5,64.16,25.18,29.69,69.35,0
2.18,4.24,50.83,26.37,31.24,54.36,0
4.22,11.66,90.29,37.58,26.08,93.8,1
4.17,7.64,73.62,30.5,24.74,82.77,0
1.86,5.31,53.32,28.51,29.95,53.53,0
4.45,9.66,87.01,34.42,26.23,78.11,1
3.33,6.37,72.98,30.22,29.71,68.06,0
3.59,9.13,80.73,32.92,29.1,80.67,0
2.6,6.45,67.05,27.41,28.79,72.16,0
2.83,5.37,60.7,26.91,30.84,71.92,0
3.57,7.63,67.11,29.41,28.1,68.14,0
2.94,6.73,60.19,29.04,31.08,65.87,0
2.66,5.18,62.65,25.25,30.25,66.23,0
2.19,4.07,65.34,27.36,29.89,67.31,0
3.2,6.84,62.61,29.67,29.9,72.67,0
3.6,5.78,66.13,33.45,29.28,73.65,0
2.65,6.16,59.16,24.56,28.84,63.23,0
3.6,8.74,73.77,34.65,27.63,77.62,1
2.41,5.16,56.8,22.96,30.73,63.42,0
3.34,7.79,78.16,32.61,25.33,71.38,0
2.23,4.7,66.56,22.73,30.78,68.62,0
2.18,3.94,52.89,21.82,32.58,56.5,0
2.28,3.73,54.51,24.76,31.09,60.12,0
3.47,7.27,72.23,30.63,29.42,79.73,0
2.47,6.45,60.08,28.23,29.88,67.13,0
3.14,6.7,64.91,30.13,29.05,57.44,0
3.39,7.67,73.83,31.65,29.67,73.61,1
4.35,11.1,81.12,35.95,25.08,82.49,1
2.6,7.24,72.43,28.58,28.88,67.93,0
5.77,11.73,92.46,39.04,24.6,82.42,1
4.01,7.75,71.17,33.45,26.89,72.56,0
3.16,6.69,52.75,23.53,27.71,69.22,0
3.62,8.27,65.04,31.86,28.35,69.3,0
2.07,4.92,61.68,27.03,30.43,67.39,0
3.24,8.16,72.63,31.72,29.71,69.56,0
3.27,7.78,76.84,30.1,26.58,71.77,0
2.28,6.22,60.95,27.29,30.29,55.52,0
3.47,6.54,64.91,27.82,29.08,67.03,0
5.23,10.28,83.28,35.73,24.72,76.86,1
3.09,7.72,69.68,31.58,28.31,72.37,1
2.74,6.0,52.66,26.47,30.52,61.96,0
3.24,6.45,67.7,29.72,29.28,70.69,0
4.03,6.82,70.16,32.5,26.51,74.37,0
2.48,4.55,56.61,23.91,31.1,70.1,0
4.39,10.06,84.65,34.53,24.63,80.88,1
5.24,11.43,83.32,36.82,23.45,74.66,1
5.02,10.24,82.48,36.49,26.56,81.09,1
4.48,9.74,82.38,29.78,26.16,85.24,1
3.35,6.75,75.15,32.94,27.73,71.34,0
2.6,5.58,63.57,27.62,27.64,65.56,0
2.31,5.08,57.31,24.56,30.92,58.74,0
5.2,11.34,86.96,38.04,23.8,89.79,1
3.5,5.4,56.02,25.47,29.02,62.13,0
2.14,5.92,55.34,26.78,30.45,65.63,0
5.97,11.94,91.49,40.31,23.8,90.81,1
1.55,4.23,51.48,27.33,32.5,57.37,0
4.15,8.49,70.99,32.61,28.16,72.3,0
3.22,8.1,72.23,33.47,27.71,69.06,0
3.8,8.39,69.72,28.94,28.03,70.6,1
1.93,5.82,60.56,27.8,30.75,57.21,0
5.31,12.8,97.06,40.15,26.33,88.99,1
3.43,6.88,69.92,27.91,28.48,76.26,0
5.46,12.31,86.33,38.84,23.76,85.8,1
2.7,7.3,63.32,27.35,30.07,73.23,0
1.41,4.47,55.15,23.8,30.88,60.9,0
2.63,6.29,60.82,27.63,29.32,70.52,0
3.91,9.22,80.14,35.35,25.87,82.4,1
2.9,7.31,66.78,29.39,29.62,71.47,0
2.07,5.52,56.97,26.66,31.73,51.95,0
2.66,4.37,56.78,23.03,32.43,67.26,0
3.04,7.25,69.05,29.65,27.66,71.59,0
2.89,5.5,60.25,24.84,32.04,70.84,0
4.17,8.73,78.65,33.02,27.39,76.27,1
2.65,3.86,54.39,24.62,31.35,55.43,0
6.29,12.07,96.32,41.19,23.38,83.4,1
4.13,7.64,78.46,30.21,25.91,73.88,1
3.65,8.99,84.03,35.02,29.71,71.1,1
3.23,8.02,69.13,32.88,27.89,73.37,1
2.43,6.19,56.45,25.2,28.26,65.65,0
3.44,7.88,74.7,31.07,27.97,71.34,1
3.22,5.63,59.35,26.4,31.2,56.57,0
3.84,7.6,71.99,30.93,27.5,78.3,1
3.44,8.04,74.19,31.87,28.65,77.0,0
1.94,5.79,68.07,21.34,29.68,67.66,0
2.95,7.15,62.95,25.56,31.14,57.43,0
5.17,11.75,87.34,37.49,24.75,95.34,1
5.29,10.6,88.17,37.63,25.86,93.04,1
2.53,4.96,58.28,27.73,32.16,60.72,0
2.42,6.35,61.95,31.58,30.24,60.46,0
4.16,8.88,78.51,34.47,27.81,77.72,0
2.1,4.61,48.57,25.21,29.66,68.98,0
2.44,5.24,55.6,26.91,30.82,55.94,0
3.12,7.14,61.07,31.46,28.37,69.97,0
2.4,6.12,58.77,22.09,30.44,66.03,0
2.95,6.25,71.29,26.51,29.08,54.76,0
3.16,6.6,62.04,28.08,28.94,72.33,0
2.87,5.36,61.61,29.47,30.25,57.99,0
2.18,3.83,50.72,22.74,31.25,59.05,0
5.35,11.37,95.23,38.55,24.08,87.02,1
4.36,9.87,77.97,30.44,27.03,83.6,0
1.63,4.94,49.16,24.31,30.83,61.38,0
1.73,5.47,53.96,26.59,32.07,60.16,0
2.75,7.68,66.37,28.96,29.58,64.86,0
2.07,4.49,60.7,23.07,30.07,59.4,0
5.38,12.47,81.89,40.15,25.09,96.43,1
4.81,13.21,100.79,39.59,23.31,95.3,1
2.87,7.64,67.33,29.84,29.24,73.12,0
1.69,4.73,60.03,28.61,31.68,62.82,0
2.14,3.12,57.54,23.83,33.19,52.17,0
4.83,10.62,88.98,37.77,25.74,82.35,1
3.56,6.4,68.51,31.62,29.33,68.02,0
1.62,5.17,59.24,26.77,32.51,60.48,0
5.3,10.81,90.99,35.55,25.74,82.1,1
3.29,5.75,61.88,26.19,29.49,68.59,0
2.74,5.84,62.04,28.21,29.0,64.36,0
3.73,7.5,73.33,31.63,28.32,77.95,0
5.26,11.12,86.37,37.42,24.86,91.09,1
5.75,12.18,99.29,38.3,22.89,87.19,1
1.9,4.06,53.55,20.85,30.82,58.84,0
5.24,10.96,85.72,36.93,24.88,91.01,1
4.34,9.59,84.29,35.7,26.39,80.35,1
3.37,6.7,69.04,31.4,29.18,65.5,0
2.24,6.06,64.64,27.6,32.05,64.77,0
2.92,6.54,67.3,28.28,30.63,61.53,0
2.14,5.98,58.69,25.56,30.18,65.24,0
3.29,5.48,64.93,28.96,29.69,69.35,0
1.91,3.35,52.13,23.12,31.95,60.72,0
4.25,9.32,83.34,33.04,26.61,71.17,1
2.1,5.54,51.26,26.14,31.49,58.96,0
3.3,8.17,69.97,32.69,27.98,69.5,0
5.61,11.76,96.78,38.02,24.55,87.6,1
3.38,5.08,61.87,28.36,28.72,57.52,0
2.87,7.61,67.95,31.46,27.95,70.35,0
5.12,9.77,87.66,38.87,26.68,87.55,1
4.19,8.01,79.43,34.39,24.96,82.62,1
4.27,9.26,82.37,34.91,24.79,78.55,1
2.3,5.35,64.13,29.33,30.79,61.51,0
3.36,6.7,66.46,26.46,29.33,67.95,0
3.73,8.06,73.38,32.31,27.83,70.77,1
5.35,11.83,96.14,39.21,24.34,93.19,1
2.81,5.41,68.27,26.7,29.52,67.2,0
2.76,8.01,67.8,29.31,29.63,69.61,1
3.99,9.87,82.6,35.7,25.55,79.46,1
1.81,4.88,60.16,26.85,33.46,58.66,0
2.67,4.93,53.93,25.42,32.81,54.96,0
2.67,5.4,58.94,25.22,29.84,65.65,0
2.71,5.5,58.46,28.14,28.37,68.66,0
2.34,4.83,56.81,26.82,31.2,52.61,0
3.75,7.09,72.73,31.54,27.81,65.86,0
3.99,7.05,69.4,28.32,26.6,72.16,0
2.68,5.76,58.3,29.37,30.24,65.04,0
2.03,5.67,56.99,25.97,29.09,62.75,0
2.14,6.57,60.54,28.9,29.97,67.94,0
2.2,6.23,60.67,25.13,30.79,56.98,0
1.67,3.73,52.38,22.89,31.44,50.48,0
5.01,12.18,97.9,37.44,25.14,83.24,1
2.01,5.87,57.77,23.25,29.93,64.04,0
5.14,12.25,85.06,33.86,24.79,74.93,1
2.36,5.17,60.0,28.51,28.17,61.53,0
3.0,5.67,64.18,23.28,27.89,64.61,0
3.27,6.93,71.54,29.15,26.51,69.43,0
2.14,4.27,49.93,24.2,31.93,61.78,0
3.05,7.76,66.25,29.2,27.81,74.98,0
2.62,6.39,64.99,29.8,29.32,71.9,0
4.68,9.36,83.46,36.16,24.35,80.26,1
5.23,10.77,83.97,36.86,25.12,79.52,1
2.82,4.98,70.91,26.31,31.29,65.38,0
2.41,3.64,65.49,27.13,30.28,67.5,0
5.07,11.47,92.17,42.09,24.01,84.84,1
2.73,6.21,62.43,29.8,27.47,65.19,0
2.03,5.5,53.6,20.93,31.42,57.76,0
1.99,3.16,53.57,21.73,31.17,63.16,0
4.13,9.0,81.21,35.19,27.98,75.15,0
3.89,7.38,69.69,33.09,28.94,74.68,0
3.13,6.8,60.71,30.32,29.05,72.57,0
4.45,10.97,87.95,37.64,24.62,88.32,1
2.26,4.66,67.21,22.41,30.72,68.97,0
2.38,5.43,55.1,28.51,30.19,56.66,0
4.76,11.03,92.71,37.34,25.16,83.01,1
2.17,3.94,58.55,26.04,31.21,64.29,0
3.4,8.54,70.67,25.26,27.09,76.63,1
2.57,5.9,62.23,26.2,29.03,62.54,0
3.88,9.63,85.41,33.58,27.37,79.48,0
3.17,7.06,66.28,30.43,28.95,65.25,0
5.58,12.31,96.33,43.72,23.78,83.33,1
3.01,7.3,60.99,23.04,30.36,73.96,0
4.61,9.27,83.0,35.02,26.78,76.06,0
4.58,9.73,81.35,36.17,26.27,78.45,1
2.72,6.95,64.62,28.93,29.99,64.23,0
4.4,9.13,77.58,36.36,25.6,82.53,1
3.36,9.18,75.98,30.7,27.07,76.62,0
3.58,8.2,66.95,32.22,28.71,73.08,0
4.22,9.28,88.22,37.52,27.19,79.15,1
3.19,7.37,69.12,27.53,28.85,78.3,1
2.6,7.17,67.18,28.6,28.12,63.99,0
2.51,5.25,62.63,26.35,30.65,47.99,0
2.37,4.88,51.03,27.17,31.32,61.59,0
3.49,6.09,66.34,32.17,28.83,68.07,1
5.56,10.73,82.37,35.25,25.05,91.95,1
2.16,5.11,64.15,28.77,28.96,65.25,0
3.37,7.24,69.05,30.47,28.22,68.27,1
2.61,4.07,63.89,23.61,30.88,65.45,0
4.51,9.7,86.71,35.12,24.9,81.64,1
5.44,10.41,90.06,38.06,25.53,92.37,1
1.91,5.02,54.7,20.85,29.77,67.78,0
3.91,6.95,70.51,28.46,26.86,71.03,0
2.28,5.54,55.08,24.08,30.87,69.97,0
5.19,12.0,90.3,37.0,24.35,86.37,1
1.66,4.19,53.02,21.99,31.74,63.43,0
2.16,4.26,53.86,26.75,30.89,67.81,0
2.85,4.35,59.04,26.73,29.86,57.42,0
3.4,9.12,75.53,30.78,27.09,76.49,0
3.51,7.93,76.38,31.11,28.52,82.21,0
3.79,7.4,70.29,30.59,26.53,73.76,1
2.63,6.08,64.97,29.41,28.73,67.62,0
2.28,4.83,55.55,27.01,29.61,62.27,0
5.02,9.78,89.35,35.33,25.63,79.47,1
2.77,7.3,67.07,31.42,29.15,65.4,0
2.49,5.95,65.8,26.15,31.25,71.25,0
3.16,7.56,66.68,30.82,27.74,73.33,0
1.62,4.08,55.67,22.91,30.7,60.77,0
2.8,6.33,57.86,26.85,31.6,64.6,0
2.14,3.9,43.73,24.07,32.69,56.04,0
3.87,7.99,72.73,31.58,27.41,74.09,1
3.79,7.99,74.32,32.34,26.99,70.14,0
2.25,3.74,50.89,22.76,31.3,58.69,0
2.12,4.79,53.37,26.16,30.68,67.83,0
5.38,11.05,89.47,40.45,22.91,85.34,1
2.18,5.08,59.85,26.74,32.25,65.88,0
1.69,4.35,55.5,23.97,33.91,61.2,0
2.95,5.85,62.7,27.56,26.48,71.54,0
1.83,4.23,53.63,22.98,31.78,62.62,0
2.76,6.78,63.17,29.54,30.9,65.09,0
2.84,8.2,68.04,29.17,28.83,75.96,0
4.1,8.34,68.01,29.08,26.93,72.47,1
3.69,7.15,70.0,29.46,29.64,80.37,0
2.13,4.49,64.55,27.04,30.72,62.52,0
3.55,7.88,72.46,31.74,29.79,71.37,0
3.32,7.11,66.03,34.75,27.2,73.3,0
2.88,5.78,67.6,31.12,28.76,67.0,0
3.61,6.24,74.09,28.42,26.87,70.59,0
3.33,6.67,58.57,25.88,30.62,64.92,0
4.41,9.26,82.99,34.91,25.04,78.51,1
2.75,6.51,68.64,27.78,29.03,70.29,0
2.82,7.34,64.72,31.36,28.96,66.5,0
2.53,5.19,59.69,27.87,30.63,62.59,0
3.32,5.7,62.69,25.32,30.05,66.3,0
5.59,12.01,100.92,41.75,22.01,93.59,1
4.52,9.15,80.52,34.3,27.26,85.82,0
2.77,4.4,59.03,26.35,29.93,57.58,0
3.5,6.89,65.15,30.67,29.63,76.04,0
2.28,6.2,67.43,27.59,30.64,65.81,0
3.31,8.16,74.9,29.75,28.3,70.35,1
3.91,9.27,79.89,31.72,26.0,77.2,0
2.93,7.46,71.79,31.22,26.32,74.76,0
2.43,5.7,62.93,25.88,31.05,75.54,0
2.01,2.68,55.19,21.03,33.42,53.33,0
2.34,4.7,57.76,26.85,31.21,52.85,0
4.71,10.29,96.16,38.38,23.1,90.86,1
3.9,8.83,78.94,33.35,26.61,68.59,0
3.73,7.23,65.07,31.52,28.29,71.23,0
4.35,11.22,89.37,37.19,24.42,83.16,1
5.65,11.05,90.56,40.14,22.65,93.56,1
4.72,9.37,79.7,33.8,25.05,87.32,1
4.93,11.22,92.37,41.43,24.9,95.41,1
3.12,6.52,65.92,28.8,30.18,65.7,0
1.87,3.62,52.05,26.91,30.47,61.75,0
2.66,4.45,60.86,24.17,31.94,60.3,0
3.73,9.66,83.23,36.88,26.11,80.26,1
2.58,4.78,57.32,27.08,30.38,60.33,0
2.99,8.1,68.41,32.05,26.33,75.66,0
5.74,11.42,87.53,38.94,23.31,86.5,1
4.39,9.47,80.77,37.11,26.62,83.22,1
3.18,6.4,70.0,27.74,28.48,68.59,0
2.65,5.48,55.58,25.26,31.26,60.82,0
3.41,7.48,72.4,27.89,26.82,72.77,0
3.95,8.52,71.75,33.75,27.93,74.82,1
3.85,9.01,85.64,32.24,26.45,81.61,0
4.83,11.59,90.42,39.94,24.7,87.64,1
1.72,5.58,53.5,26.48,31.85,61.01,0
2.72,4.31,60.32,26.31,29.45,71.28,0
5.66,11.31,89.7,41.1,24.58,89.44,1
4.27,8.94,81.57,33.05,26.38,73.22,0
5.6,13.1,100.74,43.05,22.51,92.18,1
2.38,5.07,51.19,25.23,31.75,63.8,0
4.56,10.33,84.4,37.81,24.91,77.56,1
4.74,10.4,88.39,35.09,25.57,84.18,1
5.68,10.27,97.22,42.74,25.39,81.61,1
2.68,4.67,55.94,25.93,33.0,63.13,0
2.95,5.9,60.64,24.99,28.45,72.01,0
2.65,5.55,61.89,29.57,28.59,67.57,0
3.09,6.93,74.3,30.32,28.8,71.52,0
2.53,6.0,62.29,23.44,31.59,63.93,0
3.3,6.6,55.66,25.79,30.71,64.62,0
3.03,7.87,67.54,28.37,28.91,75.7,0
3.9,8.6,74.47,29.47,26.66,73.4,0
4.1,10.04,81.31,36.17,27.93,84.98,1
2.91,8.1,62.31,30.9,30.51,72.75,0
3.79,8.43,66.29,32.37,26.65,83.31,0
4.11,7.89,71.28,33.71,26.17,74.69,0
3.96,7.21,66.04,26.72,27.53,71.56,0
2.21,4.84,61.06,25.47,31.78,64.55,0
2.6,5.01,53.12,27.5,29.47,64.35,0
3.07,7.83,80.12,33.59,27.97,76.17,0
2.1,5.09,46.62,25.39,33.43,58.36,0
2.83,6.6,60.72,27.69,29.09,76.71,0
4.06,7.32,77.93,33.89,27.58,75.29,0
2.71,5.6,59.03,28.07,28.51,68.37,0
4.48,11.24,82.82,35.41,24.56,83.55,1
5.51,12.69,97.94,37.82,23.47,86.53,1
3.54,6.74,65.71,30.15,30.72,67.63,0
4.73,9.63,80.19,32.75,27.11,74.18,0
2.02,3.96,55.55,24.17,31.43,63.18,0
2.95,6.54,63.12,28.34,29.06,68.14,0
5.41,13.01,91.62,40.75,23.98,96.46,1
3.88,8.09,75.18,33.64,28.03,70.75,1
2.81,4.68,60.01,24.48,30.28,68.77,0
4.54,10.67,84.42,32.45,27.87,85.86,1
2.06,5.18,53.96,29.09,29.97,52.3,0
3.28,7.09,72.8,31.66,29.04,83.07,0
2.61,3.95,55.16,24.74,29.19,58.5,0
4.36,10.52,85.7,36.06,24.71,84.61,1
3.71,6.13,70.49,27.15,29.65,73.44,0
2.37,5.29,56.89,25.85,27.68,63.7,0
5.16,10.06,92.02,40.32,23.57,82.58,1
3.15,6.63,67.12,27.5,28.55,62.93,0
2.07,2.82,51.41,25.12,33.25,63.45,0
2.79,6.96,63.9,24.5,29.63,69.33,0
2.3,5.55,51.77,24.38,31.39,58.35,0
3.9,6.99,73.8,30.33,30.11,75.12,0
3.14,5.96,64.0,26.01,26.48,72.4,0
3.86,6.87,70.0,29.77,27.65,71.54,0
2.03,4.4,54.3,26.77,30.24,64.65,0
3.54,6.7,72.76,28.3,29.35,71.13,1
3.48,6.47,64.17,28.88,29.58,67.71,0
2.88,6.11,63.33,25.71,28.77,59.26,0
3.24,6.25,58.84,31.16,28.18,66.16,0
5.34,11.38,90.59,36.51,23.63,90.48,1
2.84,6.26,66.6,27.26,29.75,76.62,0
4.97,12.56,88.34,38.79,24.79,86.28,1
3.62,8.34,73.13,31.87,26.65,73.73,0
5.54,11.43,93.35,42.41,25.67,88.72,1
2.9,8.28,70.05,30.9,27.64,67.67,1
2.99,5.2,66.16,23.86,31.75,55.06,0
2.21,5.45,62.33,24.52,29.15,58.46,0
4.13,9.22,81.9,34.73,25.8,89.52,1
2.61,6.46,71.65,28.91,29.24,68.97,0
3.18,3.61,60.01,27.37,30.77,60.37,0
2.9,6.02,67.29,28.75,31.08,72.63,0
5.0,10.92,84.56,36.94,25.0,83.82,1
2.75,7.06,64.31,28.77,30.12,64.17,0
2.23,4.08,51.54,26.01,31.21,54.17,0
5.28,11.92,93.0,39.39,22.91,90.64,1
2.68,6.77,60.32,27.9,29.03,62.01,0
2.69,6.37,68.43,26.19,30.29,69.68,0
5.7,12.26,94.16,39.82,25.12,88.79,1
3.13,8.49,70.43,33.8,27.58,75.67,0
2.15,5.78,47.78,23.0,31.85,58.36,0
3.53,7.18,69.17,27.34,29.74,64.84,0
1.89,5.38,57.42,25.28,31.1,63.16,0
3.74,7.32,70.27,29.23,28.7,73.56,0
4.09,7.83,73.38,30.77,27.83,79.66,0
2.39,5.97,61.84,25.38,31.11,66.66,0
3.85,7.39,66.43,32.24,27.59,69.98,0
2.67,5.34,62.62,30.53,27.53,63.27,0
2.75,7.13,69.36,28.08,29.78,77.38,0
2.91,6.71,59.15,26.01,31.79,65.35,0
2.16,5.61,56.57,21.03,32.08,60.67,0
2.59,5.24,56.5,24.57,31.75,60.41,0
3.75,6.82,74.26,30.12,27.09,68.44,0
2.03,4.33,57.25,25.71,30.06,60.17,0
1.88,4.82,61.48,25.91,31.48,67.32,0
1.15,3.76,54.62,24.05,33.28,60.19,0
1.86,3.37,53.36,25.9,31.03,65.38,0
4.58,8.79,80.32,32.58,27.47,73.01,0
3.71,8.3,73.18,30.14,29.44,81.82,0
2.63,6.0,64.25,26.55,29.82,67.54,0
1.71,3.33,52.61,25.47,30.68,61.08,0
4.45,8.45,75.6,29.71,27.18,80.98,0
2.01,4.03,56.69,23.6,32.74,61.67,0
5.34,11.89,92.1,42.57,25.15,86.15,1
4.11,7.84,73.63,30.88,28.1,79.7,0
3.27,7.0,65.85,29.51,29.93,65.26,0
5.56,12.41,90.98,40.48,23.16,90.65,1
3.73,7.94,65.77,29.81,28.45,71.97,0
3.0,6.41,65.44,22.97,29.35,67.22,0
3.99,5.93,68.64,30.2,29.72,81.7,1
5.69,11.06,94.64,35.87,22.51,87.41,1
4.4,8.23,76.21,30.06,27.02,77.57,0
2.48,4.67,58.18,22.68,29.35,65.41,0
3.29,7.9,73.57,29.19,30.25,79.6,0
3.93,10.01,78.7,32.86,26.57,76.98,1
3.61,8.61,75.38,33.34,26.85,72.63,1
4.96,9.85,81.14,38.15,25.88,84.6,1
2.07,5.43,67.5,22.84,29.7,66.26,0
2.08,4.76,57.26,27.52,31.3,63.53,0
4.17,8.15,75.74,31.1,28.89,71.25,0
4.45,8.45,72.84,29.06,27.74,72.88,0
3.88,9.1,76.98,28.99,26.72,77.74,0
4.9,10.62,87.41,35.41,24.38,86.6,1
2.03,5.15,63.09,28.11,28.76,64.6,0
3.39,7.55,67.91,29.05,27.75,65.99,0
2.48,6.68,68.31,25.34,28.4,71.56,0
2.77,7.33,57.14,26.51,29.29,61.56,0
2.96,6.73,64.14,27.08,29.81,78.18,0
2.49,5.04,59.67,27.15,29.42,67.97,0
4.59,11.77,76.88,37.67,24.9,85.68,1
1.69,3.01,46.49,22.35,31.42,51.49,0
3.18,7.6,71.54,28.8,27.91,70.79,0
3.76,7.29,72.06,32.72,27.48,72.9,1
4.71,10.75,88.44,39.46,26.01,86.52,1
2.9,6.99,61.64,28.36,29.55,76.63,0
2.22,4.42,59.86,23.75,28.88,63.42,0
5.6,10.63,87.42,33.92,23.88,85.7,1
3.85,8.58,75.2,36.4,27.03,67.54,1
4.43,9.14,82.15,37.47,27.1,79.87,1
4.24,9.0,79.16,33.56,26.52,78.78,1
3.07,5.44,68.65,29.73,30.34,75.24,0
5.66,11.11,94.43,37.96,23.61,91.96,1
3.96,7.83,77.54,30.3,27.63,73.15,0
2.06,2.7,55.06,20.99,33.32,52.79,0
3.36,7.53,70.52,31.19,28.57,68.49,1
2.82,5.27,64.82,29.53,29.07,74.52,0
4.08,7.06,73.26,31.06,27.63,70.47,0
3.09,6.96,58.86,31.85,30.15,69.24,0
3.44,8.33,68.4,32.93,28.49,73.05,0
4.7,10.43,84.23,35.84,25.45,86.59,1
3.04,6.86,64.56,27.67,27.84,74.37,0
4.6,8.97,74.31,33.14,27.35,84.78,1
4.24,8.92,75.8,33.69,26.84,81.23,0
5.41,11.88,94.77,43.04,24.96,94.44,1
6.03,11.77,93.45,40.24,25.1,96.95,1
2.27,6.25,64.84,26.91,31.02,67.59,0
4.73,8.73,77.25,29.74,26.63,77.21,0
3.57,6.36,69.58,27.84,29.24,72.7,0
4.02,10.95,89.94,36.66,24.9,78.85,1
1.47,4.26,52.84,24.22,30.69,55.07,0
3.02,6.75,62.96,28.25,28.28,67.72,0
3.17,5.3,55.03,24.82,31.15,61.88,0
4.94,11.95,97.95,35.31,24.41,96.07,1
3.3,8.31,73.22,31.58,29.69,70.19,0
2.37,5.96,58.82,21.78,30.43,65.82,0
3.75,8.33,65.41,29.87,27.7,66.88,0
4.35,8.84,79.78,33.47,26.36,76.21,1
2.85,6.23,66.93,28.11,27.91,59.27,0
2.14,5.32,69.98,24.21,29.88,67.56,0
5.04,9.99,84.84,40.99,23.62,86.09,1
2.11,5.62,56.38,28.23,29.66,72.69,0
2.47,5.78,67.69,28.0,30.92,63.75,0
4.38,9.44,77.22,31.28,27.93,77.06,1
1.79,4.86,52.33,22.72,30.64,64.27,0
2.34,5.35,63.77,29.68,30.65,61.06,0
2.38,6.56,54.15,26.96,30.42,66.18,0
3.35,4.91,61.4,26.1,30.41,70.94,0
3.3,7.75,70.51,30.53,29.03,82.29,0
3.01,6.03,62.26,25.81,30.21,66.24,0
4.89,9.33,81.36,35.33,25.25,76.57,1
3.29,5.04,61.68,25.92,30.36,71.15,0
3.38,7.5,69.78,32.11,28.84,72.42,0
5.78,10.86,91.85,40.88,23.29,97.04,1
3.28,8.35,62.73,31.25,27.35,68.13,0
2.52,4.88,60.22,27.1,30.48,61.62,0
2.52,4.89,55.1,24.78,31.39,65.12,0
3.87,9.2,73.24,33.21,26.89,79.98,0
2.02,4.2,49.64,24.2,32.09,61.73,0
2.48,5.63,56.01,28.66,29.71,66.52,0
3.28,5.35,61.73,28.41,28.81,56.93,0
4.08,8.07,78.38,34.99,27.07,70.22,1
4.85,10.47,88.94,38.91,27.04,82.04,1
2.28,5.84,58.45,27.54,30.27,63.24,0
2.84,4.74,59.97,28.68,31.49,56.28,0
2.1,5.67,65.71,21.96,29.55,65.62,0
2.1,5.35,63.36,24.28,30.58,69.91,0
4.2,8.58,75.28,31.81,29.08,73.1,0
3.83,6.72,69.72,28.62,28.84,69.33,0
4.32,8.43,81.98,33.29,26.26,81.61,1
2.51,6.08,57.87,23.67,31.07,66.7,0
2.32,5.85,59.77,29.65,29.55,67.46,0
3.75,8.17,73.27,33.87,27.47,77.08,0
2.36,5.88,68.76,26.74,29.66,63.96,0
2.86,6.61,67.71,28.64,30.69,62.42,0
2.73,7.42,57.24,26.46,29.19,62.41,0
4.49,9.04,72.92,36.6,27.84,88.24,1
3.56,7.18,74.81,32.89,28.83,72.94,0
3.02,5.84,65.1,24.91,29.22,71.63,0
4.35,7.14,82.05,30.61,27.76,77.57,1
4.04,9.98,79.58,35.65,25.36,80.66,1
3.1,7.72,74.17,29.02,28.68,69.14,0
2.92,6.05,62.49,25.64,28.78,59.19,0
2.25,4.71,67.32,22.14,30.72,69.09,0
3.21,5.63,61.9,25.65,29.33,69.54,0
2.95,7.41,72.88,29.9,29.2,73.8,1
4.42,9.38,74.84,31.74,29.73,81.42,1
2.92,5.28,61.01,25.75,30.87,69.16,0
1.9,3.92,64.67,23.07,30.41,58.1,0
2.12,5.6,58.9,28.67,31.17,62.95,0
2.99,6.31,64.56,27.92,29.66,77.69,0
3.37,7.65,72.06,29.88,27.56,74.4,0
2.46,5.98,69.64,25.54,31.05,69.07,0
2.6,6.86,56.85,23.86,31.35,65.89,0
4.05,7.49,78.71,33.73,27.45,75.75,0
2.62,5.02,58.86,29.86,29.09,69.97,0
2.71,5.35,61.29,30.58,27.62,63.18,0
4.87,9.29,83.74,34.18,25.43,82.79,1
1.76,4.07,56.14,18.91,32.48,56.58,0
3.81,8.64,79.71,30.71,27.47,74.69,1
2.59,5.2,59.38,29.07,30.6,62.77,0
2.61,5.92,59.18,25.95,32.27,60.54,0
4.37,8.71,71.0,31.19,27.06,79.4,1
2.17,4.65,63.93,26.12,30.65,62.72,0
1.52,4.29,51.18,22.47,31.61,48.45,0
3.24,7.26,65.45,29.4,29.38,68.08,0
4.97,13.02,94.69,39.98,25.05,92.13,1
5.77,11.26,91.61,39.54,24.72,89.81,1
2.83,4.55,57.11,24.67,31.6,65.02,0
1.97,6.08,55.44,24.42,31.46,63.34,0
3.84,8.42,75.36,34.34,27.81,78.0,0
2.33,3.91,54.04,24.86,31.22,59.67,0
2.22,4.34,50.88,23.89,32.01,62.15,0
3.97,8.81,84.23,34.26,27.56,74.36,1
2.1,5.93,59.79,25.89,31.53,57.4,0
2.19,5.17,59.95,21.67,29.2,64.64,0
3.2,6.77,68.69,29.22,30.0,73.17,0
1.97,5.28,58.57,24.13,30.12,69.99,0
2.07,4.54,53.73,29.13,32.32,57.46,0
3.22,7.82,76.27,30.22,26.4,71.97,0
5.29,12.29,85.78,38.08,25.31,79.36,1
4.48,8.47,88.28,35.75,25.09,84.0,1
3.48,7.78,73.87,29.69,28.41,70.12,0
1.81,3.85,50.53,25.67,30.87,62.94,0
2.51,6.59,62.27,25.18,29.46,67.22,0
4.23,8.9,75.54,31.18,27.74,71.8,1
5.47,11.42,85.94,40.15,23.57,76.83,1
3.04,7.18,63.08,29.84,29.28,66.9,0
1.83,4.9,45.04,20.95,31.86,61.02,0
2.8,4.59,52.58,23.09,29.98,57.04,0
3.36,8.33,74.37,29.55,28.09,68.53,0
2.09,4.27,52.34,22.81,32.91,56.02,0
4.41,9.15,86.52,33.96,25.34,80.76,1
3.28,6.7,67.55,29.81,29.15,71.79,1
3.61,6.71,75.18,31.57,26.75,75.78,0
3.0,7.81,64.48,29.66,29.49,67.01,0
3.73,7.16,68.74,30.53,27.9,65.8,0
4.04,9.29,79.2,36.04,25.69,80.29,1
2.14,4.12,58.16,28.97,30.64,66.1,0
3.15,6.1,68.15,30.05,28.33,69.55,0
3.69,5.38,65.44,30.66,29.67,72.71,0
3.13,6.65,64.94,28.84,27.33,66.44,0
2.76,5.3,57.61,23.98,30.32,56.23,0
3.56,7.6,70.58,32.83,27.12,76.01,0
4.12,7.6,66.03,31.28,29.86,74.28,0
1.65,3.39,49.56,23.69,31.55,48.58,0
4.33,9.17,74.0,29.53,26.27,82.74,1
3.37,6.94,73.87,28.28,29.22,64.87,1
2.52,5.62,56.65,26.54,30.93,60.26,0
4.09,9.08,73.92,32.42,26.95,81.37,1
1.54,6.09,56.48,24.37,29.89,68.28,0
2.76,5.17,57.2,26.64,31.3,57.2,0
2.11,6.59,63.34,29.34,31.75,64.49,0
3.58,8.82,79.08,33.6,27.14,74.53,0
5.53,11.35,93.28,39.97,24.45,91.69,1
4.21,10.6,83.72,36.7,23.52,82.54,1
2.76,7.14,62.99,22.99,30.55,75.2,0
1.92,3.93,56.6,26.26,32.16,60.75,0
2.57,6.46,64.58,31.06,30.25,74.5,0
4.89,9.57,89.62,36.62,25.67,80.65,1
4.93,11.2,86.3,36.99,24.25,82.27,1
4.51,10.07,83.28,34.92,24.48,83.37,1
3.54,10.13,69.8,33.77,27.36,73.68,0
3.47,8.07,73.86,27.99,27.21,66.01,0
2.29,4.4,47.63,25.23,31.41,62.63,0
3.24,5.96,67.47,26.92,27.85,79.27,0
3.24,8.0,74.8,33.3,27.88,74.52,1
3.38,6.63,72.42,30.19,29.81,67.99,0
2.45,5.64,56.18,28.54,29.74,66.2,0
5.21,11.41,87.94,41.3,23.38,91.31,1
1.9,4.11,55.95,26.02,31.15,62.2,0
2.91,5.19,60.16,25.76,30.89,68.43,0
2.88,5.78,57.21,25.99,32.84,65.4,0
4.01,9.84,86.76,34.47,26.4,82.45,1
3.87,7.81,72.14,30.88,27.7,73.25,0
2.0,5.25,55.39,22.63,33.8,61.73,0
3.66,7.18,69.41,29.31,28.72,68.81,0
3.22,6.24,61.98,25.31,29.86,62.29,0
3.53,7.57,68.67,28.96,28.98,75.72,0
3.52,7.56,81.45,29.49,28.66,77.05,0
4.49,10.67,83.82,39.53,25.77,79.91,1
3.89,7.87,71.49,30.86,27.6,73.01,0
4.36,9.39,76.71,33.05,25.4,80.65,1
2.46,6.67,68.45,29.11,28.87,77.94,0
2.99,5.98,69.14,29.3,29.17,77.79,0
3.4,7.42,71.5,30.67,27.94,76.43,0
2.06,4.88,53.26,28.26,31.36,59.85,0
1.6,4.3,52.54,21.78,31.8,63.09,0
4.75,11.06,82.4,35.43,25.29,81.85,1
2.84,5.39,65.27,28.81,29.73,77.75,0
4.15,9.63,82.13,29.27,27.55,70.59,0
2.34,5.16,59.86,26.49,30.63,65.22,0
3.34,7.7,71.14,30.31,28.9,83.11,0
4.7,11.5,84.17,34.99,26.25,85.76,1
4.99,10.52,87.3,33.99,25.36,81.4,1
2.93,5.61,64.43,23.47,27.83,64.81,0
4.41,9.57,87.53,30.05,26.35,88.74,1
2.99,6.05,67.69,26.63,29.07,72.35,0
4.65,10.22,88.65,33.15,25.69,80.65,1
4.11,9.09,80.72,30.86,26.32,75.97,0
4.39,9.93,81.89,33.29,25.95,85.64,1
2.27,4.02,49.72,24.74,31.65,60.81,0
3.17,6.89,65.76,30.47,28.86,68.84,0
5.41,11.16,88.75,38.18,24.06,86.55,1
3.57,7.78,68.45,30.24,30.0,66.98,0
3.7,8.67,72.19,31.86,27.44,76.32,0
3.15,7.28,61.93,31.46,28.37,69.78,0
5.28,10.35,85.43,36.92,23.18,87.08,1
5.34,11.24,89.89,36.18,24.79,92.92,1
2.92,5.85,63.06,26.22,31.28,60.17,0
2.12,5.56,50.93,25.76,31.75,58.84,0
3.78,7.14,69.9,30.13,27.76,66.21,0
3.63,8.02,72.34,32.28,28.83,72.87,1
2.32,5.46,61.21,27.06,29.57,66.6,0
4.0,8.56,79.03,29.69,27.34,64.93,0
1.98,3.19,53.74,21.86,31.18,63.79,0
2.54,4.84,64.23,27.98,30.67,62.89,0
6.09,13.64,100.55,41.83,23.7,87.23,1
1.87,3.45,50.84,23.42,31.8,60.87,0
2.91,7.93,61.46,31.22,30.32,70.82,0
1.71,4.53,57.83,23.22,31.34,60.75,0
4.56,9.06,82.86,36.16,26.41,78.06,1
5.22,10.03,98.13,37.46,23.23,89.23,1
3.96,8.18,70.91,33.68,27.74,76.54,1
2.6,7.67,67.47,31.1,28.08,56.33,0
4.32,7.03,69.23,30.91,28.49,79.03,1
2.43,6.19,57.92,28.76,29.17,63.19,0
2.53,5.74,63.61,27.88,30.6,55.06,0
3.86,8.96,74.14,34.58,26.85,79.02,0
5.03,11.42,83.71,33.23,26.05,89.38,1
2.12,6.58,60.51,28.85,30.0,68.03,0
3.72,6.8,63.41,31.23,29.82,76.62,0
4.85,11.98,90.79,38.86,23.98,88.26,1
1.98,3.43,56.47,23.09,32.79,62.67,0
3.35,7.27,65.39,28.22,26.9,67.13,0
3.15,6.55,68.92,28.48,28.65,72.85,0
3.91,8.15,79.65,30.44,26.5,72.27,1
5.18,12.99,91.3,43.29,23.92,90.37,1
3.17,6.22,59.46,30.45,28.87,71.02,0
2.83,6.64,60.78,26.42,30.12,65.77,0
1.99,5.19,56.73,24.81,31.29,63.68,0
3.12,6.41,75.38,29.04,27.11,68.88,0
2.28,5.25,59.58,21.53,29.98,60.6,0
1.38,4.98,57.01,22.01,30.85,60.33,0
1.9,4.13,56.01,26.13,31.3,62.68,0
4.0,10.71,82.48,35.01,25.05,79.86,1
3.0,5.86,64.22,25.11,29.17,71.5,0
3.94,8.24,78.25,33.92,28.35,77.28,1
2.82,6.74,64.33,29.3,29.65,66.35,0
3.29,8.08,66.52,31.15,28.05,78.97,1
3.0,6.0,65.01,28.44,28.36,74.77,0
4.63,10.57,83.12,37.4,25.57,80.52,1
2.42,4.68,64.71,27.21,29.3,59.97,0
5.23,10.85,89.33,38.86,22.83,84.53,1
4.19,8.79,83.34,34.11,26.48,77.09,1
3.19,7.58,70.24,31.21,27.56,63.81,1
2.51,5.97,63.41,31.94,29.3,62.71,0
4.29,9.75,84.24,33.69,26.2,75.99,1
3.37,7.57,67.81,25.92,26.93,75.6,0
2.63,4.09,55.13,24.76,29.24,58.44,0
2.0,4.28,54.23,24.19,32.71,54.7,0
2.88,4.97,57.09,28.84,31.41,54.54,0
3.26,6.16,71.22,26.79,30.29,69.03,0
4.24,10.69,78.52,36.46,26.41,82.19,1
2.59,5.27,57.92,24.01,30.47,61.2,0
5.58,12.65,101.62,39.03,23.24,91.46,1
2.04,4.86,56.13,23.79,31.47,57.51,0
2.63,6.11,64.56,26.54,29.71,67.12,0
2.24,4.71,48.21,25.53,32.01,64.55,0
3.63,7.66,72.01,33.79,28.93,79.78,0
3.88,7.45,71.73,28.52,28.06,78.14,0
2.45,5.9,54.17,26.1,28.96,61.39,0
2.13,4.32,58.17,29.27,30.71,65.39,0
5.32,11.51,90.24,35.95,24.09,82.83,1
4.39,8.61,84.38,34.69,25.53,78.29,1
4.22,8.17,76.11,31.32,28.95,71.32,0
3.54,6.33,71.55,30.46,27.49,71.98,0
2.92,7.32,61.79,26.57,31.34,67.84,0
2.24,6.0,60.06,25.37,31.1,63.59,0
3.44,8.48,75.96,29.58,27.43,70.06,0
2.79,6.96,63.43,24.2,29.53,69.33,0
4.52,9.33,78.66,36.79,25.41,83.74,1
3.15,7.09,64.2,26.66,29.88,61.1,0
2.78,5.41,64.32,26.2,31.33,65.61,0
4.17,8.32,77.28,30.51,23.72,83.16,1
2.49,5.68,57.48,24.65,29.3,76.66,0
3.61,7.79,74.39,35.3,27.48,68.86,0
2.22,3.66,59.39,25.8,31.14,60.23,0
2.6,5.68,65.97,26.8,29.97,67.25,0
2.11,4.81,55.99,22.13,31.57,56.8,0
3.63,8.0,73.74,26.68,27.18,65.14,0
5.0,10.5,90.28,41.15,25.12,87.73,1
2.67,5.89,59.55,23.68,29.99,64.58,0
1.94,4.45,55.64,25.36,31.93,61.52,0
2.68,5.77,57.29,27.09,30.05,65.48,0
2.8,6.8,64.17,29.23,29.38,66.55,0
2.25,5.84,48.14,23.18,31.85,57.94,0
3.98,9.01,72.38,33.6,26.81,80.12,1
2.75,6.0,61.14,29.59,27.65,63.66,0
3.43,6.11,69.27,29.5,29.27,71.09,0
3.78,10.08,80.46,35.53,26.88,74.09,1
3.52,8.47,73.28,29.65,31.02,75.43,1
1.86,5.57,57.9,21.42,30.93,54.83,0
5.38,11.79,85.77,33.67,25.06,85.32,1
1.94,5.44,46.87,26.44,32.14,64.44,0
2.68,7.35,64.91,27.31,27.12,61.79,0
1.64,4.72,64.19,23.32,33.58,61.59,0
4.97,9.83,84.87,35.49,24.88,95.1,1
2.97,6.1,60.99,28.15,31.14,62.94,0
4.25,7.96,72.23,34.38,26.61,77.53,0
2.3,5.82,53.45,21.58,34.33,54.27,0
3.23,6.7,63.44,28.66,28.61,71.59,0
3.3,5.27,61.79,28.41,28.82,56.83,0
4.0,9.32,80.78,33.84,26.21,70.48,1
2.35,5.25,58.9,25.6,30.54,55.24,0
2.11,4.98,57.98,26.51,32.06,53.36,0
3.29,5.62,62.19,25.76,29.47,69.15,0
1.89,5.24,59.08,26.65,29.13,55.52,0
4.34,10.86,85.6,33.47,24.64,72.31,1
5.0,11.76,96.23,37.96,22.38,87.89,1
3.21,7.39,65.24,26.45,29.58,69.14,1
2.76,6.39,65.91,26.99,27.23,68.53,0
4.34,10.82,78.88,36.55,26.83,72.06,1
2.69,5.37,54.71,25.4,31.65,61.94,0
3.71,8.35,76.18,32.77,26.61,78.59,1
2.26,5.72,62.63,29.51,30.48,65.06,0
3.49,7.58,72.86,28.65,27.34,76.59,0
2.55,4.47,58.84,25.27,30.0,67.73,0
4.34,8.42,71.95,33.69,28.32,71.15,0
2.64,5.46,61.57,30.99,29.66,66.12,0
5.81,12.23,99.47,39.54,24.31,89.0,1
1.92,6.13,53.0,28.43,31.0,67.27,0
2.89,6.55,66.61,29.34,27.8,65.84,0
4.97,12.31,83.0,38.6,24.07,85.75,1
5.06,10.59,80.8,35.04,24.04,85.03,1
4.97,12.46,97.33,41.85,21.79,92.66,1
3.16,6.12,62.79,29.65,29.83,74.55,0
5.72,9.45,85.05,36.46,25.18,84.36,1
2.11,5.52,56.95,26.67,31.75,50.77,0
2.64,6.29,65.51,29.35,29.31,72.51,0
4.6,10.18,84.26,34.55,23.26,79.61,1
4.16,8.98,80.9,34.74,27.34,82.78,1
5.27,11.16,88.11,34.94,25.71,82.76,1
2.05,4.81,60.18,22.81,31.03,60.91,0
3.88,8.61,74.52,33.75,27.91,74.95,1
2.12,5.3,55.04,22.97,31.71,60.33,0
4.45,9.49,83.8,33.96,25.44,77.16,1
3.7,8.42,74.52,35.3,26.44,78.47,1
2.99,7.84,67.13,29.79,29.54,66.06,0
3.9,7.04,69.58,28.09,28.05,71.82,0
2.96,5.53,63.45,28.18,29.0,59.76,0
5.68,11.9,93.13,41.05,24.8,96.64,1
3.73,8.72,71.32,32.22,28.04,76.86,0
2.2,5.43,55.83,23.26,31.62,61.46,0
3.99,9.61,75.61,31.67,26.88,78.35,1
3.46,6.95,71.54,31.81,26.75,73.36,1
2.78,7.23,63.87,27.27,27.38,61.49,0
2.23,3.97,62.07,28.48,32.14,65.36,0
4.76,10.83,81.57,36.14,27.63,82.84,1
2.44,5.99,58.28,24.33,31.13,63.39,0
2.21,6.14,57.01,27.49,31.58,63.72,0
2.04,2.89,51.31,25.04,33.24,63.3,0
5.56,11.42,89.82,37.14,24.44,77.99,1
3.15,5.74,59.49,30.09,28.82,70.34,0
1.63,4.15,46.82,22.74,31.59,64.25,0
3.62,8.83,77.31,34.17,27.21,74.71,0
5.0,11.57,87.72,37.13,24.83,84.11,1
2.59,4.46,58.48,27.39,31.25,75.5,0
4.86,10.55,85.13,38.13,23.36,85.04,1
3.54,5.27,62.26,27.67,29.73,73.9,0
3.34,6.73,58.93,25.99,30.65,64.4,0
3.0,8.06,68.51,29.75,28.33,75.6,0
2.99,5.32,60.25,22.86,30.2,59.38,0
3.98,8.89,75.18,34.79,27.19,83.52,1
4.38,9.1,82.86,33.29,26.78,88.02,1
4.89,11.09,92.02,36.79,24.95,86.26,1
3.49,7.38,72.94,30.2,28.3,69.43,0
3.23,7.8,77.68,29.96,26.46,72.13,0
2.88,6.48,66.65,27.23,28.2,60.28,0
4.9,11.37,87.21,37.3,25.46,80.09,1
3.27,8.2,72.03,31.79,29.52,71.09,0
2.06,4.15,50.25,24.11,32.18,61.12,0
2.34,5.88,60.22,26.71,30.68,61.2,0
2.32,5.38,59.91,24.69,29.71,67.18,0
3.98,9.01,73.68,30.85,28.05,77.81,1
3.73,8.46,70.75,32.42,26.99,77.7,0
3.64,8.74,65.8,29.8,29.47,76.18,0
2.19,4.25,58.49,23.71,33.31,56.98,0
2.98,6.07,64.63,32.17,29.55,63.02,0
2.98,5.62,68.06,28.05,31.26,71.88,0
3.49,7.77,72.98,29.47,28.44,69.94,0
2.93,5.67,72.17,31.26,28.88,67.56,0
2.35,5.59,67.53,26.23,31.53,59.6,0
2.89,6.39,60.37,28.2,28.09,62.05,0
2.62,5.47,61.59,26.47,28.98,62.65,0
1.88,4.51,51.24,22.01,30.59,57.83,0
5.21,10.5,84.21,31.95,27.88,83.84,1
3.57,7.28,75.06,28.29,26.79,74.5,0
5.42,12.92,103.55,37.63,23.37,82.87,1
2.16,5.56,61.18,23.89,30.12,64.13,0
2.86,5.53,66.17,28.87,28.92,72.61,0
3.94,8.11,75.31,29.73,26.86,80.79,0
4.76,10.01,82.97,37.54,25.93,83.31,1
4.7,12.07,84.52,38.08,23.17,84.06,1
3.34,7.7,70.26,29.97,27.87,65.78,0
3.07,6.66,67.0,28.18,29.79,68.09,0
3.8,7.25,73.54,31.05,27.92,68.14,0
2.41,5.77,68.43,25.94,31.56,69.93,0
2.89,6.52,65.6,27.28,28.28,63.54,0
1.91,5.28,47.08,26.39,32.04,63.96,0
3.63,8.15,73.08,31.75,27.95,69.61,1
3.37,5.64,66.13,28.89,28.42,71.57,0
2.59,4.32,58.58,24.95,29.81,67.55,0
2.09,5.57,48.83,24.34,32.6,59.51,0
4.03,8.61,72.9,31.69,26.76,75.76,1
2.7,7.28,57.14,26.76,29.08,74.52,0
2.26,4.96,50.75,25.83,31.03,61.08,0
1.57,4.93,53.6,25.99,31.28,62.51,0
3.45,8.48,68.8,28.24,27.14,74.21,0
4.2,9.87,77.14,35.36,26.34,79.91,1
5.64,12.31,97.22,41.64,24.76,95.01,1
3.11,7.22,72.54,28.89,26.96,71.59,0
5.05,11.13,82.83,36.17,24.04,90.58,1
5.16,11.44,85.64,37.28,24.05,87.33,1
3.53,7.49,64.11,28.93,27.79,75.41,0
2.71,5.04,59.84,28.72,31.33,65.18,0
2.51,5.25,68.83,25.2,29.79,67.5,0
4.78,11.86,86.09,35.28,24.52,90.37,1
2.33,5.45,54.67,23.95,32.19,59.31,0
6.04,12.27,96.48,39.19,23.42,96.23,1
4.05,7.64,66.99,30.18,27.33,78.65,0
4.89,10.79,87.44,38.02,23.74,90.59,0
3.07,6.95,67.2,29.7,28.41,74.56,0
2.73,6.44,64.84,24.06,30.43,67.12,0
2.66,6.1,59.91,23.92,30.14,64.25,0
3.28,7.0,64.56,28.81,29.94,67.35,0
3.35,6.18,65.47,30.06,29.48,75.67,0
2.53,5.47,61.55,26.56,28.92,62.12,0
4.55,10.58,85.15,37.12,26.73,77.81,0
4.82,12.15,94.61,37.86,24.4,86.11,1
2.55,4.91,57.42,27.95,32.26,61.34,0
3.07,8.44,71.13,31.89,28.51,69.37,0
1.56,3.1,53.07,24.7,31.18,56.03,0
3.81,9.25,77.94,34.86,26.5,76.87,1
3.21,6.99,60.72,29.55,30.67,67.82,0
3.93,8.51,69.45,30.78,27.87,73.95,1
2.99,6.45,63.92,27.17,29.73,78.0,0
2.47,6.62,67.58,24.69,27.88,69.76,0
5.7,12.86,96.93,38.79,23.59,91.75,1
1.97,5.22,54.7,20.71,28.93,57.92,0
4.3,9.59,79.4,31.72,26.18,77.57,1
2.94,5.96,60.78,29.85,29.63,69.8,0
3.75,7.73,79.98,31.02,28.36,73.6,1
1.91,4.33,57.69,27.92,30.33,63.1,0
2.55,6.34,65.79,26.76,30.54,68.98,0
3.12,6.51,71.26,27.45,28.14,64.6,0
4.81,10.04,88.43,38.57,24.33,85.02,1
3.72,7.54,73.16,33.88,26.51,77.09,0
3.39,7.7,72.1,30.18,27.67,74.31,0
2.37,5.34,60.45,24.59,31.35,64.5,0
2.28,4.84,55.11,22.85,30.9,60.17,0
3.15,5.39,62.91,26.2,30.71,61.92,0
2.14,6.64,58.51,22.82,30.27,57.45,0
3.66,5.08,67.06,30.45,29.77,72.27,0
2.18,5.37,61.55,25.34,29.09,68.32,0
3.42,6.56,64.63,27.55,29.03,66.94,0
1.68,4.14,53.33,25.72,30.39,66.95,0
2.08,5.39,61.67,22.65,31.29,56.03,0
1.85,5.34,59.7,27.43,32.98,57.25,0
3.71,8.42,71.39,32.4,27.22,77.63,0
1.82,6.57,60.62,24.31,31.15,63.16,0
5.2,11.32,88.55,39.33,23.74,88.22,1
2.12,4.74,53.76,29.16,31.44,57.92,0
2.79,6.4,58.74,30.91,30.71,65.74,0
1.61,4.61,62.53,26.44,31.16,64.01,0
2.27,5.99,59.03,24.32,30.01,59.93,0
1.75,4.83,62.84,23.52,32.23,65.18,0
3.29,7.44,71.8,30.98,29.46,73.24,0
2.95,6.97,65.17,32.02,30.52,74.94,0
2.86,5.47,66.49,28.97,29.09,73.22,0
2.11,4.07,45.76,23.85,32.71,57.49,0
3.28,8.14,74.74,30.26,28.74,78.15,0
2.56,5.14,60.5,30.26,28.95,67.74,0
3.79,7.84,73.4,32.38,27.01,71.11,0
5.02,11.8,90.25,37.34,24.21,84.52,1
1.9,4.74,44.91,21.76,33.48,57.62,0
1.34,5.31,61.58,24.08,31.03,58.81,0
3.39,6.95,72.62,31.62,26.93,76.64,0
3.28,7.65,62.94,28.07,28.85,72.37,0
2.44,5.18,60.06,22.28,30.4,61.15,0
3.33,8.35,62.83,31.16,27.35,68.29,0
5.11,11.14,91.16,41.71,23.29,92.35,1
3.92,9.29,72.45,33.08,26.69,79.9,0
1.62,3.77,45.74,22.29,31.74,54.4,0
2.63,6.18,59.71,29.98,29.38,64.1,0
2.68,6.97,69.11,30.86,28.04,70.1,0
2.62,6.21,64.53,29.61,29.39,72.27,0
2.61,6.24,54.48,27.25,31.47,65.6,0
2.86,5.12,56.95,25.49,30.23,62.62,0
2.73,5.95,62.5,29.8,27.65,63.91,0
2.22,5.43,50.4,22.66,32.75,68.06,0
3.29,6.11,62.94,27.56,27.6,73.09,0
4.72,9.91,85.74,34.4,25.06,85.12,1
2.19,3.56,48.94,20.92,32.27,60.25,0
3.91,9.37,86.87,33.48,27.18,78.03,1
2.18,5.59,49.15,23.75,31.37,59.38,0
2.47,7.16,63.0,28.87,28.86,64.72,0
2.12,5.57,64.86,27.17,29.56,70.64,0
2.73,6.26,67.94,31.09,29.79,70.3,0
4.22,9.18,76.16,30.8,26.87,76.22,1
5.06,11.68,87.62,38.65,24.96,80.6,1
5.61,11.68,98.78,41.29,23.7,83.92,1
1.74,5.12,55.33,25.23,29.27,59.38,0
6.25,12.19,93.48,41.79,22.48,87.95,1
1.78,4.88,60.03,26.89,33.39,58.82,0
3.73,7.82,79.34,31.15,28.94,74.61,1
2.88,5.7,57.18,26.11,33.08,65.3,0
3.21,7.43,64.71,27.49,28.28,62.25,0
4.64,10.09,73.62,34.16,26.74,75.06,1
3.57,8.01,75.18,31.62,27.13,75.5,1
2.95,5.01,64.06,28.79,30.72,64.19,0
1.89,5.04,47.94,24.86,32.33,51.64,0
3.45,7.45,71.35,30.74,28.08,75.77,0
2.41,3.3,53.82,20.6,31.75,50.28,0
2.05,5.1,63.11,28.01,29.03,65.19,0
5.36,12.52,101.03,43.08,22.56,93.95,1
3.78,7.11,69.73,30.4,28.94,71.71,1
3.93,8.26,73.53,30.65,25.0,61.6,0
3.06,7.18,69.07,29.86,27.64,72.37,0
3.18,5.52,59.23,26.67,31.38,56.49,0
1.97,4.67,58.32,24.03,32.48,62.96,0
4.01,9.06,84.15,33.41,25.87,79.18,1
3.31,7.72,68.48,28.66,28.06,74.81,0
3.71,5.17,66.85,30.32,29.7,72.61,0
2.47,5.17,64.72,26.08,29.26,63.99,0
5.52,10.68,93.37,41.29,23.86,87.77,1
3.29,6.28,65.15,29.17,27.03,78.89,1
3.71,8.4,78.74,31.92,27.01,77.09,1
3.84,8.99,76.43,28.61,26.5,77.1,0
3.25,7.22,65.75,28.97,30.13,77.12,0
3.59,7.59,72.72,31.16,28.79,73.97,0
1.33,4.57,46.55,25.28,31.38,61.14,0
3.74,6.73,73.87,32.93,25.31,68.58,0
3.0,6.08,70.69,28.7,28.54,67.63,0
4.2,8.29,78.71,33.54,26.76,78.09,1
2.05,5.83,53.2,25.22,30.61,58.72,0
4.73,9.82,84.07,38.04,24.91,75.0,1
1.28,4.33,47.26,24.93,30.98,61.56,0
2.81,5.7,60.31,27.99,28.35,62.76,0
5.57,11.51,90.6,41.16,22.96,89.52,1
2.87,5.27,54.01,25.69,32.01,53.46,0
3.23,7.55,70.12,30.91,28.12,71.48,1
5.1,11.59,93.54,39.91,23.96,92.97,1
3.23,7.78,68.68,31.79,27.96,78.26,1
2.59,6.61,62.7,28.45,29.55,60.85,0
3.56,6.76,65.28,30.28,30.84,67.66,0
4.68,8.25,75.26,33.41,24.34,74.22,1
3.62,5.3,65.19,30.13,29.83,71.92,0
1.74,5.19,58.43,26.94,32.59,60.47,0
5.91,11.93,92.49,37.01,23.77,84.96,1
3.61,7.7,74.38,35.11,27.24,68.94,0
2.94,5.11,64.72,26.17,31.54,67.96,0
2.29,4.27,61.15,26.11,31.1,55.77,0
4.01,10.74,86.41,33.93,23.33,87.92,1
2.77,5.57,70.96,26.82,31.04,65.48,0
2.79,6.9,61.91,28.31,29.45,77.25,0
2.72,6.71,68.3,28.23,29.79,68.63,0
2.21,5.3,50.66,23.05,32.72,67.61,0
3.32,6.54,60.57,27.02,29.8,76.08,0
3.68,6.5,72.24,32.88,25.16,69.98,0
2.44,7.96,65.35,28.91,29.37,64.5,0
4.59,11.66,86.55,38.14,25.76,88.41,1
2.74,5.36,61.88,25.31,32.15,63.79,0
2.45,6.93,53.56,25.78,32.05,51.89,0
2.02,4.81,56.55,22.17,31.45,57.03,0
2.95,7.27,64.57,31.83,28.93,80.01,0
2.39,6.19,54.51,28.18,30.35,61.02,0
2.75,5.49,57.27,26.35,28.78,64.42,0
2.92,6.95,65.16,27.99,28.19,72.21,0
4.63,10.41,79.19,30.94,25.57,88.53,1
2.75,5.31,63.93,28.64,27.68,66.29,0
3.17,5.51,50.6,28.67,29.62,64.81,0
2.92,5.6,64.43,26.99,28.86,63.4,0
4.44,9.85,78.77,30.24,25.99,76.0,1
4.0,8.96,75.92,31.31,26.84,71.66,1
4.42,9.79,78.98,34.84,26.3,84.31,1
1.83,5.53,55.95,26.94,32.25,59.86,0
2.42,5.49,62.42,26.07,31.39,67.85,0
2.53,5.05,62.47,24.13,30.34,59.55,0
3.61,7.38,71.0,31.22,27.03,78.9,0
2.81,8.56,70.59,28.86,28.24,70.65,0
4.42,8.3,83.33,36.58,25.45,91.88,1
4.47,9.58,80.92,31.82,26.25,78.48,1
4.39,9.63,78.3,31.07,28.34,79.45,1
1.92,4.27,52.98,24.92,30.04,65.49,0
4.49,8.82,68.21,31.24,25.73,75.73,1
3.43,6.56,64.81,27.69,29.11,67.13,0
3.44,7.54,64.39,30.4,28.87,67.95,0
1.89,4.72,52.24,19.7,31.55,56.51,0
4.41,9.54,85.25,35.19,24.88,80.71,1
3.11,5.67,60.13,24.47,30.77,72.44,0
5.07,12.06,94.91,42.11,23.55,87.58,1
3.4,7.34,68.47,27.85,29.17,73.88,0
1.98,3.66,56.72,25.87,32.98,63.49,0
2.05,3.68,53.1,22.12,32.03,60.15,0
3.64,6.6,71.87,29.0,29.36,72.15,1
2.04,4.56,58.45,24.02,32.48,63.54,0
2.9,7.1,67.22,27.12,28.48,64.36,0
5.41,11.95,89.97,40.43,25.25,89.29,1
3.85,8.13,73.74,30.82,24.96,62.19,0
4.34,7.79,69.61,30.59,26.8,74.74,0
2.02,5.68,58.62,28.74,31.16,63.05,0
3.23,5.73,60.74,28.93,29.7,63.7,0
3.24,6.06,60.75,29.38,28.69,71.68,0
4.68,10.31,87.57,35.46,26.6,84.43,1
5.08,10.33,83.26,39.39,22.72,85.58,1
2.25,4.71,56.21,19.83,31.81,62.4,0
4.34,9.62,85.72,36.17,26.68,73.23,1
1.58,4.4,53.78,24.78,31.03,60.59,0
6.61,11.63,98.07,38.95,22.39,91.15,1
2.61,6.39,71.58,29.0,29.42,69.06,0
3.01,6.51,59.54,24.82,30.09,69.19,0
3.72,8.18,79.65,32.88,28.79,73.42,1
5.5,10.65,87.97,35.81,23.69,85.8,1
3.02,7.56,72.52,28.91,26.78,73.89,0
3.77,8.79,79.9,33.55,27.65,72.63,0
3.66,6.9,68.24,29.14,28.67,62.81,0
3.07,6.76,61.88,29.25,29.96,65.01,0
1.76,4.95,66.97,25.78,31.31,64.62,0
2.52,5.47,66.83,22.85,31.02,66.82,0
3.64,8.47,78.54,30.19,26.43,76.91,0
5.9,11.42,86.95,38.5,23.71,88.26,1
2.58,4.97,50.3,22.67,30.73,63.09,0
2.4,4.66,65.23,23.45,29.9,69.22,0
1.55,4.51,56.32,22.67,30.99,55.95,0
2.73,7.18,66.27,31.12,28.18,66.43,0
4.12,8.03,64.55,31.42,29.87,72.8,0
4.93,11.59,93.39,35.64,24.28,84.63,1
3.47,8.92,78.0,31.64,27.63,73.74,1
2.47,6.42,69.1,25.66,29.02,64.16,0
2.88,6.06,63.92,29.02,28.8,60.2,0
3.87,9.64,84.79,33.48,27.61,79.84,0
2.05,6.57,62.71,29.51,31.67,64.4,0
2.74,7.76,69.93,28.79,28.57,64.16,0
3.51,8.42,72.8,33.31,28.39,75.38,1
2.59,7.0,67.8,28.69,28.59,68.57,0
3.3,6.6,60.44,26.86,29.69,76.52,0
2.51,6.96,61.52,26.58,29.34,66.93,0
4.38,8.88,80.58,36.74,26.57,74.4,1
2.97,5.69,71.94,31.57,28.96,67.58,0
5.77,11.12,90.94,38.06,26.29,86.28,1
3.7,8.75,77.73,28.61,27.33,71.44,1
3.51,8.98,74.06,33.44,26.45,80.82,0
2.69,6.96,67.66,28.95,31.09,74.61,0
4.73,9.75,80.59,35.68,26.8,79.86,1
5.33,9.74,80.89,32.57,27.0,77.46,1
3.44,6.51,64.12,26.45,30.31,67.32,0
3.3,5.47,63.31,25.7,29.96,66.81,0
2.61,5.88,59.36,28.07,29.6,68.58,0
3.82,8.48,78.48,31.96,26.86,79.32,1
3.06,6.06,68.65,29.0,29.12,77.78,0
6.04,11.42,87.84,40.59,22.58,95.27,1
4.23,7.61,78.35,33.47,26.75,76.22,1
4.15,9.08,79.27,30.12,27.59,75.88,0
3.38,6.66,71.77,31.46,29.89,68.26,0
2.84,6.39,65.9,27.09,28.24,60.35,0
3.83,8.03,75.05,32.19,26.99,76.99,1
2.81,6.5,61.96,23.9,30.86,59.1,1
5.52,12.0,94.41,38.97,23.1,93.08,1
3.54,7.28,73.45,29.68,28.98,69.16,0
2.26,4.65,48.38,24.37,31.73,57.22,0
1.93,4.47,54.43,22.49,34.2,61.52,0
4.26,10.29,86.91,37.27,25.13,79.87,1
4.46,8.3,81.46,33.55,28.32,77.69,1
2.91,8.41,67.44,30.64,28.17,72.88,1
3.64,8.29,78.91,30.1,26.53,76.34,0
3.88,7.68,71.2,30.8,26.44,80.11,1
4.8,10.68,92.06,37.57,23.67,98.39,1
2.87,7.15,71.17,29.88,29.73,75.68,0
3.08,7.74,64.73,29.32,30.99,78.95,0
3.55,6.83,74.23,34.42,28.45,74.47,0
3.28,6.67,70.34,27.92,26.35,68.39,0
4.42,7.84,69.63,30.33,26.65,74.46,0
4.37,10.07,84.25,36.3,25.92,85.39,1
5.06,10.31,87.66,34.51,24.63,83.63,1
4.97,10.42,81.91,33.21,27.53,81.22,1
5.42,13.79,95.89,39.44,24.68,87.63,1
3.93,8.1,83.66,35.65,25.12,75.73,0
3.08,5.74,72.68,30.57,28.57,65.63,0
2.92,7.12,66.46,30.86,28.69,69.8,0
3.68,8.98,82.55,31.24,26.79,75.62,1
1.84,5.77,58.57,28.21,29.41,63.29,0
3.18,6.33,66.03,30.38,29.48,66.72,1
2.45,7.21,62.16,28.81,28.96,64.66,0
4.51,9.0,79.24,34.43,26.23,84.01,1
2.5,4.81,60.1,27.14,30.32,61.8,0
3.51,6.54,72.76,26.85,28.97,67.22,0
5.2,10.32,84.84,36.42,25.85,87.95,1
2.63,6.26,59.93,29.77,29.32,64.49,0
3.77,7.59,70.27,30.74,27.62,69.0,0
2.88,7.2,71.61,29.68,29.82,76.32,0
2.58,5.16,61.42,30.22,28.91,67.85,0
2.56,6.51,64.32,30.97,30.24,74.72,0
4.09,8.85,82.53,34.46,24.62,83.79,1
2.53,4.9,59.82,27.23,30.56,61.35,0
3.34,6.82,75.33,32.64,27.77,71.39,0
2.11,5.61,65.44,26.98,30.93,64.4,0
2.02,5.78,62.64,26.61,32.09,75.35,0
5.55,11.81,89.76,38.95,24.52,89.02,1
2.26,4.29,54.95,22.87,33.0,57.0,0
1.85,3.91,51.09,25.6,30.86,63.16,0
3.25,7.13,73.21,31.0,27.54,81.25,0
3.88,8.36,78.3,33.42,25.87,76.52,1
3.03,7.23,64.31,25.69,31.27,58.0,0
2.43,5.86,61.13,27.89,28.91,66.22,0
2.72,7.05,64.06,29.47,29.85,65.15,0
1.86,5.6,57.49,29.17,28.18,65.08,0
4.49,9.19,79.01,35.52,26.52,76.85,1
2.96,7.89,64.44,30.57,28.28,60.8,0
3.81,8.17,71.2,32.22,27.59,73.34,0
3.56,7.07,74.93,33.43,29.92,71.78,0
2.39,7.17,62.68,29.37,28.99,65.85,0
2.72,6.99,63.26,24.23,29.64,69.18,0
4.7,11.07,87.5,32.8,25.98,76.05,1
2.54,7.22,61.99,28.03,29.46,67.59,0
2.81,5.89,65.7,28.75,28.92,67.71,0
4.06,8.97,81.95,33.89,27.24,80.32,1
2.12,4.84,53.24,26.34,30.61,68.88,0
4.75,9.69,86.48,35.88,25.41,88.1,1
2.24,6.43,62.06,23.83,33.2,65.69,0
5.23,10.68,86.87,39.69,23.4,90.58,1
4.55,8.12,81.17,36.21,26.82,79.91,0
3.5,6.3,70.71,30.34,27.63,71.29,0
4.16,8.2,84.64,36.39,26.4,84.32,1
2.28,5.66,63.15,26.78,30.95,62.21,0
3.12,5.47,65.97,31.81,28.43,59.34,0
3.59,7.81,69.71,31.91,26.82,71.15,0
4.31,9.64,83.32,37.05,24.72,78.27,0
2.66,5.13,64.67,27.83,29.98,71.27,0
3.66,9.31,78.31,32.27,26.98,84.76,0
2.65,6.33,65.3,29.69,29.39,71.7,0
2.65,4.53,57.55,27.7,31.24,75.24,0
2.15,4.69,62.52,24.72,28.58,66.58,0
3.88,7.39,75.1,34.7,26.79,74.14,1
3.03,6.91,67.27,28.59,28.53,68.31,0
3.51,7.21,68.19,32.35,27.36,68.49,0
2.02,3.88,56.85,24.16,31.44,63.0,0
2.43,5.41,58.39,27.41,32.94,63.24,0
4.73,11.46,82.72,36.13,26.01,83.02,1
2.4,5.02,53.44,24.62,30.6,60.96,0
2.89,5.78,62.52,26.86,33.16,66.49,0
3.47,8.97,73.57,33.63,26.44,81.2,0
4.61,8.74,82.92,30.19,26.32,78.27,1
4.23,9.01,78.62,31.92,24.91,79.37,1
3.97,7.43,64.06,32.31,26.35,72.36,1
5.99,12.93,94.71,43.95,23.24,97.01,1
3.7,8.1,77.96,31.34,28.25,74.21,0
5.22,11.52,98.13,36.72,24.64,91.14,1
4.06,8.1,64.81,31.44,29.88,72.63,0
2.16,4.86,62.97,26.4,30.8,66.49,0
3.46,7.17,68.53,28.89,29.11,74.15,0
4.51,8.37,75.07,34.99,25.97,78.19,1
4.32,8.68,79.67,35.75,27.23,81.45,0
3.64,7.45,75.23,30.9,27.81,76.7,0
3.88,8.85,77.29,32.38,26.8,68.56,0
5.15,10.36,89.75,38.7,22.52,84.66,1
2.83,5.84,61.53,25.3,28.17,68.41,0
1.66,3.91,55.35,24.57,30.99,54.62,0
5.34,10.75,90.62,39.83,21.47,95.08,1
4.21,7.49,72.68,35.94,29.43,77.2,1
5.13,11.33,91.25,38.23,24.24,85.32,1
2.68,6.1,59.74,24.45,29.06,63.66,0
2.35,5.74,61.52,24.99,29.45,63.63,0
2.29,5.85,60.71,26.69,30.69,60.72,0
2.39,5.29,60.55,24.14,31.2,64.34,0
2.08,6.0,55.29,23.07,30.15,69.26,0
2.32,6.38,52.34,27.76,31.4,61.89,0
2.5,4.1,60.68,27.24,29.72,67.13,0
2.18,4.0,56.82,21.26,31.37,55.05,0
3.27,7.66,62.94,32.4,28.08,65.49,0
3.93,10.9,86.66,35.55,26.8,78.36,1
2.36,5.29,59.54,26.21,30.62,65.52,0
2.23,5.67,55.97,21.07,32.07,60.98,0
3.03,6.89,68.69,28.3,27.33,75.37,0
2.03,5.28,50.33,24.54,31.96,64.19,0
2.74,6.69,62.83,27.5,29.73,59.84,0
3.62,6.25,69.63,27.86,28.14,67.65,1
4.64,9.28,84.53,34.65,24.95,82.92,1
4.52,8.72,84.56,34.46,24.81,85.95,1
2.39,7.03,63.52,28.53,28.39,64.0,0
5.12,12.12,97.49,37.92,23.56,88.82,1
3.28,7.28,75.13,31.92,28.41,75.84,1
5.63,11.46,91.65,37.15,23.83,89.76,1
3.16,6.79,60.97,30.35,29.05,72.35,0
2.24,3.61,56.6,24.06,33.64,59.07,0
3.08,6.12,64.17,25.87,26.49,72.64,0
2.37,4.17,48.76,24.8,31.61,56.44,0
3.38,5.57,65.81,28.4,28.78,66.56,0
4.38,9.6,73.17,34.74,26.43,77.16,1
2.66,3.7,64.09,26.94,29.01,63.07,0
2.75,6.2,65.77,27.78,29.06,72.41,0
2.8,5.47,55.27,31.7,30.27,71.49,0
4.84,13.06,95.7,41.81,22.21,89.0,1
5.29,10.5,93.88,36.66,24.45,92.8,1
3.4,8.19,77.91,33.18,26.25,73.32,1
5.47,11.9,95.4,40.14,22.7,84.83,1
4.86,9.87,95.24,34.64,23.61,82.37,1
2.07,5.29,62.38,22.97,31.25,56.23,0
3.09,7.6,76.5,30.96,26.9,67.35,1
2.85,5.79,64.64,25.53,29.2,65.55,1
5.87,12.92,89.04,40.17,24.77,98.21,1
3.82,8.43,73.04,31.22,26.57,78.81,0
1.89,4.15,46.12,23.6,31.21,62.49,0
2.66,5.54,57.67,24.67,27.89,66.05,0
4.19,8.35,79.91,33.2,26.15,80.91,1
5.25,10.3,95.91,36.5,23.41,89.92,1
2.89,6.22,72.78,32.17,29.21,70.9,0
4.83,10.82,87.67,38.0,23.92,90.56,0
4.76,11.12,87.9,36.54,24.42,87.46,1
2.13,5.67,48.61,23.82,31.47,59.85,0
3.49,6.31,54.38,29.15,28.58,68.18,0
3.77,10.38,67.99,32.0,27.54,70.06,1
2.18,4.61,55.8,22.3,31.19,75.65,0
2.43,6.72,64.87,24.78,29.25,74.82,0
3.11,6.39,67.88,28.17,28.68,73.7,0
3.19,7.41,75.88,26.8,29.26,75.32,0
3.35,8.44,76.35,35.02,27.74,81.08,0
1.94,4.74,57.54,26.73,30.9,72.66,0
3.03,6.46,61.13,24.94,28.32,70.68,0
2.6,5.93,62.62,27.88,29.0,55.37,0
2.86,6.88,69.54,26.2,31.19,65.66,0
3.36,6.93,65.11,28.57,27.94,65.18,0
4.27,9.38,86.84,32.0,25.05,71.5,1
2.9,8.16,62.82,31.13,30.52,71.92,0
5.68,12.59,92.48,35.69,23.58,92.71,1
2.26,4.86,54.52,27.79,30.25,58.5,0
3.0,6.47,65.82,29.36,27.84,67.47,0
2.2,6.65,63.29,29.59,32.18,62.83,0
3.17,5.72,59.12,30.2,28.81,70.67,0
2.41,6.21,57.79,28.83,29.18,63.36,0
4.65,7.58,72.9,37.07,26.48,78.32,0
3.59,7.89,64.65,29.49,28.79,69.45,0
5.12,11.28,94.67,40.84,24.23,90.84,1
2.73,7.17,63.91,28.98,28.48,81.65,0
3.08,5.87,67.86,27.75,29.33,70.32,0
2.62,5.61,61.5,25.06,29.88,59.78,0
1.89,4.52,57.73,23.97,30.67,64.47,0
4.11,7.99,70.17,31.43,27.41,72.71,0
3.82,8.33,72.02,30.44,28.54,73.0,0
2.79,5.03,70.88,26.36,31.17,65.05,0
3.25,6.28,63.6,25.87,29.04,69.28,0
2.58,5.58,66.11,29.96,29.91,68.86,0
3.46,8.84,81.64,34.33,27.44,72.94,1
2.46,5.1,59.86,25.92,31.1,59.73,0
4.0,8.58,79.9,35.62,27.75,75.29,0
2.04,3.42,56.94,21.56,31.24,63.75,0
2.2,6.33,54.62,29.97,29.28,63.89,0
2.96,6.54,67.33,28.2,30.59,61.91,0
3.14,6.31,75.74,33.16,28.45,64.86,0
3.2,5.53,66.09,31.92,28.15,59.68,0
2.79,6.72,65.37,31.51,27.83,64.19,0
2.42,6.45,63.38,26.06,29.43,59.45,0
2.43,5.45,54.88,26.92,32.15,61.38,0
2.12,6.0,56.24,23.58,30.26,69.39,0
2.92,5.55,58.64,25.93,28.67,73.73,0
2.0,3.58,56.77,25.61,33.11,63.27,0
2.08,4.07,46.64,23.59,32.69,57.15,0
3.64,8.26,78.6,31.39,27.52,75.66,0
2.68,6.15,65.53,29.44,29.42,73.71,0
1.68,3.3,49.81,23.35,31.55,49.05,0
4.75,10.35,90.1,37.1,24.94,88.31,1
1.72,5.93,55.71,26.96,31.9,57.86,0
3.68,6.28,64.43,30.41,29.08,67.71,0
4.09,7.65,66.35,30.09,27.46,78.47,0
3.34,8.37,74.28,33.19,27.65,75.3,1
4.57,10.31,81.15,40.88,24.83,87.54,1
2.14,4.86,53.76,26.03,30.6,68.32,0
3.64,7.76,71.38,31.14,28.7,74.05,0
4.51,9.91,77.9,30.46,26.92,75.72,1
2.31,4.73,55.97,27.61,33.66,56.28,0
3.21,7.13,65.62,30.11,28.76,65.86,0
3.78,7.15,75.35,31.27,28.35,72.84,1
3.82,8.0,72.29,30.55,27.56,72.23,0
2.99,7.71,66.37,29.08,27.84,75.2,0
2.86,5.78,64.87,29.46,29.24,71.53,0
1.95,4.35,53.02,25.27,30.09,65.53,0
3.15,7.02,68.06,27.7,27.58,75.36,1
2.92,5.99,67.65,27.97,29.22,65.44,0
2.76,4.08,57.77,25.12,30.97,64.67,0
5.62,11.58,85.07,38.97,22.26,89.97,1
3.71,8.76,82.24,31.06,28.21,83.55,0
3.65,8.44,69.83,31.56,29.77,75.56,0
3.82,7.55,67.61,29.61,28.61,72.8,0
6.09,12.6,98.51,41.02,23.76,92.71,1
3.37,8.87,76.38,31.23,27.36,78.24,0
1.87,5.55,57.98,21.1,31.23,55.1,0
3.73,8.89,77.76,33.72,26.45,85.37,0
2.2,4.54,58.97,26.82,29.15,68.63,0
5.6,10.3,93.05,38.88,22.61,89.05,1
3.44,7.51,69.96,32.12,28.79,72.0,0
4.42,9.82,84.27,34.62,25.12,82.51,1
4.23,8.27,75.38,32.21,26.77,74.22,1
2.82,5.99,53.18,28.72,29.28,66.64,0
4.28,10.44,89.01,37.16,24.65,89.73,1
4.59,10.92,86.35,37.45,25.42,82.02,1
5.47,10.48,96.87,37.98,23.67,92.94,1
4.05,9.03,72.39,33.35,27.71,76.27,1
2.54,4.0,57.83,28.14,30.48,62.7,0
5.31,11.44,88.84,35.88,24.6,87.99,1
4.37,10.5,79.16,36.38,26.11,78.4,1
1.66,3.8,51.96,22.88,31.52,48.9,0
3.44,6.54,64.29,26.96,30.38,66.92,0
2.28,5.79,58.36,25.57,29.82,61.26,0
2.99,5.96,61.55,26.77,26.75,71.01,0
4.44,10.94,85.35,37.87,24.13,79.76,1
3.18,5.52,65.96,31.88,28.35,59.98,0
2.7,7.05,62.81,26.58,30.3,62.88,0
4.01,8.98,71.26,30.23,28.21,80.8,1
3.52,8.41,69.59,30.97,26.73,70.85,1
5.2,11.31,89.84,35.84,21.83,89.31,1
2.27,4.27,60.38,26.39,30.96,55.46,0
1.92,3.67,50.38,24.19,33.03,56.5,0
2.26,5.73,55.5,21.34,32.81,56.19,0
1.96,5.0,49.74,22.03,30.57,63.54,0
2.91,7.24,64.96,29.27,28.99,72.21,1
3.07,5.25,55.75,24.93,31.29,60.22,0
3.52,7.85,69.22,29.55,28.9,74.33,1
3.29,6.89,62.97,28.8,29.27,66.27,0
3.38,6.02,63.69,25.22,30.47,65.98,0
2.26,6.0,63.63,27.04,29.63,63.5,0
3.03,8.29,65.49,32.82,28.89,72.94,0
2.9,6.65,66.28,31.16,29.09,67.89,0
5.48,11.02,90.93,42.68,23.65,91.58,1
2.2,4.93,60.89,23.3,30.84,61.41,0
3.14,7.82,62.36,27.79,30.79,66.2,0
2.42,5.03,59.53,25.16,31.99,60.05,0
3.52,8.59,64.23,28.85,29.54,74.04,1
4.58,9.06,80.5,34.05,26.03,82.64,1
4.75,11.54,87.96,34.54,26.02,87.48,1
1.97,4.62,58.31,24.96,31.9,58.17,0
4.06,7.17,76.57,33.63,27.04,70.56,1
2.66,5.16,55.54,22.4,31.35,66.21,0
2.9,6.6,64.31,27.22,29.75,77.68,0
3.87,9.62,79.12,30.8,27.0,73.09,1
4.02,8.11,71.96,31.51,27.76,77.29,1
2.26,4.75,61.77,22.37,32.39,64.82,0
3.79,8.93,72.73,30.53,26.83,72.64,1
4.35,8.97,81.16,33.7,25.73,81.95,1
2.56,5.84,61.36,30.09,28.51,69.85,0
2.81,5.48,67.78,26.27,29.46,68.2,0
1.97,4.08,60.32,24.72,30.69,66.35,0
5.1,12.67,94.24,37.56,25.68,94.01,1
3.72,6.75,75.01,29.66,27.15,69.25,0
2.87,5.61,58.58,26.18,28.58,73.66,0
2.84,4.69,56.5,22.26,32.23,60.27,0
1.74,3.35,55.17,23.91,32.41,58.61,0
3.24,6.75,66.0,30.43,28.89,68.62,0
2.46,6.17,69.61,27.73,29.99,67.87,0
2.69,4.93,63.22,24.42,32.93,73.96,0
3.83,8.14,79.79,34.0,25.7,83.0,1
3.46,7.05,62.8,26.26,29.89,65.22,0
2.5,5.39,56.39,29.3,29.7,65.99,0
4.36,9.34,79.63,37.53,24.33,84.47,1
4.44,8.83,83.24,34.91,26.21,83.74,1
5.03,11.5,88.68,38.41,22.51,85.49,1
3.77,9.42,82.28,33.08,28.01,76.11,1
3.36,7.48,64.72,26.21,29.15,67.05,0
2.91,6.43,69.36,34.71,28.92,71.75,0
2.58,6.38,55.67,24.65,31.67,60.44,0
3.48,5.65,56.11,27.76,29.58,65.83,0
3.62,7.23,74.17,30.95,27.63,70.27,1
2.75,5.42,59.58,26.17,29.09,63.05,0
3.46,8.29,75.99,30.15,27.03,77.15,1
5.42,12.41,93.63,38.24,22.72,95.4,1
2.74,5.5,61.38,25.23,31.97,64.49,0
3.36,7.29,77.15,30.62,27.69,66.05,1
4.27,9.93,83.64,35.88,26.51,81.54,1
2.89,6.46,63.71,28.45,27.95,60.3,0
2.69,4.8,52.4,27.09,31.51,61.74,0
3.0,5.49,60.42,25.94,29.72,59.27,0
2.59,5.04,55.53,22.0,32.84,66.61,0
5.12,10.7,92.34,39.82,25.64,86.69,1
2.53,5.87,61.15,30.22,28.34,70.38,0
4.72,10.2,84.64,35.15,24.64,90.06,1
3.46,7.46,68.76,30.34,28.95,83.03,0
2.78,5.92,65.7,28.05,28.26,75.47,0
2.17,5.43,55.6,25.47,27.35,63.84,0
4.52,11.22,79.42,32.69,26.08,85.21,1
1.65,3.58,52.91,22.88,31.28,50.52,0
5.0,10.35,88.93,35.81,24.63,88.52,1
6.15,11.79,91.03,36.79,22.83,88.86,1
4.38,8.95,74.43,31.31,27.8,80.31,0
3.22,7.9,76.36,30.77,27.58,74.16,1
1.61,4.45,51.52,23.81,31.57,52.46,0
2.55,5.37,62.66,26.56,30.52,48.24,0
3.28,8.31,69.84,27.43,30.26,69.34,0
3.16,5.89,61.65,25.88,30.2,65.98,0
3.85,8.98,76.11,31.05,27.28,75.02,0
3.61,6.3,64.51,30.26,28.99,67.55,0
2.86,7.52,61.45,22.96,30.29,72.94,0
3.42,7.35,71.48,30.62,29.4,79.74,0
2.74,5.45,61.76,30.45,27.65,62.79,0
3.44,7.91,73.91,27.94,27.16,66.36,0
4.64,9.39,82.27,36.11,27.96,83.31,1
4.84,8.17,76.53,37.79,25.61,79.37,0
2.04,4.94,60.47,24.58,28.68,66.74,0
5.28,12.07,89.92,41.23,24.63,81.46,1
2.33,4.09,53.21,23.95,29.38,73.04,0
1.7,5.74,58.69,25.03,30.0,63.0,0
3.91,8.43,74.84,33.93,27.83,77.79,0
3.22,6.43,65.05,28.93,27.58,66.71,0
4.48,8.32,76.02,30.07,27.11,78.0,0
3.2,7.38,69.78,29.91,29.93,71.46,0
2.21,5.0,59.14,25.71,30.55,58.31,0
4.07,8.84,77.29,33.66,26.78,80.88,0
3.3,6.21,63.11,25.59,28.89,69.13,0
1.81,4.51,50.35,21.02,30.55,63.66,0
2.16,3.88,57.02,21.11,31.31,54.8,0
5.33,11.82,98.48,42.77,24.1,91.91,1
1.36,4.63,53.13,25.22,32.09,60.47,0
1.63,5.15,62.28,22.14,32.0,63.58,0
5.23,11.15,93.07,40.23,26.27,84.0,1
1.94,5.67,57.95,25.41,31.02,62.85,0
2.45,6.55,65.36,30.6,30.61,62.68,0
4.86,12.28,91.64,38.73,24.79,86.64,1
1.39,5.36,61.8,24.01,30.87,57.75,0
2.55,5.46,67.47,26.24,31.41,60.05,0
3.62,5.75,64.19,27.13,29.8,73.03,0
3.0,7.25,62.96,25.46,30.89,70.71,0
2.36,4.5,53.01,20.79,33.21,67.66,0
3.08,7.39,68.37,32.27,28.08,72.97,1
2.16,6.55,58.64,23.06,30.31,57.14,0
2.25,3.64,56.43,24.12,33.52,58.32,0
3.25,7.64,69.81,33.74,27.06,74.21,1
1.89,5.79,57.73,29.44,28.04,65.07,0
2.21,6.34,61.66,23.72,33.13,66.02,0
6.03,11.89,95.75,38.4,23.31,98.29,1
3.17,6.99,67.33,27.58,29.36,66.05,1
3.29,7.33,67.8,26.24,27.92,72.65,1
3.7,5.56,63.54,27.21,29.98,72.31,0
1.88,4.8,53.25,22.24,30.67,64.33,0
2.46,5.54,66.72,22.72,30.9,67.32,0
2.24,4.33,56.85,27.75,29.29,69.92,0
