distance_km,weight_kg,num_stops,priority,loading_time_min,dock_wait_time_min,operator_experience_yrs,route_type,departure_shift,delayed
204.11,1250.48,5,1,60.6,28.54,7.27,long_haul,night,1
486.03,539.2,2,0,77.71,45.16,5.31,urban,night,1
325.5,1634.04,4,1,87.81,36.6,8.27,urban,night,1
10.0,50.0,1,0,81.75,31.29,4.78,long_haul,day,0
404.81,847.65,3,0,63.47,13.79,9.84,mixed,night,1
388.78,410.96,3,0,50.35,21.77,4.88,urban,night,1
237.97,939.06,1,0,74.14,6.99,3.91,mixed,night,1
268.84,258.75,2,1,65.33,0.17,8.19,long_haul,day,1
409.5,1080.89,1,0,72.78,20.85,9.92,long_haul,night,0
434.52,1078.12,5,0,77.43,30.73,5.96,urban,night,1
220.91,1622.5,3,1,74.47,0.05,3.09,urban,day,1
341.82,416.36,3,1,57.49,12.87,5.67,mixed,day,0
63.58,761.77,5,1,81.05,15.29,11.34,urban,day,0
431.32,1063.25,4,1,89.17,0.0,5.84,long_haul,day,1
410.87,1178.54,5,1,68.58,32.05,6.76,mixed,day,1
245.22,790.0,2,1,68.81,20.32,7.16,mixed,day,0
196.3,1140.08,5,1,42.88,53.15,0.0,urban,day,1
347.57,1418.42,2,0,54.75,26.48,1.29,mixed,day,1
110.34,820.43,2,1,75.3,7.05,3.0,mixed,day,0
325.3,1483.31,1,1,34.56,53.12,7.42,long_haul,day,1
186.45,201.98,2,1,44.53,26.15,0.29,mixed,night,0
456.27,683.89,3,0,25.2,23.04,5.39,urban,day,1
460.99,808.84,2,1,28.09,38.66,0.0,urban,night,1
16.33,549.08,2,0,45.85,37.86,0.3,mixed,day,1
483.81,481.74,2,0,75.09,50.05,4.63,urban,night,1
443.48,1068.03,4,1,77.41,21.86,1.24,mixed,night,0
457.09,990.61,2,0,56.09,27.26,1.47,urban,night,1
263.17,552.5,4,1,89.14,25.5,5.27,urban,day,1
374.57,1028.63,1,0,77.99,46.22,5.51,long_haul,day,1
77.92,330.18,3,0,76.62,19.48,1.18,urban,night,1
519.22,168.79,4,0,71.32,40.2,0.0,mixed,night,1
199.7,787.26,2,0,65.96,24.49,5.3,long_haul,night,1
359.06,1122.16,3,0,52.09,53.11,3.77,urban,night,1
306.87,705.8,5,0,83.49,32.48,3.32,long_haul,day,1
650.97,762.39,3,0,80.69,34.62,4.71,urban,day,1
285.41,899.87,5,0,49.6,39.65,9.6,long_haul,day,1
368.91,721.23,1,1,36.31,57.31,3.95,mixed,day,1
10.0,1169.69,5,0,58.48,24.32,5.53,mixed,day,1
527.85,532.48,5,1,46.38,41.14,8.93,long_haul,day,1
412.52,1304.59,4,0,25.85,23.24,1.02,urban,night,1
47.28,720.43,3,0,90.35,48.38,0.0,mixed,day,1
314.69,997.08,1,0,94.77,50.91,0.91,urban,night,1
524.12,347.11,2,0,14.92,44.49,2.19,urban,night,1
463.93,422.21,2,0,62.1,42.3,4.86,mixed,night,0
320.28,917.0,1,0,95.86,46.41,0.0,mixed,day,1
314.4,50.0,2,0,65.03,17.02,7.29,mixed,day,0
191.97,514.85,1,0,26.35,46.22,5.9,mixed,night,1
89.99,703.22,4,1,12.12,14.58,9.85,urban,day,0
39.38,632.54,1,0,62.0,0.0,4.13,mixed,day,1
271.78,1280.28,4,0,47.01,43.55,4.02,mixed,night,1
55.15,1030.89,3,0,84.83,31.05,7.75,mixed,day,1
427.47,765.06,4,0,56.68,26.23,1.37,mixed,day,1
134.49,1224.11,2,1,58.33,34.84,8.48,urban,day,1
324.05,936.35,4,1,45.89,0.84,3.6,mixed,day,0
446.67,530.53,4,0,66.7,53.11,2.93,urban,night,1
72.84,1106.65,5,0,65.16,44.71,12.17,urban,day,0
377.32,835.85,5,0,72.58,29.24,1.76,urban,night,1
323.89,946.84,2,1,42.85,42.06,5.38,urban,night,1
49.53,339.76,2,0,107.36,26.14,9.81,urban,night,1
445.26,391.37,4,1,27.23,14.72,1.67,urban,day,1
187.08,168.3,2,1,70.66,24.12,10.17,mixed,night,0
358.67,985.04,2,0,32.64,6.81,9.29,mixed,day,0
152.44,1200.11,2,0,61.42,50.3,4.17,long_haul,day,1
698.69,1401.14,4,1,47.99,26.8,8.41,urban,night,1
245.78,714.65,2,0,50.1,47.75,2.19,urban,day,1
266.92,1081.72,4,1,44.96,46.64,2.65,mixed,day,1
284.64,718.71,2,1,42.09,41.13,1.54,urban,day,1
259.7,804.84,2,1,83.65,6.98,3.19,mixed,night,1
385.61,1136.02,3,1,78.24,43.67,3.67,urban,night,1
335.12,612.68,3,0,10.43,12.43,4.42,urban,day,1
371.17,801.77,1,1,36.74,59.3,3.25,mixed,day,1
538.48,1261.63,2,1,70.62,40.23,4.74,urban,day,1
130.1,536.94,5,0,74.16,15.08,2.91,long_haul,night,1
220.65,771.98,2,0,92.62,29.26,9.44,long_haul,day,1
77.5,759.09,1,0,65.42,53.48,6.89,mixed,day,0
59.05,1064.58,4,1,56.54,31.02,8.89,mixed,day,1
505.24,820.23,1,0,65.18,40.28,7.03,mixed,day,0
271.41,821.37,2,1,51.57,22.2,10.47,mixed,night,0
231.37,1090.11,3,0,60.7,38.28,6.9,long_haul,night,1
123.12,929.04,1,1,50.07,49.55,5.19,mixed,day,0
295.12,971.18,5,0,72.08,19.73,2.26,long_haul,day,1
101.52,807.84,1,1,63.37,31.11,6.72,urban,day,0
712.49,1017.96,5,1,101.68,51.25,0.78,urban,night,1
361.59,507.67,2,1,96.16,23.66,8.06,long_haul,day,0
250.48,696.79,2,0,89.47,16.25,5.99,long_haul,day,0
326.19,1276.75,3,0,51.41,25.63,9.77,urban,night,0
373.36,937.52,5,1,44.85,44.03,6.9,long_haul,day,0
75.5,309.88,3,1,84.47,48.24,4.05,urban,day,1
484.2,1458.11,4,0,75.95,29.31,5.61,mixed,day,1
507.23,123.58,4,0,63.8,23.67,5.94,urban,day,0
205.76,50.0,1,1,57.76,23.16,1.37,mixed,night,1
256.75,186.83,4,1,44.9,17.47,4.95,mixed,day,0
318.13,826.34,2,1,58.33,26.0,6.63,urban,day,1
40.0,1311.55,3,1,50.82,43.13,10.58,mixed,day,0
380.3,262.21,4,1,45.39,17.48,8.91,long_haul,night,1
329.45,424.12,2,1,96.07,42.49,3.69,urban,day,1
355.87,253.14,3,0,62.81,55.71,2.69,mixed,day,1
351.66,1003.53,4,1,34.53,45.77,10.21,long_haul,day,0
221.18,621.86,1,0,43.77,27.46,8.09,urban,day,0
232.21,1267.93,3,1,11.03,51.18,0.93,mixed,night,1
211.56,202.9,1,0,79.49,21.93,6.24,mixed,day,0
341.34,919.67,3,0,125.71,30.93,8.34,mixed,night,1
110.29,753.7,3,0,83.26,44.1,0.0,mixed,day,1
449.04,628.79,1,0,70.96,17.23,4.78,urban,day,0
158.85,765.59,2,0,97.84,41.67,7.34,mixed,night,1
245.28,1028.2,5,1,42.66,21.42,6.1,mixed,day,0
352.26,523.22,4,0,64.1,20.3,3.7,urban,day,1
370.93,386.58,4,0,68.77,32.76,4.51,long_haul,day,1
572.12,377.31,1,0,47.22,30.34,3.81,long_haul,day,1
144.46,50.0,4,0,12.98,0.0,3.77,mixed,day,1
532.82,284.71,4,1,58.63,40.9,6.42,urban,night,0
275.9,1005.57,1,1,54.68,36.53,3.96,mixed,night,0
49.75,580.74,5,1,38.27,62.7,5.81,urban,day,1
95.09,845.17,1,0,75.88,0.0,3.54,mixed,day,1
179.28,1211.51,4,1,62.12,13.37,0.09,mixed,night,1
396.59,1247.22,2,0,58.49,56.66,9.04,long_haul,day,1
158.2,926.11,4,0,68.41,37.79,5.09,urban,day,1
315.81,1121.26,4,1,45.75,50.38,5.28,long_haul,day,1
10.0,875.52,5,1,57.6,51.94,7.11,urban,night,1
111.5,334.73,1,1,32.54,39.12,0.89,urban,night,0
116.02,853.94,3,0,38.15,24.23,14.58,mixed,day,0
421.89,785.15,3,1,40.0,7.24,6.81,urban,night,1
616.18,321.26,3,0,69.41,53.32,10.24,mixed,day,1
140.13,820.25,5,1,57.96,8.26,0.34,long_haul,day,1
481.76,1450.12,1,1,29.5,7.77,8.91,urban,night,0
244.53,509.66,1,0,83.61,29.32,1.01,mixed,day,1
32.27,579.3,5,0,54.48,24.96,7.23,urban,day,0
354.5,1491.0,4,0,72.99,49.6,9.55,mixed,day,1
307.86,684.96,5,1,48.38,30.54,6.61,mixed,day,1
108.5,611.47,1,0,73.97,56.84,6.27,mixed,day,0
220.46,1360.73,2,1,66.9,29.03,7.79,mixed,day,1
312.63,207.02,1,1,29.23,54.09,0.04,long_haul,day,0
127.83,989.87,4,0,81.2,0.36,7.4,urban,day,1
182.52,748.78,5,0,61.36,25.36,7.21,urban,day,1
151.16,1445.63,3,1,73.81,16.72,3.73,mixed,day,0
247.75,671.64,4,0,56.84,26.84,4.39,long_haul,day,0
150.83,631.05,3,1,64.26,14.53,7.3,urban,night,1
363.52,390.12,5,0,87.14,0.45,11.12,mixed,night,1
411.23,917.88,3,0,59.61,29.03,2.47,urban,night,1
621.08,1347.44,5,1,53.82,44.16,0.63,urban,day,1
300.52,1638.19,2,0,73.86,20.86,8.42,urban,day,0
437.24,1637.96,5,1,88.57,18.66,4.75,mixed,day,1
429.35,688.55,2,1,33.62,43.94,1.34,mixed,night,0
210.57,546.09,3,1,79.53,26.68,6.21,urban,day,1
280.95,777.79,3,1,58.48,23.79,3.41,urban,day,0
314.33,953.62,3,1,25.36,44.22,3.56,long_haul,night,1
273.28,452.52,1,0,80.41,40.93,3.85,long_haul,day,1
446.26,1233.36,2,1,92.94,0.38,0.79,urban,night,1
10.0,745.33,3,0,67.21,40.36,6.66,mixed,day,1
301.27,956.21,2,1,56.36,39.43,6.72,mixed,day,0
436.7,1067.85,1,0,34.81,40.25,4.99,mixed,day,0
485.05,1125.55,3,0,48.16,11.45,12.83,urban,day,1
354.77,927.88,3,0,77.82,52.59,3.87,mixed,day,1
290.46,64.44,2,0,29.05,16.76,5.25,urban,night,1
559.67,922.16,5,0,62.16,22.42,5.58,mixed,day,1
319.25,665.82,1,1,50.81,37.5,1.94,urban,night,0
226.73,1189.29,4,0,76.73,0.0,7.41,urban,night,1
157.74,1002.75,5,1,90.97,18.73,3.25,long_haul,day,0
168.87,933.37,1,0,26.89,29.14,3.55,mixed,day,1
249.23,772.5,2,1,63.76,32.74,6.88,urban,day,1
300.9,651.02,4,1,62.01,30.32,4.41,mixed,night,1
348.79,1484.23,3,1,72.92,22.0,7.8,urban,night,1
263.49,923.1,5,0,49.02,38.85,8.36,long_haul,day,1
363.05,484.76,2,0,85.63,39.67,7.43,urban,day,1
482.94,827.88,1,0,74.1,77.87,8.52,urban,day,1
334.76,95.9,2,0,87.68,27.58,6.33,mixed,day,1
360.97,734.79,4,0,35.08,21.61,2.77,mixed,day,0
323.04,1201.18,4,0,61.28,25.9,2.6,mixed,day,0
279.4,665.18,2,0,61.85,27.17,4.11,mixed,night,0
257.47,398.77,3,1,59.78,26.86,6.53,long_haul,day,1
418.09,111.32,4,0,47.85,62.44,12.18,mixed,night,1
320.75,772.58,1,1,105.55,20.07,0.98,long_haul,day,0
52.73,326.05,3,0,41.49,0.24,6.45,mixed,night,1
222.88,1210.45,3,1,66.08,34.08,3.66,long_haul,night,0
37.68,1107.86,2,1,40.85,6.79,5.38,urban,night,1
319.11,747.23,1,1,51.79,19.5,6.65,mixed,day,0
314.51,736.44,5,1,92.14,45.02,2.25,urban,night,1
437.24,980.48,4,1,76.58,34.01,2.74,urban,day,0
282.69,1934.63,4,1,83.25,27.09,7.07,long_haul,day,1
451.33,1015.93,1,1,77.96,44.45,0.53,mixed,night,1
217.71,744.46,1,1,77.57,24.61,3.83,urban,night,0
378.03,1280.28,2,0,43.32,22.85,1.12,long_haul,day,0
274.17,1025.99,1,1,82.45,14.83,4.26,long_haul,night,0
363.77,1387.32,1,0,60.02,31.3,4.47,mixed,night,1
378.47,558.42,5,1,73.34,32.14,2.57,mixed,night,1
36.56,535.35,3,0,73.7,25.54,7.28,urban,day,1
467.59,206.46,5,1,65.53,33.03,5.96,urban,day,0
356.91,516.78,2,1,47.68,43.82,4.32,mixed,day,1
262.35,213.96,5,0,89.5,31.74,7.91,urban,day,1
343.99,824.05,5,0,47.4,34.45,13.32,urban,day,1
645.64,1113.44,1,0,115.04,36.87,7.3,mixed,night,1
159.32,599.53,4,1,76.23,29.95,1.91,urban,day,1
196.73,940.88,1,1,81.23,36.29,1.24,long_haul,day,0
379.7,630.23,5,0,66.47,25.6,3.55,urban,day,1
412.52,766.68,2,0,43.73,44.2,4.42,mixed,day,0
21.55,1090.61,1,1,33.75,53.85,8.21,mixed,day,1
247.49,181.06,1,1,52.21,8.0,6.15,long_haul,day,1
218.31,415.46,4,0,53.22,32.06,6.58,urban,night,0
395.71,50.0,2,0,71.95,40.48,0.28,mixed,night,1
465.14,726.7,5,0,35.14,38.83,9.71,mixed,day,1
294.54,1464.89,5,0,78.48,28.31,9.33,urban,night,1
552.57,457.46,2,0,28.59,21.67,3.43,mixed,night,1
406.49,719.86,4,0,78.39,40.16,4.59,urban,day,1
384.42,527.95,5,0,55.72,17.19,2.58,long_haul,night,1
195.11,780.36,1,0,29.37,18.29,4.22,urban,day,0
258.14,135.93,4,0,69.28,20.49,6.16,urban,night,1
642.91,641.7,2,1,44.74,48.12,3.93,urban,night,1
30.53,401.11,1,0,64.55,35.8,5.37,urban,night,1
217.77,1155.37,1,1,36.62,39.83,7.16,urban,night,0
120.58,1522.07,2,0,46.04,16.93,8.71,mixed,night,0
459.0,1276.27,1,0,95.27,29.37,3.84,mixed,night,1
320.7,118.46,2,1,52.26,28.44,0.75,urban,day,0
422.58,1137.78,1,0,98.41,12.41,7.53,mixed,night,1
621.83,502.29,3,0,77.89,30.57,11.56,long_haul,day,0
354.41,1091.5,1,1,88.93,27.03,4.95,long_haul,day,1
514.03,771.03,3,0,26.54,29.0,12.09,mixed,day,0
256.73,1012.3,2,0,50.5,20.45,10.05,urban,night,1
231.92,1282.86,5,1,49.98,28.36,7.82,urban,night,0
351.06,788.07,5,1,54.78,35.02,2.36,mixed,night,1
604.65,1043.38,3,1,59.33,18.51,7.69,urban,day,0
209.13,535.07,3,0,61.84,68.03,3.75,long_haul,day,1
313.65,1247.28,4,1,31.39,35.52,6.21,long_haul,day,1
237.69,722.53,1,0,25.12,7.41,3.28,long_haul,night,0
269.24,73.52,2,1,67.41,23.95,9.73,mixed,night,0
91.8,527.62,3,0,28.82,8.52,11.42,urban,night,0
409.77,345.84,1,1,75.22,24.65,4.21,long_haul,day,0
305.88,534.57,3,1,74.04,7.86,3.75,long_haul,day,0
330.8,1384.66,2,1,39.21,53.91,5.63,mixed,day,1
346.22,732.48,3,0,119.64,26.52,9.32,mixed,night,1
231.86,614.3,2,1,72.81,17.29,5.86,mixed,day,0
307.96,624.44,1,1,45.12,47.35,7.14,urban,day,1
369.96,589.88,3,0,53.68,19.55,8.22,long_haul,day,0
53.07,634.07,5,1,80.87,26.55,9.11,mixed,day,0
489.87,478.8,2,1,82.61,43.65,5.28,urban,day,1
562.21,953.22,4,0,40.28,30.89,3.16,long_haul,day,1
133.62,1365.42,5,1,25.97,37.86,4.98,mixed,day,0
608.97,1029.92,5,1,43.44,33.71,3.54,urban,night,1
262.87,572.27,1,1,11.0,70.37,5.7,mixed,day,1
396.45,553.77,3,1,67.04,21.76,5.69,mixed,day,1
302.53,503.04,1,1,63.01,34.3,0.0,long_haul,night,1
298.65,1318.61,4,0,74.16,16.84,11.68,urban,night,1
264.05,1176.6,1,1,47.63,21.52,3.41,long_haul,night,1
374.58,50.0,5,1,71.99,14.83,3.8,long_haul,day,1
507.1,677.52,5,1,73.39,45.23,1.56,urban,day,1
228.93,59.85,4,0,60.06,10.31,0.41,mixed,night,0
293.79,134.04,4,0,54.95,12.71,2.13,urban,day,0
159.39,332.73,1,0,63.99,38.01,0.34,urban,day,1
250.1,1352.49,2,0,50.89,25.45,4.16,long_haul,night,1
224.91,327.92,3,0,52.85,10.36,0.0,urban,day,1
75.13,1139.3,5,0,29.67,33.44,5.48,mixed,night,0
287.33,1312.26,2,0,56.76,6.15,7.95,urban,day,0
419.04,646.28,1,0,56.56,9.07,7.45,urban,night,1
352.01,1117.3,3,1,68.33,45.85,2.73,long_haul,night,1
271.49,959.23,3,1,65.99,39.28,7.82,urban,night,1
323.95,891.07,1,0,67.74,43.22,2.89,urban,day,1
356.09,729.51,5,1,56.69,50.74,7.7,urban,day,0
447.87,702.62,1,1,24.13,10.67,9.07,long_haul,day,0
271.48,970.48,4,0,10.0,35.26,11.58,mixed,day,1
284.6,628.64,5,0,65.92,78.09,5.68,urban,day,1
36.67,268.09,4,1,44.32,39.96,5.84,urban,day,1
258.05,1839.63,5,0,43.83,33.76,0.0,mixed,day,1
150.12,230.2,3,1,65.25,2.07,0.67,long_haul,night,0
413.6,822.78,3,0,63.91,3.4,2.61,urban,day,0
446.11,487.7,5,1,66.93,50.24,5.09,urban,day,1
327.61,1068.36,4,1,53.9,25.01,8.32,urban,day,1
253.78,950.1,5,0,33.6,23.41,5.79,urban,day,1
544.93,1121.72,4,0,83.58,19.35,0.11,mixed,day,1
368.29,1227.22,1,0,37.16,36.92,9.84,urban,day,0
519.09,756.4,1,0,89.36,27.62,2.73,urban,night,1
291.85,817.27,1,1,75.13,45.97,10.5,mixed,day,1
228.91,1036.68,3,1,42.27,0.48,3.11,urban,day,1
293.8,830.7,2,1,63.26,30.76,6.41,urban,night,0
367.31,845.83,1,0,61.57,31.11,6.73,mixed,night,0
546.57,1037.59,4,0,62.77,17.12,7.64,urban,night,1
305.32,1466.74,1,1,42.03,48.7,6.75,long_haul,day,1
10.0,1127.22,3,1,70.44,43.0,6.52,urban,day,0
290.47,930.89,5,0,96.45,33.38,3.35,long_haul,night,1
143.01,1744.36,2,0,83.54,30.28,1.14,long_haul,night,0
475.28,1233.28,1,1,49.82,21.3,11.01,urban,day,0
213.83,1512.13,4,0,57.24,0.0,8.71,long_haul,day,1
267.86,688.88,2,0,120.29,33.52,2.81,urban,day,1
365.97,581.69,4,0,47.44,18.76,3.67,mixed,night,1
254.48,1046.16,4,0,62.19,6.08,2.24,urban,night,1
348.59,1435.67,3,0,47.43,46.25,3.74,urban,night,1
382.22,1285.79,2,0,30.97,52.95,5.94,mixed,day,1
11.63,50.0,5,0,67.73,41.58,4.72,urban,day,1
137.47,307.36,3,0,23.23,33.91,1.54,mixed,night,1
438.49,77.67,3,1,35.68,29.47,7.41,urban,day,0
176.92,1133.67,1,1,44.27,3.17,5.74,urban,night,1
452.29,53.99,2,0,70.14,24.35,2.14,urban,night,1
183.6,749.18,3,1,43.41,35.6,2.51,mixed,day,1
356.62,433.27,3,0,102.37,26.06,2.17,mixed,night,1
286.55,765.07,5,1,87.05,43.17,6.63,long_haul,day,0
251.12,893.33,4,1,30.07,33.32,10.1,mixed,day,1
186.36,652.58,4,0,41.95,21.25,8.49,urban,day,0
539.97,1272.05,2,0,68.34,32.83,8.87,mixed,day,1
427.05,446.61,2,0,59.02,25.09,4.96,mixed,night,1
349.5,648.92,4,1,79.66,23.94,6.57,long_haul,day,0
388.57,1169.04,4,0,55.16,57.09,3.3,long_haul,day,1
459.88,1045.34,4,1,48.91,11.85,4.22,long_haul,night,1
169.89,919.42,3,0,62.75,24.71,4.84,urban,night,1
492.4,336.9,5,0,65.32,50.45,5.71,mixed,day,0
495.03,510.05,5,1,49.79,43.11,4.67,mixed,day,1
618.48,740.35,3,1,40.47,39.35,6.01,urban,day,0
335.64,800.77,4,1,80.39,55.41,0.49,urban,day,1
193.03,773.44,4,0,36.77,26.66,5.75,mixed,night,1
476.86,397.52,4,1,74.66,47.69,6.47,urban,day,1
318.05,145.72,1,1,42.91,50.53,0.41,long_haul,day,0
251.53,876.32,2,1,57.59,32.62,6.72,urban,day,1
390.11,565.11,4,1,47.0,18.94,6.63,mixed,day,1
12.45,546.1,3,0,38.56,20.64,4.8,urban,night,1
211.8,1511.97,2,0,56.0,48.72,5.13,mixed,day,1
343.05,1381.07,2,1,40.59,14.91,6.51,mixed,day,1
339.41,437.06,4,0,94.51,42.23,0.0,urban,day,1
435.24,1311.54,4,1,70.73,37.8,6.98,mixed,night,1
258.83,529.97,5,1,38.98,44.79,9.78,urban,night,1
30.24,1336.73,3,0,89.2,38.75,5.18,long_haul,night,0
152.3,638.78,4,1,68.48,52.23,10.18,mixed,night,1
419.58,994.71,1,1,44.67,4.27,4.7,long_haul,day,1
278.93,1697.07,4,1,87.08,41.81,8.49,urban,night,1
106.53,399.5,2,1,37.04,18.88,4.4,urban,night,0
10.0,1040.34,2,1,89.41,27.63,0.16,long_haul,day,0
14.96,1089.48,3,0,23.55,14.46,4.37,long_haul,night,1
54.24,837.74,5,1,24.15,42.68,10.33,mixed,night,0
456.47,50.0,3,0,75.98,21.21,9.52,urban,day,0
407.63,734.53,2,1,26.36,36.85,0.95,urban,night,1
161.39,642.72,2,1,70.79,37.54,5.38,long_haul,day,0
274.84,429.02,1,1,67.63,17.74,3.76,long_haul,day,0
109.57,900.83,4,0,86.62,27.02,9.72,long_haul,night,1
386.83,499.01,1,1,54.82,9.06,4.89,urban,night,0
363.27,598.72,4,0,87.93,10.69,6.91,urban,day,0
403.6,1495.47,4,0,73.96,19.8,7.49,long_haul,night,1
392.48,1481.35,1,1,54.47,37.8,8.29,mixed,day,1
196.71,405.74,2,0,55.51,45.91,9.15,mixed,day,1
352.93,837.22,1,0,66.38,14.08,5.56,mixed,day,1
10.0,1011.86,3,1,75.09,42.09,7.06,urban,day,0
383.22,565.99,3,1,69.13,20.25,3.67,mixed,day,1
305.7,601.83,4,0,62.18,17.85,3.28,mixed,night,0
427.69,1146.25,4,1,92.06,32.76,9.55,mixed,day,1
167.11,589.09,3,1,98.5,29.3,2.97,urban,day,1
472.9,1285.47,5,0,50.41,28.01,7.4,urban,day,1
22.05,1298.43,5,1,60.3,20.97,2.48,urban,day,0
144.44,1275.9,2,0,50.24,52.14,2.38,mixed,day,1
364.87,472.7,4,1,41.66,26.52,5.54,long_haul,day,0
153.01,921.73,3,0,75.87,22.37,0.53,mixed,day,0
198.71,1180.05,3,1,25.76,42.52,3.92,long_haul,night,1
330.85,814.56,5,1,86.85,51.86,7.08,long_haul,day,0
246.89,295.36,1,1,53.99,16.44,4.83,long_haul,day,1
516.26,581.6,2,1,78.6,0.44,3.16,long_haul,night,0
280.77,704.21,4,0,49.49,21.18,6.82,urban,day,1
324.69,570.36,5,0,75.27,16.8,2.51,long_haul,day,1
292.83,566.93,1,0,28.14,4.93,5.32,urban,day,0
245.54,987.97,4,1,81.78,38.98,0.04,urban,night,1
178.24,1079.25,1,1,79.97,66.95,1.48,urban,day,0
236.27,538.39,5,1,86.12,23.28,3.4,mixed,night,0
614.89,764.88,5,0,77.22,35.91,6.73,mixed,night,1
269.55,50.0,3,1,85.32,62.17,2.65,mixed,night,1
379.81,428.22,5,1,38.47,60.11,7.56,urban,day,1
284.7,1607.67,2,1,47.71,30.18,12.9,mixed,day,0
446.01,1174.09,2,0,63.75,18.16,5.37,long_haul,day,1
223.7,950.75,5,1,41.62,50.55,10.93,long_haul,night,0
231.21,601.83,5,0,69.63,47.11,6.88,long_haul,day,1
318.17,922.47,1,1,75.55,8.24,3.99,urban,day,1
359.75,479.05,1,0,38.92,18.24,0.0,mixed,day,1
372.12,546.63,2,0,84.8,36.94,1.31,mixed,day,1
594.9,1017.25,3,0,68.04,23.93,3.07,mixed,night,1
380.67,1031.36,4,0,67.68,4.17,3.8,urban,day,1
329.65,887.6,1,1,51.96,37.48,5.46,long_haul,night,0
302.26,1047.07,4,0,98.28,28.16,3.38,urban,day,1
515.98,1335.27,2,0,66.4,39.54,5.77,long_haul,day,1
411.4,1128.17,5,0,75.58,32.31,7.21,urban,night,1
118.1,896.09,3,1,57.54,35.67,3.01,mixed,day,0
212.5,1167.28,2,0,66.15,26.26,3.87,urban,day,0
531.62,50.0,4,0,58.71,34.3,6.27,long_haul,day,0
558.3,948.21,5,1,72.47,2.8,8.47,urban,night,0
164.51,546.15,5,1,96.0,18.65,3.25,urban,day,1
219.03,340.83,2,0,79.06,32.14,8.69,mixed,night,0
154.3,573.9,2,1,58.78,47.65,7.2,urban,night,0
178.83,968.13,5,0,61.96,26.87,9.63,long_haul,day,0
293.25,131.37,2,0,55.39,54.12,0.54,urban,day,1
279.05,724.59,2,1,24.08,50.9,2.87,long_haul,day,0
377.17,651.0,5,1,48.97,23.53,1.66,urban,day,1
274.22,272.24,1,1,33.65,7.98,3.76,urban,night,0
296.86,1184.41,1,0,57.55,27.75,1.53,mixed,night,1
117.27,1286.34,5,0,68.07,17.2,4.28,mixed,day,0
508.91,466.42,5,1,52.22,24.94,7.27,urban,day,1
326.53,729.93,4,0,77.53,17.53,5.71,mixed,night,1
265.88,1112.84,5,1,59.68,17.89,2.2,urban,day,1
237.11,1482.45,2,0,56.02,43.72,4.88,mixed,day,1
149.01,752.34,1,0,55.35,12.09,9.45,urban,day,0
136.33,124.22,2,1,39.48,39.17,3.97,mixed,day,1
216.51,534.95,5,1,60.3,3.03,3.89,urban,day,1
183.63,751.07,1,0,10.0,15.46,10.04,mixed,night,1
508.7,900.69,4,1,43.85,13.04,3.58,mixed,day,0
15.53,719.86,4,1,61.68,57.5,7.85,mixed,day,1
464.79,816.74,3,0,39.69,57.54,3.47,urban,night,0
542.19,889.17,3,1,41.17,37.47,6.57,urban,day,0
363.8,869.05,5,1,39.19,50.53,6.13,long_haul,day,0
672.09,71.53,5,1,40.8,32.74,6.34,long_haul,day,0
333.39,1424.72,2,1,44.47,51.77,3.99,mixed,day,1
123.68,704.01,3,0,43.57,30.33,9.01,long_haul,night,1
220.64,962.84,1,0,67.19,24.05,6.94,urban,night,1
450.76,1104.8,3,0,64.07,29.29,0.4,urban,day,1
375.94,651.92,3,0,54.43,11.42,3.66,mixed,day,0
258.67,1086.82,4,0,109.89,19.82,3.61,urban,day,1
509.5,563.4,1,0,36.28,12.37,8.69,urban,day,0
329.79,775.64,4,0,72.4,55.49,1.29,mixed,night,1
353.65,50.0,4,1,71.39,58.3,3.03,urban,night,1
566.0,1404.02,1,0,64.32,17.98,3.17,urban,night,1
609.99,215.07,2,1,65.24,47.39,3.71,long_haul,day,0
327.19,50.0,1,1,55.03,47.34,5.28,urban,day,1
342.77,136.17,5,1,45.62,33.35,7.47,mixed,night,0
564.32,505.97,1,1,92.99,46.5,1.88,urban,night,1
396.65,887.87,5,1,56.18,39.42,7.08,urban,day,1
289.57,222.32,4,1,70.64,29.97,2.67,long_haul,day,0
443.15,514.23,3,0,71.16,25.82,1.95,urban,day,1
324.82,997.62,2,0,64.44,49.62,6.64,urban,night,1
454.46,632.98,5,0,37.52,26.12,5.0,mixed,day,1
188.09,879.68,4,0,61.39,55.7,3.49,mixed,day,1
284.78,854.57,1,1,48.17,47.98,0.0,long_haul,night,1
418.39,659.34,5,0,80.95,41.27,6.71,mixed,day,0
182.7,522.26,3,0,75.88,43.7,7.4,long_haul,day,1
341.16,419.89,2,0,21.64,33.17,2.17,urban,day,1
452.05,509.89,1,1,41.45,23.1,5.07,long_haul,night,0
300.42,133.31,2,0,109.36,54.47,3.25,long_haul,day,1
159.64,877.39,4,1,62.08,50.6,4.28,urban,day,1
426.45,695.7,4,1,59.61,43.48,4.67,urban,day,1
103.6,795.23,3,0,66.28,24.29,7.12,long_haul,day,0
544.53,729.47,2,0,51.34,21.89,8.96,mixed,night,0
412.9,1451.11,3,0,92.01,47.01,6.99,mixed,day,1
245.42,712.4,4,1,41.95,38.1,10.93,long_haul,night,1
169.62,348.61,5,0,103.9,46.4,8.05,mixed,day,0
293.83,872.21,5,0,39.29,43.47,9.39,long_haul,day,1
262.94,1281.62,1,1,59.83,36.22,9.09,mixed,night,0
345.91,604.08,2,1,40.56,1.7,0.68,urban,day,1
217.26,992.07,2,1,39.98,4.03,2.78,urban,day,1
181.49,779.65,3,1,61.97,56.88,5.53,long_haul,day,1
252.16,891.37,5,0,78.94,37.23,8.08,urban,day,1
18.11,1181.64,1,1,28.32,26.8,4.88,mixed,day,1
232.43,735.92,3,0,63.56,47.38,4.29,urban,day,1
340.1,967.04,2,0,19.28,22.37,3.72,mixed,day,1
100.98,50.0,3,1,59.43,50.17,0.39,urban,night,1
406.85,1481.92,5,0,72.95,26.93,1.85,mixed,night,0
118.02,1084.27,3,1,64.25,23.17,6.13,urban,day,1
104.17,1164.25,5,1,67.03,39.9,4.34,mixed,day,0
115.4,1057.88,1,1,57.79,22.94,5.74,mixed,day,1
173.09,656.57,3,1,18.86,29.28,5.24,urban,night,1
713.61,1736.22,3,1,104.46,29.59,3.58,long_haul,day,1
487.06,1200.02,3,0,68.15,14.38,3.55,mixed,day,0
214.15,1120.75,3,1,32.47,40.88,1.98,urban,day,1
472.17,50.0,5,1,39.68,42.71,12.58,long_haul,day,1
241.61,559.04,1,0,55.68,25.73,6.32,urban,day,0
479.32,1357.71,5,0,46.4,27.87,4.2,mixed,night,1
112.73,873.94,4,0,32.4,36.09,9.68,mixed,night,0
407.51,917.78,5,1,58.11,41.46,4.64,urban,day,0
145.05,1008.45,3,0,65.85,21.15,0.87,mixed,day,0
41.46,1462.59,5,1,66.52,39.01,3.8,mixed,day,1
328.68,732.76,5,1,72.74,34.93,2.54,urban,day,1
214.4,767.92,5,1,10.0,39.22,2.81,urban,night,1
515.97,1206.77,2,1,52.02,42.26,3.04,long_haul,day,0
82.41,1055.8,3,1,45.13,53.35,7.94,urban,day,1
418.8,1119.64,5,0,32.66,44.96,9.47,mixed,day,1
486.3,1329.05,2,0,65.98,42.72,5.89,long_haul,day,1
509.13,930.22,4,1,45.31,14.65,3.82,mixed,day,0
67.02,839.2,4,1,79.75,25.68,0.0,long_haul,night,0
252.71,967.88,1,1,70.36,35.36,6.02,urban,night,1
316.74,1080.15,3,1,41.94,25.1,9.85,urban,night,1
312.57,233.85,3,1,62.87,26.69,6.13,urban,night,0
365.61,566.45,5,0,24.48,42.1,1.2,urban,night,1
16.12,806.51,2,1,84.26,53.42,9.14,long_haul,night,0
440.59,820.09,1,1,63.84,26.11,5.54,mixed,day,0
51.84,904.08,5,0,60.73,50.24,5.73,long_haul,day,1
252.7,731.95,5,1,104.56,8.32,5.35,urban,day,1
400.85,426.94,1,1,38.67,34.86,3.51,urban,night,1
345.06,917.9,3,1,68.37,38.22,3.26,long_haul,day,1
613.62,901.48,4,0,51.03,51.57,4.13,mixed,night,1
206.07,953.77,3,0,75.34,39.23,4.54,long_haul,day,1
258.76,1367.9,2,0,57.34,26.84,11.35,long_haul,night,1
83.16,716.48,3,1,73.42,10.0,4.56,long_haul,day,0
391.27,746.82,3,0,76.7,51.65,8.7,long_haul,night,1
319.66,1052.76,5,1,73.72,53.12,2.94,urban,day,1
320.24,893.78,2,0,80.32,31.88,6.52,urban,night,1
247.52,1163.17,5,1,56.21,54.92,4.9,urban,day,1
418.77,1571.63,2,1,61.88,10.3,6.53,urban,night,1
495.48,499.59,5,1,59.78,31.71,4.32,urban,day,1
490.3,965.12,1,1,71.72,36.22,6.43,urban,day,1
103.63,372.34,2,1,55.87,27.27,4.69,urban,night,1
367.56,1136.67,5,0,37.87,41.48,7.35,long_haul,night,1
42.46,425.73,4,1,52.96,13.75,0.42,long_haul,day,0
323.06,1005.71,3,0,44.87,34.56,2.1,urban,night,1
349.15,597.27,1,0,65.7,26.83,6.47,long_haul,day,0
326.96,240.64,3,0,65.06,51.86,2.48,mixed,day,1
216.4,1185.38,2,1,37.74,38.75,8.63,long_haul,day,0
278.4,471.48,3,1,71.21,43.02,4.35,urban,night,1
324.35,1044.68,1,1,78.05,40.2,5.5,urban,day,1
424.82,557.56,2,1,74.29,23.9,4.17,urban,day,1
298.01,256.06,2,1,107.91,31.54,8.47,long_haul,day,1
151.72,1651.15,1,1,86.98,25.62,8.68,mixed,night,0
272.83,360.38,4,1,56.5,63.72,4.95,long_haul,night,0
258.6,625.33,1,0,51.4,24.97,6.17,urban,day,0
356.42,1615.03,1,0,38.95,12.24,8.13,long_haul,night,0
209.48,953.07,1,1,89.45,12.47,0.79,mixed,day,0
227.97,1016.35,5,1,43.0,7.49,1.92,long_haul,day,1
459.99,823.15,1,0,65.12,32.9,12.67,mixed,night,1
555.72,1233.75,5,0,74.3,27.35,1.68,mixed,night,1
678.93,394.18,1,1,62.93,10.53,1.02,mixed,day,1
215.81,768.37,4,0,52.43,38.21,8.39,mixed,night,1
260.8,767.9,4,0,80.17,41.27,1.59,urban,day,1
168.14,717.94,3,0,43.44,16.38,6.21,urban,day,0
175.81,466.17,5,0,67.56,49.39,6.03,long_haul,day,1
160.05,1485.73,2,1,37.38,25.87,3.48,urban,night,0
177.29,1122.7,5,1,87.22,41.97,8.33,long_haul,day,1
131.71,1052.93,3,0,59.54,30.42,5.66,urban,day,1
16.77,800.87,1,1,79.77,8.59,5.13,long_haul,night,1
470.55,794.15,3,1,48.67,33.25,0.0,mixed,night,1
503.21,984.69,1,1,65.66,33.27,3.5,long_haul,night,1
522.25,1098.46,2,1,88.6,26.19,4.71,urban,night,1
434.31,456.88,3,0,64.75,13.74,2.22,long_haul,night,1
526.45,946.53,3,0,77.12,38.03,7.03,long_haul,day,0
140.94,453.74,3,1,60.88,17.19,2.58,urban,day,1
245.15,731.05,2,0,39.02,9.58,3.09,urban,night,0
34.9,870.4,2,0,35.35,9.84,6.38,long_haul,day,0
540.67,469.79,4,0,61.67,19.64,3.23,urban,night,1
532.65,1446.11,4,0,92.55,32.15,2.63,mixed,day,1
351.13,280.06,2,1,81.47,10.3,9.83,mixed,day,0
336.46,1226.58,4,1,69.18,46.62,0.0,long_haul,day,0
58.12,1439.56,3,0,66.92,6.83,7.77,mixed,day,1
401.74,672.05,1,1,21.74,29.93,5.61,long_haul,day,1
22.57,739.4,4,0,20.63,1.62,4.59,long_haul,day,0
97.25,530.26,3,0,67.69,29.07,8.57,mixed,night,1
10.3,676.2,4,1,73.75,43.16,1.99,mixed,night,1
123.16,1173.36,2,0,90.94,26.61,7.38,long_haul,night,1
376.3,1169.78,3,0,45.68,26.13,6.03,mixed,night,1
660.31,1064.0,1,0,110.96,37.99,7.32,mixed,night,1
359.37,970.73,2,0,86.98,28.7,4.33,long_haul,day,0
269.1,978.26,1,1,83.93,19.82,1.51,long_haul,day,0
551.25,1281.94,1,0,30.61,25.73,2.25,long_haul,night,0
351.18,1015.17,1,1,43.07,18.62,5.34,urban,night,1
263.14,1674.36,4,0,30.32,11.27,4.33,mixed,day,1
180.96,484.83,4,1,55.77,15.78,0.0,urban,day,0
295.22,1067.69,3,1,48.87,18.61,0.73,urban,day,0
258.31,800.7,2,1,61.23,27.37,6.57,urban,night,0
350.52,1225.21,1,1,40.42,44.73,4.68,long_haul,night,1
15.69,913.68,1,0,41.15,33.24,5.54,mixed,day,1
120.89,882.22,1,0,58.81,50.88,6.25,urban,night,0
278.11,756.63,5,1,72.43,28.5,6.76,long_haul,night,1
177.08,973.3,1,1,76.45,34.47,1.02,long_haul,day,0
435.96,520.72,5,0,69.3,46.01,4.4,urban,day,1
10.0,194.45,3,1,26.58,30.55,0.0,long_haul,night,1
34.52,1616.64,1,0,63.79,12.07,2.21,mixed,night,0
194.06,425.72,5,1,67.74,29.81,1.95,urban,day,1
178.79,1202.64,2,0,68.04,57.64,5.05,long_haul,day,1
358.47,982.79,4,1,70.22,13.24,2.63,mixed,night,1
638.08,1444.73,1,0,69.02,21.7,1.48,mixed,night,1
176.89,1206.13,5,1,77.41,8.84,4.49,urban,day,1
340.83,1105.56,3,1,38.48,48.19,0.46,urban,day,1
351.61,447.11,2,0,66.71,42.89,2.47,long_haul,night,0
149.42,1113.02,2,1,18.39,30.81,3.97,long_haul,day,0
346.1,1012.74,5,0,60.96,28.52,7.48,long_haul,night,1
185.51,736.5,3,1,76.96,13.45,7.39,urban,night,1
191.14,952.89,1,0,50.31,9.4,4.43,urban,day,0
402.77,877.43,4,0,25.02,39.81,1.44,urban,day,1
262.11,448.8,2,1,67.16,33.29,4.66,mixed,night,0
371.17,956.2,5,1,63.84,29.38,6.16,urban,day,1
210.95,706.95,4,1,47.87,7.76,5.75,urban,day,1
432.36,729.76,4,0,61.3,28.28,2.14,mixed,day,1
563.59,906.05,1,0,57.05,13.87,8.57,urban,day,0
344.79,815.64,3,1,41.64,10.38,5.81,urban,night,1
498.65,143.75,3,1,73.66,32.52,6.92,mixed,day,1
486.85,927.15,4,0,47.4,18.1,4.58,urban,night,1
268.56,743.99,5,1,40.84,25.8,6.35,urban,day,1
208.0,802.26,2,0,85.25,19.97,4.45,mixed,night,0
144.91,547.68,2,1,47.46,18.46,10.45,urban,night,1
487.76,1087.38,4,0,73.55,27.98,6.07,mixed,day,1
299.05,1143.25,1,1,84.13,37.37,7.55,mixed,night,0
356.67,453.71,4,1,22.74,39.29,1.31,urban,day,1
104.12,775.94,3,0,79.38,18.62,5.79,mixed,day,1
395.01,795.43,5,0,65.02,29.23,0.0,urban,night,1
235.08,710.46,1,0,44.73,0.0,1.45,urban,night,1
335.33,367.5,5,0,53.25,26.27,10.08,mixed,night,1
316.33,1495.26,2,1,41.76,29.21,12.92,mixed,day,0
80.72,1010.5,2,1,84.82,36.37,7.14,long_haul,night,0
263.69,1066.63,5,1,48.33,28.63,5.17,urban,day,0
497.74,798.56,3,1,79.68,44.35,4.91,long_haul,day,0
371.81,967.88,4,0,55.45,30.44,5.74,mixed,night,1
462.63,1000.52,1,1,60.68,27.61,4.62,long_haul,night,1
477.81,855.39,2,0,54.61,26.3,1.02,mixed,night,0
319.87,121.63,1,0,30.82,20.09,5.24,urban,day,1
484.75,50.0,5,0,84.27,36.16,1.09,mixed,day,1
86.67,1077.97,3,0,53.74,6.84,8.89,long_haul,night,0
316.16,108.78,2,1,48.32,39.15,3.01,mixed,night,1
398.78,1013.3,1,0,81.16,10.52,7.58,urban,day,1
324.24,578.58,1,1,40.0,53.79,6.06,urban,day,1
420.75,512.19,1,1,50.94,47.22,5.01,urban,day,0
486.85,666.28,1,0,70.35,23.56,4.34,urban,day,0
306.45,594.5,3,0,55.05,21.08,6.27,long_haul,night,1
263.1,1166.83,3,0,65.36,0.89,3.15,long_haul,day,0
195.76,818.66,4,0,56.82,60.83,3.8,mixed,day,1
306.11,1501.49,1,0,56.43,23.25,4.03,mixed,day,1
238.45,844.48,4,0,62.41,23.82,4.91,mixed,night,1
10.78,795.2,2,0,53.66,28.14,6.49,mixed,day,0
314.5,1097.94,5,1,69.35,26.96,3.43,mixed,day,1
247.83,241.66,1,0,33.15,47.06,5.1,long_haul,day,1
183.4,915.52,4,1,61.4,29.89,7.86,long_haul,night,1
353.66,1029.87,2,1,58.21,31.64,2.05,urban,day,1
14.67,880.53,5,0,57.62,24.31,8.95,mixed,day,1
334.16,989.54,1,1,61.71,8.83,9.63,long_haul,day,0
248.27,59.75,1,0,46.07,14.14,5.28,urban,night,0
161.76,559.22,4,1,60.42,34.98,6.27,mixed,day,0
127.01,818.78,5,1,85.28,14.62,10.91,urban,day,0
152.03,492.3,1,1,32.64,35.25,0.4,urban,night,0
250.48,237.12,4,1,43.75,28.4,0.14,mixed,night,1
147.26,688.18,4,0,56.14,13.77,1.08,long_haul,night,1
298.27,226.59,2,1,32.12,32.06,6.5,mixed,day,0
133.35,827.14,1,1,71.82,7.2,4.59,long_haul,night,1
322.81,574.97,2,0,70.51,24.14,3.45,urban,night,0
298.87,1008.67,4,1,60.74,26.5,8.28,urban,night,1
281.2,1760.01,4,1,88.14,42.68,8.35,urban,night,1
113.96,798.29,4,1,87.58,56.82,4.08,urban,night,1
377.25,1153.02,4,1,29.71,20.84,0.88,mixed,day,1
524.2,1067.39,2,0,58.53,29.5,5.46,mixed,night,1
42.57,649.56,1,1,85.04,1.71,1.43,urban,day,1
413.24,617.34,2,1,59.91,0.72,3.76,mixed,day,0
97.74,1264.82,2,1,84.76,39.23,6.92,urban,day,0
532.66,783.96,3,1,38.25,35.54,5.7,urban,day,0
189.44,1204.61,3,0,69.23,40.15,5.31,urban,night,1
43.93,801.93,1,1,37.86,0.0,8.41,long_haul,night,0
114.26,1207.32,5,0,44.15,56.05,10.49,mixed,night,1
460.48,609.62,2,0,113.5,18.62,7.49,urban,night,1
434.83,1125.37,4,0,18.14,24.08,7.47,long_haul,day,1
276.83,826.04,2,1,15.1,56.15,5.49,mixed,night,1
228.42,849.88,5,0,99.78,53.74,5.38,urban,day,1
508.56,979.6,5,1,69.04,5.65,0.72,mixed,day,1
244.42,365.35,4,0,94.35,30.72,3.78,mixed,night,1
137.29,699.55,2,1,49.89,14.63,3.85,urban,day,1
87.82,1083.96,3,0,74.65,31.72,4.31,mixed,night,1
295.31,268.22,3,1,58.23,43.16,7.71,mixed,night,1
293.58,1177.0,3,1,66.74,49.93,3.4,long_haul,night,1
457.75,870.82,2,1,67.08,10.17,2.78,mixed,night,1
375.1,816.14,3,1,66.41,38.16,2.73,long_haul,day,1
350.63,700.41,3,0,47.23,24.97,6.13,urban,night,1
32.32,1267.06,4,0,53.16,22.34,3.27,urban,night,0
251.94,1322.29,5,1,44.68,19.41,3.28,mixed,night,1
287.72,1054.83,3,0,47.71,27.2,7.38,mixed,day,0
232.17,522.18,4,1,40.48,29.25,6.46,urban,night,1
408.85,1062.81,5,1,63.02,17.84,7.34,long_haul,night,1
455.08,617.05,2,0,51.0,34.5,8.48,mixed,day,1
550.62,156.81,5,0,54.58,49.47,4.38,mixed,night,1
274.04,642.75,4,0,76.23,35.24,9.64,long_haul,night,1
27.11,542.27,5,1,10.0,14.67,2.54,mixed,day,1
385.04,1351.81,5,1,100.47,40.71,3.5,long_haul,night,1
342.26,545.8,2,1,63.78,30.32,6.84,urban,night,0
523.48,581.91,5,0,55.13,39.22,4.94,mixed,night,1
398.37,663.91,5,1,44.74,23.75,9.03,mixed,night,1
405.63,1154.69,2,1,87.8,10.68,6.84,urban,day,1
253.19,222.2,1,1,53.55,16.23,5.17,long_haul,day,1
371.97,568.73,2,0,49.1,45.56,4.63,mixed,day,0
226.04,1137.49,1,0,53.04,17.5,4.14,long_haul,night,1
344.03,893.74,1,1,63.43,34.42,3.26,long_haul,day,0
181.78,883.02,1,0,58.85,26.68,1.9,urban,day,1
279.28,1080.08,1,1,71.91,0.32,8.69,urban,day,1
387.82,985.0,3,1,21.09,44.62,3.12,long_haul,night,1
425.62,1179.49,1,0,74.14,32.33,2.84,mixed,day,1
437.83,1102.54,1,0,46.89,50.95,5.91,urban,day,0
242.44,754.56,5,0,91.83,31.22,4.28,mixed,night,1
194.56,64.37,1,1,75.8,15.86,1.76,long_haul,day,1
350.41,50.0,5,1,56.22,37.99,2.68,urban,day,0
97.6,339.48,3,0,74.0,21.53,2.66,urban,night,1
314.5,790.67,1,1,72.01,8.63,1.02,long_haul,day,0
247.83,581.62,2,1,39.14,32.33,2.66,mixed,day,0
267.46,388.15,1,1,36.13,29.8,0.42,urban,night,1
578.43,998.6,3,1,64.43,45.98,4.31,urban,night,1
210.76,1358.64,1,0,63.91,16.76,7.41,urban,day,0
379.49,572.55,2,0,82.54,40.27,1.95,mixed,day,1
277.75,1345.94,4,1,48.62,10.92,8.24,long_haul,night,1
398.56,728.51,4,1,60.21,31.1,4.69,mixed,day,1
119.78,50.0,1,1,73.6,49.78,0.78,long_haul,day,0
34.51,529.97,3,0,68.59,38.2,9.08,long_haul,day,1
302.21,1087.67,1,0,19.49,42.03,0.96,mixed,day,1
234.47,1051.06,2,0,85.68,47.35,7.21,long_haul,night,0
293.81,695.5,5,0,70.41,22.99,4.69,urban,day,1
315.42,388.5,5,0,46.17,18.65,9.0,urban,day,0
516.51,819.33,2,0,56.91,36.31,4.19,mixed,day,1
314.44,861.04,5,1,46.31,33.38,6.92,mixed,night,1
478.03,1133.99,5,0,63.4,63.81,5.12,urban,day,1
484.55,458.99,3,0,86.83,59.07,5.75,mixed,night,1
40.33,176.07,2,0,93.2,18.88,8.66,long_haul,night,1
407.27,1242.29,1,0,39.97,14.76,0.0,urban,day,0
362.75,651.45,1,0,70.73,26.17,2.89,urban,night,1
577.39,1307.96,2,0,63.57,31.89,8.95,mixed,day,1
175.71,559.58,2,1,71.79,10.87,2.15,urban,day,1
365.53,1245.34,4,1,44.29,9.61,4.1,mixed,day,1
436.13,62.49,3,0,47.76,10.53,0.01,long_haul,night,1
13.74,1512.01,1,1,34.51,18.82,2.77,urban,night,1
242.94,1009.4,1,1,74.7,11.13,5.77,urban,night,0
277.42,1290.57,3,0,93.85,9.5,7.35,urban,day,1
499.29,50.0,2,0,59.44,23.6,5.83,urban,day,1
393.79,1115.32,5,1,53.03,22.82,0.0,urban,night,1
422.19,998.53,1,1,74.4,40.22,3.23,mixed,day,0
314.48,486.17,5,0,46.08,31.04,7.9,mixed,day,1
123.77,846.13,5,1,63.74,8.63,0.0,long_haul,day,1
477.06,50.0,3,1,60.54,15.11,6.62,urban,night,1
165.97,708.36,3,0,59.02,39.42,2.37,urban,day,0
171.94,981.81,5,1,87.37,20.37,2.43,long_haul,day,0
328.49,680.57,1,1,87.69,33.58,0.89,long_haul,night,1
557.47,1920.22,2,1,54.41,35.67,0.0,long_haul,day,1
366.8,212.89,3,1,41.22,27.75,4.31,long_haul,day,0
306.57,381.92,4,0,78.34,48.05,0.1,urban,day,1
332.65,899.54,4,0,50.04,41.52,0.58,urban,night,1
131.84,1009.47,1,0,50.28,39.38,8.93,mixed,day,0
441.62,246.8,2,0,61.27,35.72,4.76,mixed,night,0
430.36,636.06,3,1,85.08,13.92,6.11,urban,day,0
280.53,766.43,3,1,68.52,43.39,4.58,long_haul,night,1
403.28,1225.23,1,1,84.17,21.81,5.09,long_haul,day,1
143.1,1037.93,3,1,64.59,23.59,5.46,urban,day,1
336.68,1255.73,5,1,80.66,41.34,4.1,mixed,day,1
325.42,1086.28,5,1,64.81,49.86,4.6,mixed,night,1
422.45,764.09,4,0,64.89,21.63,1.91,long_haul,day,1
313.02,519.31,3,1,48.72,30.16,5.76,long_haul,night,0
373.72,1041.97,4,1,35.07,21.7,2.15,mixed,day,1
471.48,50.0,5,0,32.95,53.73,1.47,long_haul,day,0
312.82,803.2,2,0,70.1,29.37,6.26,urban,day,1
218.06,1617.36,3,0,30.86,41.23,7.22,urban,night,1
224.65,973.87,5,0,40.09,33.23,0.84,urban,day,1
573.45,117.47,1,1,42.9,31.52,6.4,urban,day,0
150.74,1278.26,4,0,76.21,46.14,0.52,long_haul,day,1
338.22,403.71,2,0,76.01,39.25,4.93,urban,night,1
455.32,1021.9,3,1,72.31,17.1,4.46,mixed,day,1
331.26,50.0,2,0,56.3,35.49,4.03,mixed,day,1
340.67,542.55,4,1,53.17,50.36,0.93,urban,day,1
499.69,1079.1,3,1,79.48,41.46,5.7,urban,day,1
144.4,632.43,5,1,54.11,28.52,7.86,urban,day,1
119.78,692.76,3,1,70.25,15.64,7.18,urban,night,1
432.02,875.42,5,0,73.57,7.53,10.53,urban,day,1
176.32,50.0,1,1,29.52,65.78,9.32,urban,night,1
10.0,499.67,4,0,25.73,34.99,6.65,mixed,day,1
200.0,623.31,3,1,50.12,44.72,8.69,long_haul,day,0
200.8,1045.1,2,0,100.52,26.22,2.54,mixed,day,1
61.53,1511.96,1,0,28.62,15.99,9.67,mixed,day,0
232.78,460.92,3,1,43.62,39.99,8.44,mixed,day,0
410.47,774.15,3,1,23.54,20.54,5.7,mixed,night,1
64.8,1122.91,3,0,59.31,4.0,4.17,urban,day,1
401.92,418.96,3,0,58.47,20.92,6.39,urban,day,1
173.65,1071.22,1,1,47.55,20.04,7.64,long_haul,day,0
102.26,215.2,3,1,61.84,35.01,3.62,urban,day,1
548.41,1144.31,2,1,76.57,51.06,0.46,mixed,night,1
92.19,583.56,1,0,76.84,2.32,3.95,long_haul,night,0
107.64,962.55,5,1,69.3,31.76,2.12,mixed,day,0
183.47,1777.99,4,0,66.71,26.06,1.43,mixed,day,1
342.66,1662.9,2,1,64.85,24.11,7.17,urban,day,0
357.61,964.7,2,1,57.87,43.51,4.44,mixed,day,1
504.42,187.44,4,1,51.53,63.78,0.48,urban,night,1
305.62,924.72,4,0,29.35,13.37,5.16,mixed,day,1
135.06,939.27,1,1,38.95,28.88,5.24,long_haul,day,0
307.35,1201.85,5,0,95.92,31.38,3.44,mixed,day,0
167.5,491.72,5,0,48.81,29.58,7.08,long_haul,night,1
592.95,700.8,4,1,73.25,53.02,2.67,mixed,night,0
356.5,1064.28,4,0,86.43,6.22,6.82,urban,day,1
406.17,729.79,5,0,54.31,31.05,8.19,long_haul,day,0
231.1,434.74,3,0,35.97,22.53,0.0,mixed,day,1
446.17,1300.22,2,1,80.29,2.95,0.43,urban,night,1
276.8,564.75,4,0,61.89,46.07,7.01,long_haul,night,0
10.0,1240.0,3,1,26.25,40.42,4.74,urban,day,0
231.95,50.0,5,0,15.17,24.19,3.53,mixed,day,1
334.02,1183.85,3,0,41.6,33.49,4.22,mixed,day,1
382.98,983.36,2,0,80.16,16.51,12.0,urban,night,0
386.89,339.95,3,0,36.62,29.04,8.55,urban,night,1
226.05,486.19,5,0,80.61,40.92,7.86,urban,day,1
295.95,1198.74,3,0,124.41,24.08,6.15,mixed,night,0
397.66,351.76,5,1,64.97,40.83,5.13,urban,day,1
310.41,818.34,4,1,67.06,24.11,4.57,mixed,day,1
425.82,953.73,3,1,45.39,20.17,8.03,urban,day,1
273.22,1129.33,3,0,44.62,36.72,2.26,urban,day,0
10.0,50.0,3,0,36.92,49.12,10.53,mixed,night,1
233.22,552.61,4,1,63.19,38.46,9.03,mixed,day,0
474.75,1030.76,5,0,94.43,37.61,5.56,mixed,day,1
210.2,1252.09,1,0,91.63,8.05,0.52,mixed,day,1
288.31,905.2,1,0,79.9,40.62,1.53,long_haul,day,1
467.85,1315.79,1,1,49.33,45.81,0.0,mixed,night,1
124.67,539.4,3,0,67.33,42.16,5.86,urban,night,1
110.24,667.96,3,1,49.29,24.37,2.03,urban,day,1
271.75,70.92,5,0,60.19,21.24,4.92,urban,night,1
595.69,1220.19,2,1,87.52,39.35,0.58,mixed,night,1
518.15,1092.08,3,1,85.3,37.51,5.69,urban,day,1
361.3,360.27,3,1,90.14,27.6,7.37,mixed,day,1
384.97,1233.9,5,1,40.28,12.68,3.09,urban,day,1
331.61,1042.06,2,0,35.43,9.27,8.43,mixed,day,0
440.12,273.34,4,0,57.32,70.27,4.68,long_haul,day,1
94.9,420.92,5,1,66.5,16.25,1.53,mixed,night,1
416.74,1476.79,4,1,65.93,29.99,12.15,mixed,night,0
309.38,1234.04,3,0,63.23,8.94,0.0,mixed,night,1
566.9,468.98,5,1,24.93,35.18,7.14,long_haul,night,1
580.31,1251.12,2,0,58.97,27.65,9.57,mixed,day,1
529.83,989.43,2,0,71.76,30.28,9.56,urban,day,1
445.43,1348.23,5,0,21.56,29.35,8.71,long_haul,day,1
165.06,324.26,3,0,60.38,32.33,6.6,mixed,day,0
257.95,50.0,2,0,67.34,12.05,6.48,mixed,night,1
436.44,878.91,3,0,68.95,22.03,8.52,long_haul,night,1
265.21,1113.01,4,0,70.23,0.0,8.48,urban,night,1
320.05,779.7,5,1,46.08,38.33,7.19,urban,night,1
307.54,618.2,2,1,75.27,36.28,5.79,mixed,day,1
48.1,699.75,5,0,65.41,55.25,2.64,mixed,day,1
324.0,305.53,3,1,48.26,12.43,0.32,urban,day,1
521.98,143.01,4,1,61.2,40.17,6.17,urban,night,0
245.1,1175.81,3,1,96.74,27.04,7.19,long_haul,day,1
449.27,1079.89,3,0,108.25,25.74,7.37,long_haul,day,0
611.93,556.13,2,0,71.96,41.28,7.47,urban,night,1
10.0,763.75,2,0,49.5,27.96,5.47,mixed,day,1
374.29,724.86,2,0,59.43,34.01,8.72,long_haul,night,1
338.66,743.8,1,0,31.75,29.16,3.66,mixed,night,1
633.49,145.76,3,0,37.06,15.25,0.44,urban,day,1
134.12,981.72,2,0,53.09,22.87,2.27,mixed,night,1
242.63,1322.03,2,1,57.61,20.84,9.68,long_haul,night,0
243.16,546.77,1,0,37.83,11.57,4.17,urban,day,0
209.22,505.41,1,0,73.23,30.6,6.07,mixed,night,1
385.97,807.45,3,0,36.66,37.49,7.03,mixed,day,1
245.78,550.54,4,1,98.39,12.3,9.58,mixed,night,0
389.56,276.12,4,1,24.85,32.01,2.36,urban,day,1
245.24,1101.08,3,1,95.21,24.8,6.46,long_haul,day,1
217.04,1307.87,4,0,39.31,45.06,3.76,urban,night,0
273.04,1322.86,2,1,76.56,49.88,4.72,mixed,night,1
136.93,444.11,1,0,79.76,14.72,9.07,mixed,night,1
232.26,488.52,3,0,35.88,30.41,0.0,mixed,day,1
455.05,981.92,1,0,64.51,35.52,2.03,urban,day,1
454.8,1569.33,5,1,53.33,19.63,9.36,mixed,day,1
139.78,126.63,3,0,81.32,31.59,9.63,urban,night,0
164.19,223.25,3,0,83.41,30.4,5.65,long_haul,day,0
396.44,772.91,1,0,36.88,11.38,3.49,mixed,night,0
314.84,1118.63,1,0,71.55,20.48,0.08,mixed,night,1
350.27,140.51,1,1,40.83,0.0,7.04,urban,day,0
255.63,760.14,5,0,70.5,39.41,3.68,mixed,day,1
245.36,420.14,2,0,52.9,26.93,4.92,mixed,day,1
236.09,690.37,3,0,60.33,4.53,1.76,mixed,night,0
312.6,820.78,4,0,21.85,15.56,4.27,mixed,day,1
185.93,662.47,2,0,45.16,40.37,6.51,urban,day,0
288.99,476.8,3,0,68.27,28.99,3.64,urban,night,1
482.8,1180.44,2,0,81.94,49.57,0.0,long_haul,night,0
616.11,917.28,1,1,59.02,30.45,3.39,long_haul,night,0
220.44,299.0,4,1,78.66,41.04,4.99,mixed,night,1
387.08,359.4,4,0,51.52,7.79,8.69,urban,night,1
269.15,431.09,5,0,45.69,31.1,6.55,urban,night,1
492.06,980.83,5,1,83.2,28.48,4.42,mixed,day,1
214.44,148.07,1,1,36.81,13.48,5.46,long_haul,day,1
216.54,203.61,5,0,95.97,48.24,8.3,mixed,day,0
121.38,573.42,5,0,51.15,32.86,2.48,urban,day,1
711.97,659.5,2,0,63.04,26.78,7.62,urban,night,1
383.23,1040.67,3,0,80.43,41.34,4.54,urban,day,0
124.93,548.82,3,1,80.83,45.6,1.22,mixed,day,1
303.94,1199.25,5,1,82.94,27.26,5.95,mixed,day,1
90.66,472.37,5,1,34.08,55.4,4.6,urban,day,1
323.64,1122.29,4,1,95.08,15.51,3.81,urban,night,1
67.11,75.01,5,0,66.81,37.39,4.36,urban,day,1
317.07,1401.79,2,1,35.42,9.38,6.61,mixed,day,1
116.03,982.08,5,1,56.86,30.45,7.21,mixed,day,1
384.85,1093.94,1,0,11.33,52.79,0.0,urban,night,0
163.66,1141.19,2,1,60.87,26.07,8.76,long_haul,day,1
362.05,623.98,2,1,70.55,14.32,4.66,long_haul,day,0
191.41,838.12,1,0,71.93,28.8,4.27,mixed,day,1
328.84,1392.11,4,1,59.49,30.57,10.43,long_haul,night,1
120.03,821.45,2,0,96.71,44.55,1.35,urban,night,1
467.68,671.57,5,0,87.56,41.92,7.01,mixed,day,0
267.63,427.46,4,1,49.46,39.44,4.91,urban,night,1
584.42,597.8,4,0,66.9,18.38,2.56,urban,night,1
493.8,512.88,1,1,39.37,45.92,6.07,urban,day,1
279.45,307.17,4,1,76.11,24.69,5.96,mixed,day,1
160.58,706.28,3,1,38.06,22.03,9.74,long_haul,night,0
86.11,883.72,4,0,66.93,51.18,9.23,urban,day,1
419.46,685.95,1,0,56.8,49.2,6.45,urban,day,1
211.45,1177.62,4,0,70.48,7.1,4.42,urban,night,1
300.71,233.14,1,1,70.64,14.11,9.78,long_haul,night,0
782.73,702.99,2,1,72.9,30.18,7.82,urban,night,1
472.15,931.93,5,1,48.96,53.74,7.15,urban,night,1
391.93,1011.79,5,1,64.16,25.34,5.5,long_haul,night,0
270.28,1350.01,2,1,93.49,46.98,6.05,mixed,night,1
606.04,756.19,4,1,71.1,55.39,2.62,mixed,night,0
283.54,1111.94,1,0,57.7,15.28,6.79,urban,night,1
99.89,974.45,4,0,41.25,33.42,6.47,long_haul,night,1
340.49,575.74,5,0,59.95,55.77,5.74,mixed,day,1
144.58,998.66,3,0,97.61,27.88,0.99,long_haul,day,1
157.42,849.6,5,0,59.77,26.44,7.78,mixed,night,1
401.61,1247.84,5,1,91.45,39.76,3.15,long_haul,night,1
347.96,1537.62,2,1,46.16,19.93,3.74,mixed,day,0
46.64,1006.5,2,1,39.18,45.39,3.84,urban,day,1
348.26,730.0,2,0,49.49,49.01,5.41,mixed,day,0
331.05,50.0,1,0,61.59,22.68,7.99,urban,day,0
383.89,430.8,5,0,53.81,44.87,6.21,long_haul,night,1
474.67,871.86,4,1,51.62,30.94,3.13,mixed,day,1
594.11,936.5,1,0,30.45,32.18,1.24,long_haul,day,1
260.5,53.35,5,0,49.16,63.8,10.75,mixed,night,1
10.0,1246.79,4,0,90.59,55.21,2.21,long_haul,day,1
92.13,58.44,3,1,66.81,33.23,3.85,mixed,day,0
540.14,77.19,5,0,89.77,38.16,4.23,urban,day,1
303.64,320.21,3,1,63.76,44.8,7.77,mixed,night,1
257.56,219.21,4,1,65.05,20.67,0.0,urban,day,1
255.38,898.01,4,0,25.59,18.0,0.0,long_haul,night,1
186.45,830.2,3,1,38.59,30.44,3.51,mixed,day,1
118.08,988.04,2,1,42.75,55.6,2.17,urban,day,1
258.53,650.12,5,1,70.69,33.24,6.11,long_haul,night,1
125.2,812.68,4,1,33.41,0.43,8.3,urban,day,1
286.21,436.04,5,1,85.42,21.97,8.71,long_haul,day,0
253.14,800.7,1,0,62.13,30.37,7.71,urban,night,1
591.83,474.38,4,0,43.07,50.67,1.4,long_haul,night,1
287.03,1060.87,1,0,28.49,36.57,4.57,urban,day,0
374.54,139.46,3,0,62.71,22.98,2.36,mixed,night,1
214.56,609.55,4,0,79.58,40.5,1.87,mixed,day,1
450.84,853.23,2,1,52.01,39.08,6.24,long_haul,day,0
312.11,323.7,4,1,50.14,13.22,1.06,urban,night,0
434.34,1487.06,3,1,60.14,39.14,6.72,urban,day,1
120.59,641.12,3,0,35.39,10.21,11.41,urban,night,0
51.82,833.59,4,0,35.47,23.17,6.94,long_haul,night,1
382.08,726.26,4,1,42.9,50.25,6.52,long_haul,night,1
129.93,1678.45,2,0,51.43,16.64,8.18,mixed,night,0
507.78,850.92,3,0,61.87,26.05,7.86,long_haul,night,0
179.95,892.56,1,0,66.2,29.87,4.77,mixed,night,0
610.45,1926.2,3,1,84.72,32.72,2.38,urban,night,1
129.01,895.26,2,1,42.57,29.65,3.04,mixed,night,1
249.67,1514.42,4,0,67.17,33.91,4.49,urban,day,1
332.34,591.41,2,1,28.83,6.0,8.25,mixed,night,1
438.9,1168.81,5,0,60.13,26.8,0.0,mixed,day,1
376.89,1488.39,1,0,43.03,52.05,4.02,mixed,night,1
73.33,1352.84,4,1,47.56,53.83,7.07,mixed,day,1
152.14,1663.8,5,1,61.67,15.5,1.19,mixed,day,0
230.04,788.63,1,1,68.79,27.75,5.69,urban,night,1
559.54,632.94,1,0,48.65,25.68,7.39,mixed,day,0
422.91,507.78,2,1,39.64,17.04,2.11,mixed,night,1
244.63,1176.68,1,0,33.59,42.47,1.27,mixed,night,1
410.2,493.97,1,1,59.87,40.68,4.5,urban,day,1
141.66,586.05,1,0,42.43,38.69,5.73,urban,day,1
246.22,338.31,2,0,100.81,53.36,0.18,urban,night,1
406.28,50.0,4,0,55.32,17.13,7.81,mixed,day,0
377.86,409.07,2,0,84.46,32.46,5.37,mixed,day,1
224.64,609.64,2,1,89.94,2.43,0.87,mixed,day,0
124.21,50.0,5,1,72.67,31.73,3.17,urban,day,1
493.06,538.67,5,1,57.96,28.81,3.68,long_haul,day,1
183.36,144.46,1,1,63.16,27.21,5.0,urban,day,0
201.63,636.66,5,1,47.98,76.5,8.27,urban,day,1
204.35,1010.9,5,1,51.76,31.12,3.49,urban,night,1
351.98,1970.9,4,1,62.16,36.05,7.94,urban,day,1
174.14,1408.61,3,0,55.7,43.24,7.67,urban,night,1
362.81,189.93,4,0,47.32,26.45,6.92,long_haul,night,1
182.74,987.97,3,1,71.59,39.43,2.13,mixed,day,1
309.14,247.46,2,0,78.75,15.78,4.88,long_haul,day,0
259.09,83.84,3,1,56.37,42.41,4.61,mixed,night,1
218.35,1130.57,3,1,13.5,47.43,0.94,mixed,night,1
400.46,133.95,2,0,61.12,13.0,0.3,long_haul,day,1
312.27,792.93,1,0,95.14,28.64,7.71,mixed,day,0
507.11,863.43,5,0,83.18,27.37,3.73,mixed,day,0
189.38,966.39,2,0,90.01,26.41,0.79,urban,night,1
167.4,819.0,5,0,60.9,31.06,8.13,urban,day,1
153.66,764.81,2,0,80.27,20.89,10.37,urban,night,0
253.84,567.71,4,1,62.04,45.28,4.67,mixed,day,0
423.54,1777.32,5,0,66.71,36.86,8.95,urban,night,1
208.54,1260.86,5,0,27.88,31.11,6.28,urban,night,1
614.19,1493.19,1,1,61.07,22.08,6.26,urban,night,0
347.6,310.48,4,0,10.0,15.94,7.18,urban,day,1
288.81,933.04,5,0,31.77,22.32,5.47,urban,day,1
447.75,1408.85,3,1,80.64,43.81,8.25,long_haul,night,1
278.42,553.24,1,1,54.22,37.04,3.96,urban,day,1
572.04,740.42,4,0,30.31,20.15,7.57,mixed,day,1
378.74,475.29,3,0,25.72,19.76,6.52,urban,day,0
425.78,1284.85,1,0,107.37,28.56,5.07,mixed,day,1
351.4,88.48,1,1,97.07,28.42,2.97,long_haul,night,0
69.26,50.0,3,1,73.64,54.14,5.48,mixed,day,1
388.28,58.11,4,0,35.14,50.74,2.25,long_haul,night,1
34.35,1088.61,3,0,55.01,5.8,8.12,long_haul,night,0
379.2,957.36,5,0,69.91,27.61,5.2,long_haul,day,1
46.32,1242.79,5,0,56.71,26.64,4.0,mixed,day,1
295.33,988.02,5,0,31.7,51.43,11.77,mixed,night,1
17.51,563.83,1,0,66.71,39.7,2.8,long_haul,night,1
465.9,845.64,1,0,67.02,42.61,5.94,urban,day,1
314.7,1227.13,5,1,50.22,32.14,6.5,urban,night,1
362.49,817.11,4,0,41.86,26.86,0.0,long_haul,day,1
324.77,1605.76,5,0,49.48,26.88,8.51,long_haul,day,1
196.8,221.44,2,0,55.38,21.16,3.18,urban,day,1
211.54,440.65,4,0,90.7,22.74,2.35,mixed,day,1
483.31,574.97,3,1,80.09,31.42,6.59,urban,night,1
360.61,859.17,5,1,60.38,39.37,4.69,urban,day,0
444.82,639.09,1,1,30.65,25.93,6.12,long_haul,day,1
239.94,656.31,4,0,37.95,24.92,5.32,mixed,night,1
286.79,453.11,4,0,72.26,26.68,0.0,long_haul,night,1
289.13,707.96,3,0,72.27,24.11,3.92,urban,day,1
181.05,296.0,1,1,78.86,26.87,12.6,mixed,night,1
403.18,790.03,4,0,71.42,37.17,8.39,mixed,night,1
268.22,835.54,5,1,73.39,29.79,2.48,long_haul,day,1
391.06,1476.39,3,1,56.51,27.23,7.21,long_haul,day,0
347.46,639.94,3,0,45.39,10.16,7.67,urban,night,1
249.44,1291.71,4,0,40.84,46.19,4.44,urban,night,0
182.49,824.63,4,0,55.87,25.46,4.84,urban,night,1
345.98,54.9,5,0,27.87,27.75,6.69,long_haul,day,0
355.11,495.38,3,1,44.09,30.58,6.08,long_haul,night,0
34.44,1177.31,1,1,69.79,26.5,3.18,urban,day,1
195.98,1010.01,1,1,62.6,41.22,4.27,mixed,night,0
517.04,1088.15,3,0,12.47,60.22,0.0,urban,night,1
223.17,568.95,2,0,63.96,3.76,6.73,long_haul,night,0
127.14,524.61,2,0,75.03,26.24,4.97,mixed,day,0
240.66,801.55,2,1,42.37,14.47,2.23,long_haul,day,0
162.62,1037.22,2,1,68.76,40.73,7.1,mixed,night,1
70.94,331.72,5,1,68.09,24.02,3.39,urban,night,1
371.12,324.59,3,1,58.86,10.57,5.42,mixed,day,0
332.64,584.7,2,0,64.1,51.31,5.58,urban,day,1
161.35,952.82,4,0,38.44,19.56,1.16,urban,day,1
320.59,1407.28,1,0,40.42,31.36,6.52,long_haul,night,1
367.45,1360.22,3,1,48.79,9.82,6.8,urban,day,1
79.59,818.12,5,1,76.88,45.42,2.93,urban,night,1
317.68,1275.87,5,0,42.21,13.58,2.88,urban,day,0
381.08,1099.95,3,1,74.38,41.02,6.65,urban,day,1
436.72,893.55,2,0,37.64,9.74,0.42,mixed,night,1
318.11,731.24,5,1,50.85,41.77,1.19,mixed,day,1
224.75,1043.06,2,0,88.16,34.65,7.06,long_haul,night,1
282.94,699.76,1,1,81.13,15.16,4.22,urban,day,0
348.27,713.18,1,0,78.57,16.61,3.45,urban,night,1
244.39,499.88,4,0,53.96,1.87,4.28,mixed,day,1
208.28,729.35,5,0,23.85,49.17,6.8,mixed,day,0
583.12,532.79,4,1,80.3,25.97,5.65,mixed,day,1
109.13,369.44,3,1,27.89,21.89,0.0,urban,night,0
343.14,669.16,5,1,38.67,64.56,6.25,mixed,night,1
456.6,694.67,5,0,41.65,37.8,6.53,mixed,day,1
104.01,495.83,1,0,60.77,43.81,3.86,urban,day,0
233.52,1170.94,5,1,84.4,11.52,9.31,mixed,night,0
226.69,998.99,5,0,38.02,32.47,0.41,urban,day,1
513.87,975.53,5,1,71.04,0.0,1.3,mixed,day,1
136.21,1155.38,1,0,76.21,27.79,3.95,urban,day,1
237.21,314.68,2,1,59.56,0.0,8.08,long_haul,day,1
295.26,712.09,4,1,68.55,20.23,8.55,mixed,day,0
548.66,630.89,4,1,32.07,24.7,6.94,mixed,day,1
37.79,642.0,2,1,56.17,29.14,3.64,long_haul,night,1
430.03,267.41,1,1,104.04,48.72,7.19,mixed,night,1
222.19,754.58,4,0,75.56,27.61,3.5,urban,day,0
52.45,1880.26,1,1,62.31,22.15,0.61,urban,night,1
374.34,1045.97,1,1,72.64,17.78,7.61,mixed,day,1
226.53,1183.2,5,1,61.42,33.47,8.09,long_haul,night,1
260.99,255.6,5,1,44.24,68.18,4.38,urban,day,1
349.23,1577.05,1,1,55.5,25.07,3.11,mixed,day,1
212.96,486.99,2,0,66.81,25.74,5.05,urban,day,1
477.79,475.62,1,1,55.15,9.34,2.77,urban,night,1
552.81,1175.72,4,1,68.68,58.89,6.68,urban,day,0
326.01,899.17,2,0,38.78,60.97,5.11,mixed,day,0
197.81,986.57,1,1,40.01,23.42,3.63,long_haul,day,1
398.22,1312.5,1,0,93.0,13.26,8.13,mixed,day,1
10.0,917.37,3,0,10.0,51.08,5.16,mixed,night,0
67.62,518.8,2,1,53.41,47.77,6.15,urban,day,1
259.86,464.21,1,0,35.46,21.91,0.0,urban,day,0
436.08,1005.55,1,0,60.48,28.46,6.61,mixed,day,1
82.17,907.64,2,1,70.71,31.73,3.44,urban,night,1
42.78,1275.34,1,1,67.51,25.5,2.04,urban,day,1
475.78,1309.29,1,1,54.35,47.87,0.78,mixed,night,1
419.15,1212.94,2,0,68.28,53.62,4.75,long_haul,day,1
52.98,1039.31,3,1,100.96,37.86,4.37,urban,day,1
448.55,1852.13,4,0,69.48,25.66,5.48,mixed,day,1
373.6,822.82,3,0,78.75,45.78,4.56,urban,day,0
364.04,1286.93,4,1,13.37,43.58,6.52,urban,night,1
415.66,922.59,3,1,81.37,36.07,6.66,urban,night,1
153.02,1041.39,5,1,72.56,28.13,1.55,urban,night,1
218.18,1027.51,2,1,70.07,42.24,7.69,long_haul,day,0
409.37,743.31,5,0,60.06,41.58,10.76,mixed,day,1
172.98,520.26,1,1,23.78,32.22,0.0,urban,night,0
771.78,613.78,4,0,48.97,39.63,2.15,urban,day,1
467.56,519.98,2,1,66.83,13.45,4.2,long_haul,night,1
343.64,842.68,1,0,72.04,45.02,3.26,mixed,day,1
10.0,1185.56,5,0,58.4,30.38,3.05,long_haul,day,0
350.18,1132.32,4,1,52.81,31.0,0.5,long_haul,night,1
155.74,1009.13,2,0,57.09,40.15,3.98,urban,day,1
417.88,955.02,3,1,80.45,28.66,4.11,urban,day,0
441.1,711.21,3,0,35.79,56.71,2.67,urban,night,0
292.25,470.51,2,1,11.35,16.08,1.43,mixed,day,0
239.57,1270.13,5,0,77.47,16.07,8.35,long_haul,day,1
469.89,406.07,1,1,24.74,45.31,3.47,mixed,day,0
267.91,244.33,3,1,79.1,60.46,2.76,mixed,night,1
307.9,373.99,2,1,107.64,29.26,9.41,long_haul,day,1
318.37,90.37,5,1,72.33,47.36,0.42,long_haul,night,1
495.4,1068.08,3,1,93.22,25.45,5.06,urban,day,1
119.6,563.91,4,1,52.34,45.98,8.28,urban,day,1
377.92,868.96,5,0,43.18,32.04,12.74,urban,day,1
359.61,1285.82,4,1,58.81,30.84,0.33,long_haul,night,1
463.23,923.56,4,1,65.06,58.03,3.1,long_haul,day,1
228.13,693.03,5,1,69.22,28.59,5.97,long_haul,night,1
360.83,149.34,1,0,57.73,53.81,4.17,urban,night,1
214.81,1076.54,1,0,50.73,19.5,4.72,long_haul,night,1
11.87,563.18,2,1,86.34,22.47,9.6,mixed,day,1
323.58,1127.13,5,0,14.13,56.6,2.48,urban,night,1
333.02,1398.77,2,0,33.55,0.0,5.04,long_haul,night,1
279.44,50.0,5,0,83.64,7.63,0.0,urban,day,1
352.57,1486.75,2,1,62.6,34.27,0.32,urban,night,0
94.9,321.75,2,0,71.68,38.47,9.58,mixed,day,0
132.53,1212.45,2,1,87.51,25.87,1.93,mixed,night,0
374.76,1113.77,1,0,54.22,15.96,6.39,long_haul,day,1
38.9,820.62,5,0,70.45,22.17,6.27,long_haul,day,1
156.35,325.91,3,0,47.24,7.45,0.0,urban,day,1
368.38,909.55,5,0,62.13,23.82,1.0,urban,night,1
197.24,570.94,3,0,70.39,24.62,7.49,mixed,night,1
456.71,513.73,1,1,82.85,5.25,0.81,urban,day,1
67.81,780.38,3,1,67.9,9.84,6.67,mixed,night,1
250.37,822.56,5,1,62.6,21.17,3.47,mixed,night,0
388.76,857.94,5,1,111.34,38.29,10.06,mixed,night,1
355.84,616.49,3,0,54.4,16.05,3.35,long_haul,day,1
382.53,1101.75,1,0,50.13,36.13,4.32,long_haul,day,0
275.69,963.95,2,1,57.21,42.45,7.76,long_haul,day,0
531.92,232.02,2,1,22.11,33.32,1.67,mixed,day,1
634.73,903.58,4,0,50.52,18.82,6.44,urban,day,0
364.23,1154.63,1,1,57.54,0.31,4.37,long_haul,day,0
232.66,599.12,2,1,31.15,28.17,4.04,mixed,day,0
573.79,985.76,2,0,45.16,59.44,3.71,mixed,night,1
187.33,1222.13,3,0,69.32,18.75,4.85,urban,day,0
304.13,702.18,5,1,52.59,25.27,7.14,mixed,day,1
141.11,1383.44,2,0,57.51,53.42,1.89,mixed,day,1
369.76,219.37,2,0,53.11,23.72,3.46,long_haul,night,0
369.0,1041.71,4,0,37.47,40.7,8.4,urban,day,1
130.59,327.26,1,1,56.65,45.72,1.97,urban,night,1
527.31,991.66,5,0,71.59,30.1,7.52,mixed,night,1
156.67,648.39,4,1,55.9,11.49,0.0,mixed,day,0
245.68,1580.65,4,0,76.81,34.46,5.35,urban,day,1
203.42,898.13,1,0,49.21,27.16,6.55,urban,day,1
336.87,50.0,3,1,63.48,34.27,3.15,urban,night,1
301.84,339.42,1,1,45.66,40.97,6.63,urban,night,0
423.29,822.87,4,0,25.01,32.36,11.06,mixed,day,1
13.14,548.45,4,0,117.58,24.19,5.28,mixed,day,1
104.44,1603.18,3,1,50.09,25.92,3.39,mixed,day,0
253.65,845.05,1,1,101.14,30.12,3.69,mixed,day,1
392.7,879.56,3,1,59.74,45.96,9.09,mixed,day,0
445.84,365.33,2,0,73.15,30.93,4.83,urban,day,1
122.49,539.82,5,0,62.46,64.7,6.67,long_haul,night,1
255.83,50.0,5,0,22.94,22.04,2.7,mixed,day,1
69.74,400.08,4,1,83.71,22.02,12.43,urban,night,0
10.0,510.51,1,1,62.37,50.29,4.25,urban,day,1
206.2,400.17,3,1,60.56,21.14,8.08,mixed,day,0
183.11,934.58,5,1,68.93,29.92,6.57,mixed,night,1
335.9,1597.55,5,0,60.89,15.69,3.7,urban,day,1
224.29,1027.04,2,0,102.39,57.78,7.05,mixed,day,1
406.72,1127.42,1,1,42.29,25.87,4.63,mixed,day,1
123.34,205.85,1,0,64.9,0.0,2.18,long_haul,night,0
76.32,1016.34,2,1,84.62,28.48,3.07,long_haul,day,1
323.66,94.83,5,1,63.17,11.4,4.16,mixed,night,1
299.46,755.77,1,1,91.35,13.86,3.11,long_haul,day,0
329.26,190.43,1,0,33.08,20.51,5.9,urban,day,1
10.0,365.4,1,0,65.66,32.9,3.97,long_haul,night,1
387.18,862.7,3,0,88.68,43.81,4.89,mixed,day,1
149.04,964.31,3,0,68.99,42.14,3.02,mixed,day,0
311.33,90.66,3,1,77.45,27.41,5.91,mixed,night,1
473.24,525.66,3,1,36.06,31.26,6.4,mixed,day,1
30.7,715.93,2,0,51.51,31.71,3.53,mixed,day,0
255.93,633.57,3,1,57.73,24.63,0.9,mixed,night,1
225.71,385.03,1,1,82.44,34.98,8.62,mixed,day,1
288.78,412.67,2,0,34.23,24.05,0.77,long_haul,day,0
170.25,820.09,2,0,27.74,45.4,0.0,urban,day,1
129.92,806.69,5,0,64.47,27.85,7.57,urban,day,1
293.03,926.99,3,0,65.57,15.19,0.5,urban,night,1
414.25,1097.1,1,0,25.44,44.22,2.07,urban,day,1
403.84,694.07,1,1,38.77,41.26,3.68,mixed,night,0
296.38,965.69,2,0,67.82,12.8,10.82,urban,night,0
458.13,536.5,5,1,88.08,46.27,6.27,long_haul,day,1
403.0,50.0,5,1,34.32,9.65,2.02,mixed,day,0
302.18,560.05,5,1,33.99,39.67,9.15,urban,night,1
334.66,1203.68,3,0,42.3,24.4,9.14,urban,night,0
225.41,1331.1,2,0,75.07,33.36,4.45,long_haul,day,1
446.59,856.57,1,0,39.19,25.7,5.45,mixed,day,0
333.36,422.8,1,0,50.09,60.29,0.2,urban,day,0
331.9,1201.95,4,1,18.18,21.79,6.12,mixed,day,0
260.19,674.88,5,0,47.09,22.23,6.82,mixed,day,1
74.11,759.16,4,1,82.65,12.39,3.51,urban,day,1
326.38,845.07,1,0,51.14,14.17,0.19,long_haul,day,0
331.32,483.64,1,1,89.61,36.66,9.12,urban,day,1
446.08,693.65,3,0,59.7,17.95,9.37,mixed,night,1
280.6,792.98,5,1,45.99,37.99,6.65,mixed,night,1
381.02,512.46,5,1,67.43,58.36,3.67,urban,day,0
213.05,893.52,2,0,59.72,30.81,10.32,long_haul,day,0
226.84,1035.25,1,1,25.93,45.97,5.64,urban,day,1
350.22,619.24,2,0,70.01,30.99,2.14,urban,day,1
298.56,364.77,3,1,71.68,30.36,6.76,urban,night,1
314.56,1236.46,1,1,84.84,25.32,10.28,mixed,day,1
517.93,1064.23,1,0,62.07,39.94,6.84,urban,day,0
276.33,850.09,1,1,102.01,31.07,7.79,mixed,day,1
551.75,1135.43,4,0,57.42,37.9,9.12,long_haul,day,0
502.25,831.36,3,0,85.91,7.39,7.31,urban,day,1
258.55,822.73,2,1,43.04,15.09,2.9,long_haul,day,0
10.0,897.22,5,1,95.93,21.09,6.63,mixed,day,0
10.0,133.45,1,1,55.03,42.18,5.66,long_haul,night,0
247.88,788.36,2,1,61.17,14.46,4.72,urban,day,0
359.92,304.82,1,0,63.67,37.16,7.65,mixed,night,1
372.92,329.84,5,0,98.45,59.47,11.34,mixed,day,1
45.25,1608.15,3,1,53.0,20.32,6.29,mixed,day,0
281.44,440.4,1,1,48.87,26.93,2.25,urban,day,0
473.56,906.22,1,1,65.37,31.96,6.75,urban,day,1
231.2,1383.8,3,1,70.33,15.38,2.29,mixed,day,0
244.03,1086.47,3,0,45.96,29.68,6.84,mixed,night,1
243.02,183.19,4,1,80.17,42.65,5.31,mixed,night,1
578.02,544.12,5,1,46.79,27.93,7.94,urban,night,1
544.69,462.45,4,0,47.09,47.63,0.64,long_haul,night,1
230.18,832.4,5,0,46.86,28.94,3.62,long_haul,day,0
437.25,1806.93,4,0,52.86,30.21,3.71,urban,day,1
149.23,363.25,2,0,43.28,0.0,6.02,long_haul,day,0
306.33,1486.35,5,1,40.69,57.41,10.62,mixed,day,0
401.79,186.18,1,0,62.08,20.69,4.64,long_haul,night,1
480.78,734.94,2,1,52.83,24.48,9.89,urban,day,0
46.61,130.04,4,1,67.36,19.66,4.55,mixed,day,0
285.23,1247.65,3,1,10.0,13.84,3.03,urban,night,1
328.11,1088.41,1,1,33.75,31.19,4.0,long_haul,day,0
337.19,612.85,2,0,63.19,30.83,8.1,urban,day,1
52.24,803.28,2,0,68.78,29.22,6.29,urban,night,1
375.08,220.06,3,0,72.11,38.02,4.95,urban,day,1
47.53,1644.5,1,0,61.52,9.71,2.06,mixed,night,0
481.72,1389.47,4,1,52.17,47.64,0.97,long_haul,day,1
403.16,1356.56,2,1,47.87,54.41,1.3,long_haul,day,1
349.66,50.0,3,0,65.04,15.4,0.95,mixed,night,1
499.9,1288.02,1,1,89.79,44.2,2.4,long_haul,night,1
354.86,615.4,5,1,45.01,30.06,6.73,mixed,day,1
224.82,1856.01,2,1,88.31,20.65,7.5,urban,night,0
278.51,550.74,2,1,34.84,29.76,5.05,long_haul,day,0
238.2,707.66,2,1,59.73,12.27,4.36,urban,day,0
172.29,785.74,3,1,61.32,33.53,6.77,long_haul,day,1
388.43,56.86,5,1,57.81,28.45,4.81,mixed,day,1
385.18,1059.81,4,0,16.9,35.39,5.64,long_haul,night,0
155.1,429.42,5,1,37.38,8.16,6.0,urban,day,0
333.41,926.43,5,0,31.86,25.63,5.61,urban,day,0
233.1,928.57,1,1,71.24,33.85,9.66,urban,night,0
157.04,604.64,2,1,42.81,29.15,6.57,mixed,day,0
282.88,378.32,1,1,42.7,21.45,2.06,long_haul,day,0
326.12,458.66,4,0,52.48,41.9,3.22,urban,day,1
234.38,637.6,1,0,72.26,52.96,3.38,urban,night,0
390.64,176.38,3,1,42.33,22.94,1.96,urban,day,1
326.49,800.89,1,0,94.98,49.52,0.81,urban,night,1
286.16,846.93,3,1,74.73,7.39,4.91,urban,day,1
265.65,454.81,1,0,72.06,49.52,2.37,long_haul,day,0
215.75,749.33,5,0,47.02,23.65,3.96,long_haul,day,0
355.42,715.4,5,1,53.93,15.42,3.91,urban,day,1
380.33,841.05,5,0,46.68,54.7,4.87,mixed,day,0
268.12,400.83,2,0,70.42,56.62,6.81,urban,day,1
431.3,730.78,4,1,82.16,32.6,5.17,long_haul,night,1
393.69,347.03,4,0,60.8,12.29,6.83,urban,night,1
344.09,1090.89,2,1,80.91,8.21,7.62,mixed,day,1
581.77,623.35,2,0,78.07,25.13,8.09,long_haul,day,0
271.89,648.42,4,0,51.28,6.58,8.19,mixed,day,0
191.78,50.0,5,0,23.23,13.45,0.4,urban,day,1
10.0,603.82,2,1,79.74,65.71,2.62,urban,day,1
186.79,162.45,3,0,51.56,31.27,7.27,mixed,day,0
385.03,904.14,3,1,53.28,10.76,4.36,long_haul,night,1
407.37,577.26,3,1,42.98,13.71,6.51,urban,night,1
357.76,1126.94,4,1,69.36,17.75,4.42,long_haul,day,1
149.91,1075.43,2,1,48.52,50.19,5.79,long_haul,day,1
264.82,770.25,3,1,59.58,23.64,4.65,urban,day,0
233.02,1119.19,2,0,73.71,23.16,5.99,long_haul,night,1
362.72,363.69,3,0,67.28,18.85,6.35,long_haul,night,1
405.93,757.12,5,1,126.4,22.98,6.61,long_haul,night,1
299.59,853.21,5,0,45.02,30.13,4.34,urban,day,0
365.58,365.65,4,1,58.75,28.1,3.88,mixed,day,1
420.34,293.07,1,1,70.56,28.61,3.5,long_haul,day,0
221.97,682.48,3,1,46.44,59.97,7.1,long_haul,night,0
311.17,546.91,5,0,68.02,57.68,2.2,mixed,day,1
537.13,1262.66,3,1,73.5,60.86,0.94,mixed,night,1
426.79,659.79,2,1,58.88,27.51,5.07,long_haul,day,0
205.99,1052.71,5,1,42.38,48.52,1.0,urban,day,1
240.69,462.86,3,0,62.27,51.48,3.71,urban,night,1
221.47,692.5,2,1,20.55,59.01,3.69,mixed,night,1
226.05,1109.69,1,0,79.26,3.19,2.67,mixed,day,1
245.98,814.68,1,0,62.84,23.88,6.55,long_haul,day,1
380.5,762.93,3,1,63.22,48.49,0.0,urban,day,1
235.11,801.57,2,0,85.15,27.08,4.2,mixed,night,0
424.96,1091.34,5,0,93.03,37.05,6.29,mixed,day,1
480.09,327.71,4,0,56.46,51.01,0.0,urban,night,1
287.17,1128.07,4,0,32.89,43.41,3.69,urban,night,1
240.92,603.37,4,1,101.34,41.9,3.39,mixed,night,1
163.97,1347.99,3,0,66.32,21.79,7.93,mixed,night,1
168.89,891.91,4,0,72.18,37.31,3.89,urban,day,1
364.83,983.86,5,1,51.93,32.84,7.4,urban,night,1
188.7,964.99,3,1,63.0,35.36,6.19,urban,day,0
321.39,832.45,2,0,32.17,34.25,6.24,urban,day,1
91.0,416.51,2,0,25.94,15.12,10.02,mixed,night,0
290.54,144.75,1,1,63.41,25.18,3.33,long_haul,night,0
21.84,50.0,1,0,82.75,30.01,5.99,long_haul,day,0
459.26,1045.22,1,0,66.8,0.0,2.04,mixed,night,1
336.53,936.14,3,0,10.2,30.1,8.49,urban,day,1
475.71,74.13,5,0,61.88,49.23,7.06,long_haul,night,1
10.0,771.84,2,1,48.56,27.39,10.0,mixed,day,0
117.97,1571.21,1,1,84.88,23.77,7.9,mixed,night,0
166.96,1056.0,3,1,76.05,36.55,1.84,mixed,day,1
464.75,116.31,3,0,44.17,53.92,1.02,mixed,day,1
334.02,1043.63,3,1,45.34,24.35,9.46,urban,night,1
52.33,647.42,2,1,78.47,47.51,8.6,long_haul,night,0
409.3,812.45,2,1,59.22,35.88,9.11,urban,day,1
306.9,518.8,4,0,54.03,17.93,8.18,mixed,day,1
501.51,1175.83,1,1,55.01,11.66,10.15,mixed,night,1
305.24,909.05,3,1,36.19,24.85,5.19,long_haul,day,1
276.0,794.88,4,0,50.13,23.69,7.88,urban,day,1
212.95,622.41,1,0,52.64,20.24,9.87,mixed,day,0
604.58,1239.65,1,0,33.57,26.86,2.98,long_haul,night,0
377.45,622.55,4,0,92.87,37.45,5.47,long_haul,day,1
180.9,1439.13,3,0,59.05,29.59,4.19,long_haul,day,1
428.39,745.57,4,1,59.37,10.89,6.93,mixed,night,0
182.87,807.51,3,1,49.4,36.98,5.5,urban,day,0
628.81,50.0,4,1,70.77,26.24,6.73,mixed,day,1
10.0,578.66,2,1,46.5,32.83,9.25,mixed,day,0
257.36,1008.2,5,1,69.99,37.23,0.0,urban,night,1
407.17,1008.55,2,0,53.39,23.71,5.72,mixed,night,1
379.07,165.29,2,0,74.75,22.64,1.98,urban,night,1
176.96,1079.66,5,1,72.94,31.67,2.69,urban,night,1
112.79,825.52,3,0,59.66,33.42,5.72,urban,day,1
423.91,373.7,2,1,54.09,30.17,0.32,long_haul,day,0
415.56,849.51,5,0,59.24,46.84,10.93,mixed,day,1
339.75,1002.13,3,1,48.55,22.64,4.61,urban,night,1
289.32,1435.26,4,0,111.25,19.17,5.47,urban,day,1
131.04,666.01,5,1,57.37,30.86,6.14,urban,day,1
245.34,1052.11,2,0,42.06,54.19,1.66,long_haul,night,1
215.21,1082.73,4,1,87.99,29.94,0.0,mixed,night,1
135.66,914.43,1,0,68.65,6.57,4.38,mixed,night,0
470.64,255.96,3,1,65.56,12.23,3.88,long_haul,night,0
166.33,755.4,2,1,83.11,29.38,3.54,urban,night,1
229.14,1759.71,5,0,50.87,44.02,0.0,mixed,day,1
114.52,855.17,2,1,67.08,19.43,7.94,long_haul,day,1
395.05,554.25,1,0,43.75,44.71,5.42,mixed,day,1
422.97,1055.54,5,0,39.16,42.57,4.84,urban,night,1
367.11,853.01,3,0,65.26,19.02,5.36,urban,day,1
150.88,583.51,4,1,47.72,18.48,5.45,mixed,day,0
95.23,50.0,4,1,49.35,36.19,5.17,long_haul,night,0
199.33,810.97,5,0,72.78,39.15,3.47,mixed,day,1
397.8,508.43,3,1,54.46,25.19,0.85,mixed,night,1
238.88,1231.75,2,1,68.12,31.87,8.48,mixed,day,1
295.72,1331.03,2,1,67.74,55.62,4.77,mixed,night,1
231.92,837.73,2,1,55.0,41.39,4.61,urban,night,1
35.27,718.68,3,0,64.55,26.71,7.24,urban,day,1
177.94,499.34,2,0,58.51,28.07,4.76,urban,day,1
484.76,693.84,2,1,67.39,33.73,5.37,urban,night,0
334.78,809.48,2,0,89.61,33.33,6.32,long_haul,night,1
551.03,601.14,4,1,70.36,0.0,1.07,long_haul,night,1
227.09,727.88,4,1,87.6,19.35,5.99,urban,night,1
479.12,1416.05,4,0,99.71,40.49,3.04,mixed,day,1
10.0,557.97,5,1,101.52,1.91,0.85,urban,day,1
329.59,666.01,4,0,88.88,6.48,6.34,urban,day,0
355.69,1489.39,1,1,37.95,46.99,6.36,long_haul,day,1
495.78,599.16,3,1,46.1,26.72,0.0,mixed,night,1
364.02,1515.25,1,0,54.28,21.62,4.13,mixed,day,0
210.5,806.3,1,1,89.93,14.98,3.64,urban,night,1
382.24,778.7,5,1,73.52,31.11,0.0,mixed,day,1
520.38,1512.95,5,0,68.76,39.48,11.14,urban,night,1
483.33,1410.14,1,1,83.13,45.25,3.27,long_haul,night,1
281.35,558.12,4,0,36.04,42.05,5.82,long_haul,day,1
434.85,1087.45,3,1,64.01,51.19,6.16,mixed,day,1
269.51,1711.31,3,1,43.72,38.34,6.46,urban,day,0
434.09,985.56,2,1,48.1,50.88,4.03,mixed,day,1
456.32,774.89,4,1,78.89,31.67,8.93,urban,day,1
32.16,961.91,4,0,110.22,20.32,0.0,urban,day,1
16.65,751.41,1,1,90.72,2.12,1.93,urban,day,1
403.66,1134.96,4,0,26.28,30.08,7.19,long_haul,day,1
451.7,735.76,2,1,32.9,26.43,1.28,urban,day,1
231.79,626.24,4,0,70.77,24.73,8.77,urban,day,1
493.36,1188.14,4,0,70.38,37.53,1.75,mixed,day,0
182.85,824.64,3,0,66.73,41.1,5.39,long_haul,day,1
411.66,550.88,2,0,49.49,48.68,5.45,mixed,day,0
243.45,246.45,4,0,38.55,39.21,5.75,mixed,day,1
16.91,962.94,1,1,84.05,27.49,0.0,urban,day,1
262.72,970.46,4,1,102.29,17.93,3.21,urban,day,1
257.45,797.71,5,1,66.87,41.06,0.42,mixed,day,0
424.8,1023.36,5,1,67.04,47.53,4.97,long_haul,day,1
41.28,558.55,1,0,68.19,0.0,4.81,mixed,day,1
461.29,557.0,1,1,28.59,11.12,9.72,long_haul,day,0
342.48,521.63,2,0,25.43,35.12,5.39,mixed,day,0
158.09,373.54,1,0,10.0,45.62,7.4,urban,night,0
38.07,752.79,1,1,66.63,34.02,1.14,mixed,day,0
173.15,1543.39,1,1,60.24,28.37,8.96,mixed,day,0
126.92,388.84,3,0,15.44,28.64,1.1,urban,night,0
310.04,1021.02,1,0,87.35,21.86,6.99,mixed,day,1
10.0,962.34,5,1,41.65,49.92,10.02,urban,day,1
130.39,957.72,4,0,62.57,23.17,2.2,urban,day,1
284.62,690.69,1,1,89.0,36.59,1.4,long_haul,night,1
307.38,326.89,2,1,57.69,32.56,4.87,urban,day,1
196.86,1074.74,1,0,71.39,26.43,6.68,urban,night,1
334.19,1982.21,4,1,62.42,37.79,7.33,urban,day,1
412.7,1297.6,4,0,28.6,22.44,0.95,urban,night,1
270.18,1208.7,2,1,77.79,43.0,12.04,long_haul,day,1
331.96,422.92,2,0,44.62,23.66,4.96,urban,night,0
279.44,559.38,3,1,74.0,9.19,3.49,long_haul,day,0
169.92,912.28,3,0,53.46,51.56,2.89,long_haul,day,1
94.06,691.38,3,1,76.48,19.5,7.85,urban,night,1
223.31,627.7,3,1,92.87,25.51,4.36,urban,day,1
410.89,871.53,5,0,45.69,1.38,1.27,mixed,day,1
298.99,439.71,5,0,52.88,29.77,9.91,mixed,night,1
349.12,1006.32,4,0,32.57,13.64,8.5,mixed,day,1
378.19,396.38,1,1,75.72,49.1,8.67,long_haul,night,0
172.59,1281.39,1,0,78.42,10.41,2.7,mixed,day,1
104.5,1218.15,5,0,66.97,46.62,12.15,urban,day,0
421.31,50.0,1,0,88.7,41.24,5.9,urban,night,1
26.29,50.0,2,0,31.85,12.63,5.82,urban,day,1
234.59,1247.18,3,0,52.44,36.05,7.75,urban,night,1
480.23,481.18,5,1,84.17,41.42,3.69,urban,night,1
287.59,981.9,3,1,65.09,46.44,1.54,long_haul,night,1
522.43,1165.25,5,0,54.16,16.38,5.13,long_haul,night,1
542.51,372.42,4,0,20.25,35.12,5.0,urban,day,1
437.12,57.91,3,0,73.14,21.17,10.13,urban,day,0
10.0,705.91,3,1,67.52,36.12,5.49,mixed,night,0
381.89,959.95,2,1,79.82,43.46,6.59,mixed,day,0
242.23,1025.39,3,0,47.87,32.98,6.88,mixed,night,1
195.8,288.62,5,1,56.76,28.9,1.87,long_haul,night,0
246.95,489.3,3,1,94.96,29.53,6.42,mixed,night,1
468.56,849.95,5,1,70.6,20.11,1.48,mixed,night,0
496.28,50.0,3,0,62.56,18.77,0.36,mixed,day,0
239.05,1185.16,2,0,67.49,66.3,5.34,long_haul,day,1
712.65,469.57,2,1,30.28,60.67,8.66,urban,night,1
493.75,1136.56,3,1,84.9,37.52,5.23,urban,day,1
10.0,1125.48,1,0,112.17,22.41,3.3,mixed,night,1
290.37,737.31,2,1,67.09,35.06,7.91,long_haul,day,0
353.31,280.04,4,0,70.06,66.17,4.96,long_haul,day,1
199.97,881.67,4,1,67.81,41.74,9.61,mixed,day,0
382.45,846.71,1,0,57.78,0.0,6.28,long_haul,night,0
329.62,665.43,4,1,90.66,51.31,3.06,urban,day,1
485.39,917.34,4,1,73.97,10.57,5.84,urban,day,0
211.23,266.6,3,0,71.77,31.93,5.5,long_haul,day,0
345.4,788.47,3,1,56.54,7.03,3.64,urban,day,1
349.98,167.65,2,0,72.33,48.26,7.92,long_haul,night,0
363.27,737.85,2,0,75.01,30.61,1.51,urban,day,1
342.77,938.81,4,0,67.95,10.64,6.36,mixed,night,1
227.36,766.83,4,1,63.95,55.26,3.72,mixed,night,1
347.81,548.22,1,0,75.32,31.57,7.65,long_haul,day,0
319.3,565.34,4,1,68.76,40.33,5.73,urban,day,1
696.85,687.05,4,1,10.0,28.57,3.51,urban,day,1
346.55,738.47,5,0,64.88,46.66,3.4,urban,day,1
270.17,757.33,3,1,55.38,22.57,1.65,mixed,night,1
111.86,382.52,1,1,70.76,20.06,7.41,urban,night,0
219.55,353.38,5,0,60.59,26.04,4.28,mixed,day,0
254.37,1468.73,3,1,68.77,1.51,3.52,urban,day,1
419.33,50.0,2,1,34.17,48.16,4.83,long_haul,day,0
263.69,152.45,2,0,48.73,36.67,6.4,urban,night,1
209.76,50.0,3,0,94.23,44.43,6.19,urban,night,1
444.44,328.11,3,1,82.96,27.89,0.03,urban,day,0
278.47,882.26,5,0,64.8,9.46,6.05,mixed,day,1
271.69,1366.58,4,0,109.92,19.6,5.54,urban,day,1
345.68,1300.54,2,1,83.26,14.02,6.77,urban,day,1
421.53,796.67,4,1,36.37,29.51,3.43,long_haul,night,1
274.22,113.39,5,1,40.17,28.18,5.65,urban,night,0
464.32,1170.5,3,0,66.29,39.96,3.93,mixed,day,1
378.43,1089.93,1,1,81.0,33.55,8.55,urban,day,1
254.97,1280.13,1,1,52.78,24.78,4.14,urban,day,1
169.09,528.64,2,0,59.69,42.87,0.0,urban,day,1
100.07,503.31,4,1,50.95,47.61,8.29,urban,day,1
635.55,1420.67,1,1,59.72,32.82,2.26,long_haul,day,0
269.84,1425.04,3,1,72.91,23.76,4.64,mixed,night,1
313.14,957.76,2,0,59.36,43.78,3.26,urban,night,1
352.84,1198.55,4,1,38.38,0.0,4.1,mixed,day,0
417.83,279.77,1,1,96.81,24.96,0.53,long_haul,night,0
297.91,724.12,1,1,34.96,61.43,7.53,urban,day,0
346.77,315.77,3,1,67.29,27.91,5.46,urban,night,0
328.92,803.54,4,0,61.96,23.14,5.9,long_haul,day,1
437.37,619.11,5,1,58.51,29.17,1.25,mixed,night,0
209.55,907.5,3,1,66.94,54.36,16.26,mixed,night,1
242.68,891.66,1,0,55.94,18.85,4.53,long_haul,day,0
539.43,803.71,3,0,57.21,46.25,6.35,mixed,night,1
321.03,772.78,2,0,33.12,51.77,0.64,long_haul,day,1
234.58,594.03,1,1,10.0,7.66,8.68,urban,night,0
162.58,1359.67,2,1,56.64,41.28,0.08,urban,day,1
110.14,1506.96,4,1,57.85,20.71,4.34,mixed,day,1
296.92,540.37,1,0,71.32,36.31,5.94,long_haul,night,1
260.99,422.14,5,0,78.39,38.44,0.31,urban,day,1
400.47,1163.39,2,0,56.63,52.4,8.53,long_haul,day,1
369.77,565.82,4,1,44.73,44.08,1.07,urban,day,1
385.54,1493.13,4,1,31.78,63.37,8.66,urban,day,0
308.9,191.07,2,1,47.78,32.7,2.72,mixed,night,1
549.44,618.5,2,0,41.5,4.92,2.11,long_haul,night,0
314.88,587.91,2,0,34.79,28.42,2.23,mixed,day,1
564.12,1079.13,1,1,66.93,18.41,2.03,mixed,day,0
178.65,500.13,2,0,68.73,3.45,5.54,long_haul,night,0
65.47,1087.39,5,1,69.17,18.69,3.33,urban,night,1
398.65,1310.59,2,0,96.09,50.19,0.53,mixed,night,1
508.67,222.04,1,0,61.57,21.8,0.39,mixed,night,0
58.49,973.63,5,0,78.57,46.85,0.09,mixed,day,1
10.0,920.06,4,1,67.38,27.33,11.56,mixed,day,0
140.97,1069.42,2,1,68.86,31.82,3.29,urban,night,1
133.36,480.94,1,0,10.0,49.6,7.35,urban,night,0
332.12,1055.72,4,1,98.22,20.06,3.19,urban,night,1
531.66,616.91,5,1,50.98,27.34,2.3,long_haul,day,1
176.8,425.16,2,0,99.2,60.07,2.5,urban,night,1
152.58,952.64,1,1,40.2,22.92,5.34,long_haul,day,0
295.47,974.78,1,1,39.87,9.74,2.44,urban,day,0
471.34,112.11,2,0,57.46,51.43,7.66,long_haul,day,1
457.08,168.87,1,0,77.23,24.09,5.62,long_haul,day,0
199.65,120.29,1,1,46.02,27.58,3.14,urban,night,0
603.06,1260.83,2,0,63.49,34.4,6.0,urban,day,1
334.65,597.68,4,1,64.35,26.04,6.22,mixed,night,1
267.18,1372.81,2,1,66.97,45.76,8.08,long_haul,night,0
107.87,1111.32,1,0,68.82,2.34,5.67,mixed,night,0
342.28,1064.19,4,0,33.7,31.93,4.81,mixed,day,1
485.92,1141.81,5,1,50.24,19.01,9.04,urban,day,0
332.87,713.92,1,0,41.9,6.54,4.84,mixed,night,0
401.61,68.37,4,0,75.67,32.95,8.85,mixed,day,0
404.47,64.47,5,0,43.11,14.45,6.7,mixed,night,1
370.34,76.08,5,0,47.99,14.89,6.63,mixed,night,1
416.04,458.5,1,1,51.81,44.67,4.88,urban,day,1
342.91,448.63,4,1,27.49,31.6,1.9,urban,day,1
472.78,577.45,5,1,71.23,52.29,6.02,urban,day,1
283.58,440.16,3,0,73.69,28.4,3.39,urban,night,1
356.45,899.05,1,0,63.09,36.29,3.46,mixed,day,1
356.37,1383.54,5,0,45.82,30.79,1.65,urban,day,1
98.04,374.98,4,1,50.9,46.1,7.78,urban,day,1
111.38,361.07,3,1,60.08,11.81,3.33,mixed,day,1
376.26,947.55,2,1,54.01,48.06,4.5,mixed,day,1
351.11,619.85,3,0,43.58,28.34,10.98,urban,day,1
270.76,916.58,1,0,67.11,27.96,7.6,urban,day,1
134.0,95.63,5,0,76.42,38.48,4.16,mixed,day,1
137.33,1317.2,2,1,41.58,13.68,6.16,urban,day,0
189.15,629.07,1,0,59.08,17.46,3.67,mixed,day,1
410.82,439.0,4,1,50.88,29.47,11.29,long_haul,day,0
143.94,1181.27,1,1,46.02,36.07,2.53,mixed,day,0
500.71,207.3,5,1,57.56,29.99,6.87,urban,day,0
200.89,853.95,1,1,63.13,25.29,5.14,urban,night,1
517.11,597.9,2,1,87.83,14.03,7.92,mixed,night,0
397.1,1390.17,3,1,59.72,36.95,6.43,long_haul,day,0
352.26,1222.56,1,0,44.96,8.48,0.0,urban,day,0
258.95,963.02,1,1,67.92,27.97,6.26,urban,night,1
103.66,1183.02,1,1,41.04,34.21,11.39,urban,day,0
30.03,737.52,4,1,48.48,31.99,1.36,mixed,day,1
191.11,1679.99,4,0,54.47,16.26,4.08,mixed,day,1
124.96,1187.32,2,1,64.14,23.12,7.77,long_haul,day,1
294.39,706.31,3,1,49.07,22.51,6.04,urban,day,0
122.38,1089.05,2,1,91.7,22.93,1.14,mixed,night,0
192.38,662.04,3,0,25.96,57.65,8.63,urban,night,1
135.34,1827.56,1,1,47.5,44.78,5.99,mixed,day,0
234.39,1166.33,2,0,56.17,25.7,5.74,mixed,day,1
232.52,123.34,2,1,82.14,50.73,4.26,urban,day,1
544.42,1346.15,4,0,45.45,17.84,8.02,mixed,day,1
222.47,265.98,4,1,76.21,21.01,6.93,mixed,day,1
271.42,447.12,2,0,20.32,24.47,2.95,urban,day,1
238.85,172.76,1,1,77.48,33.63,11.24,urban,day,1
34.93,1025.26,1,0,106.47,22.84,3.92,mixed,night,1
381.82,975.27,2,0,56.53,26.8,1.64,urban,night,1
530.68,849.86,4,0,50.77,19.54,5.04,urban,night,1
352.81,1102.08,5,0,46.1,16.62,5.18,long_haul,day,1
512.94,1342.18,5,1,85.75,11.52,7.69,long_haul,night,0
451.84,1053.6,2,1,62.86,6.45,3.37,mixed,night,1
424.33,1283.58,2,1,46.39,24.86,3.86,long_haul,day,0
394.26,187.13,2,0,71.93,18.25,6.8,long_haul,night,0
330.22,827.45,1,0,61.93,18.05,0.96,mixed,night,0
489.35,672.11,1,1,89.24,30.43,0.32,mixed,night,1
114.14,733.81,1,0,79.95,26.09,6.22,mixed,day,1
261.32,941.47,5,0,82.02,29.92,2.93,long_haul,day,1
221.08,381.24,5,1,70.27,41.22,1.48,mixed,day,1
264.53,608.12,2,1,23.02,25.53,0.83,long_haul,day,1
151.72,1327.15,4,0,38.91,14.37,7.15,mixed,day,1
241.9,768.41,4,0,61.63,53.39,5.02,urban,night,1
710.32,462.88,4,0,51.67,39.84,2.54,urban,day,1
127.66,1008.9,4,0,65.36,10.98,3.23,mixed,day,1
279.42,1124.3,1,1,93.59,24.66,7.57,long_haul,day,0
200.56,1419.57,3,0,58.94,40.63,6.93,urban,night,1
84.86,50.0,5,1,79.37,33.09,3.84,urban,day,1
287.9,1603.89,1,0,49.47,50.93,9.13,mixed,night,1
178.66,842.57,4,0,73.19,56.6,4.2,urban,day,1
113.0,631.0,3,0,51.74,23.29,9.71,long_haul,night,1
292.69,887.56,2,1,71.21,47.21,5.45,urban,day,1
572.54,50.0,5,0,65.26,59.99,6.31,long_haul,day,1
173.04,472.59,1,0,66.07,18.76,0.93,urban,night,0
58.73,1566.37,1,1,85.03,35.9,6.21,long_haul,day,1
195.19,572.3,5,0,102.38,53.69,7.33,urban,night,1
439.14,167.4,2,0,52.59,49.39,7.3,long_haul,day,1
385.39,637.27,4,1,37.12,24.3,0.26,mixed,night,1
294.3,749.16,1,1,92.95,10.33,5.19,long_haul,day,0
234.5,812.54,5,0,100.74,30.43,3.77,mixed,night,1
14.73,50.0,2,0,56.84,49.41,2.23,mixed,night,1
237.0,741.84,2,0,62.76,31.03,5.58,long_haul,night,1
268.7,552.14,5,1,63.96,21.44,6.89,mixed,night,0
226.7,966.27,5,1,41.46,53.65,10.01,long_haul,night,0
122.92,548.91,1,1,93.4,74.63,9.26,urban,day,1
281.31,629.39,1,1,12.36,9.79,9.74,urban,night,0
226.44,878.12,2,0,74.14,39.67,6.83,long_haul,day,1
68.99,771.11,2,0,76.4,26.64,6.7,urban,night,1
557.21,1320.68,2,0,60.4,36.75,6.05,urban,day,1
56.06,830.3,2,1,47.14,43.01,2.8,urban,day,1
359.53,1152.34,5,0,39.83,14.29,6.75,mixed,night,1
297.1,855.4,2,1,62.44,27.02,6.42,urban,night,0
206.69,442.04,3,0,79.86,30.07,3.97,long_haul,day,1
219.95,544.93,2,1,25.41,59.66,2.83,mixed,night,1
19.52,1406.55,1,1,82.57,21.72,6.88,long_haul,day,1
182.95,741.99,2,1,49.56,29.32,8.57,mixed,day,0
10.0,598.97,1,1,103.19,3.85,1.28,urban,day,1
512.78,126.87,4,0,52.24,34.08,5.9,long_haul,day,0
423.19,1105.99,1,0,103.62,13.75,7.47,mixed,night,1
191.5,673.48,1,1,77.23,53.07,5.46,mixed,day,1
221.34,430.99,3,1,57.12,16.98,8.93,mixed,day,0
248.48,533.28,1,0,95.84,25.95,0.55,mixed,day,1
332.74,255.23,2,1,56.24,23.47,0.33,long_haul,day,0
14.37,741.2,2,1,84.0,26.71,10.45,urban,day,0
279.04,1160.6,4,0,50.17,28.6,4.22,mixed,day,1
337.15,559.0,1,1,65.18,10.66,5.11,long_haul,day,1
212.98,516.88,1,0,88.75,36.02,2.83,urban,day,1
161.09,674.29,4,0,92.37,21.15,2.16,mixed,day,1
10.87,462.58,4,1,80.99,20.92,11.1,urban,night,0
343.93,1084.36,5,1,49.67,22.04,5.22,urban,day,1
227.53,849.69,4,0,84.85,32.63,1.39,mixed,night,1
10.0,532.8,5,0,52.44,28.59,6.27,urban,day,0
79.07,542.51,3,1,63.93,42.32,7.7,mixed,night,1
243.95,1712.39,4,0,40.82,25.46,2.2,urban,day,1
145.5,590.5,5,0,56.9,52.56,0.64,mixed,day,0
331.55,1346.68,2,0,66.61,42.28,4.34,urban,day,1
27.33,716.79,1,0,50.02,15.79,0.17,urban,night,1
482.71,433.78,4,0,25.77,41.98,6.99,urban,day,1
240.53,616.68,2,1,43.39,54.86,4.63,urban,day,1
361.62,1155.53,3,0,27.25,55.35,1.14,long_haul,day,1
154.54,51.32,4,1,45.9,23.29,8.98,urban,day,1
335.69,891.64,1,0,97.68,30.37,8.7,mixed,day,0
167.68,892.54,1,0,74.2,27.57,3.65,mixed,day,1
170.63,865.64,2,1,42.69,44.73,2.73,urban,day,1
125.79,623.09,2,1,83.43,45.2,9.65,mixed,day,1
483.12,478.02,2,0,56.61,30.5,5.82,mixed,night,0
529.2,910.03,3,0,53.46,37.97,6.7,mixed,night,1
343.87,402.84,3,1,76.22,15.22,4.51,long_haul,day,0
188.79,526.23,2,1,67.35,11.18,5.31,long_haul,day,0
465.61,1113.87,2,1,100.95,20.21,1.16,mixed,night,1
44.32,50.0,1,1,56.68,37.05,7.07,urban,day,1
440.14,535.94,2,0,38.75,15.91,3.15,mixed,night,1
370.77,392.9,2,1,72.86,26.96,7.1,mixed,day,0
370.67,162.99,4,0,10.0,10.64,6.95,urban,day,1
197.28,240.59,5,1,47.85,8.46,0.99,long_haul,night,1
438.93,669.94,4,1,51.89,30.24,8.8,long_haul,day,1
141.18,519.7,5,1,51.28,25.94,7.27,urban,day,1
212.11,831.77,2,0,49.62,63.75,9.22,mixed,night,0
181.58,678.49,2,1,44.52,17.48,11.11,long_haul,night,1
375.51,949.39,4,1,69.77,15.9,6.97,mixed,night,1
374.95,592.77,3,0,76.83,23.97,4.94,urban,night,1
135.29,1198.14,4,0,81.18,40.73,1.29,long_haul,day,1
264.27,576.42,3,0,48.08,15.07,6.21,urban,day,0
371.86,1087.01,3,1,84.67,17.25,2.37,long_haul,day,0
381.15,743.76,3,0,93.26,44.51,4.06,urban,day,0
285.0,725.79,4,0,55.03,14.05,8.38,urban,day,1
254.49,1028.43,2,0,54.78,24.61,9.45,urban,night,1
348.63,816.29,4,1,39.04,25.84,0.72,mixed,night,0
463.5,897.53,4,0,62.91,26.38,2.29,long_haul,day,1
333.53,678.85,3,0,72.5,42.85,3.07,mixed,day,1
450.3,1066.28,1,1,57.99,39.83,6.13,urban,night,0
112.34,1332.48,2,0,54.83,53.54,3.18,mixed,day,1
252.81,926.75,4,0,66.94,50.76,1.62,mixed,night,1
237.56,1116.37,3,0,62.51,20.22,1.86,urban,day,1
201.15,132.14,4,1,55.67,21.9,9.25,urban,day,1
302.77,890.72,3,0,127.6,26.58,4.29,long_haul,night,1
289.55,1093.92,4,1,59.95,21.74,8.06,urban,night,1
189.06,1133.32,3,1,63.5,10.88,4.09,urban,night,0
319.95,648.54,5,0,95.13,56.8,7.62,long_haul,night,1
332.13,546.32,5,1,59.48,36.21,11.15,long_haul,night,0
546.95,1730.91,3,1,26.49,47.34,10.12,long_haul,night,1
431.73,626.28,3,1,56.34,20.49,1.17,long_haul,night,1
296.4,1067.42,3,1,69.52,39.38,6.04,urban,day,1
24.45,933.95,5,0,48.54,44.54,5.7,long_haul,day,1
350.62,887.67,3,0,67.44,26.34,8.7,mixed,day,0
501.83,652.06,2,1,62.13,48.19,5.88,long_haul,day,1
235.99,685.96,5,0,40.4,15.69,4.79,urban,day,1
151.11,1486.0,4,1,57.14,3.34,4.8,urban,day,1
456.02,573.31,2,1,55.62,23.25,8.94,urban,day,0
292.1,295.48,2,0,35.93,30.37,3.89,mixed,night,1
279.04,754.64,5,1,31.21,15.67,2.01,urban,day,0
180.32,971.61,5,0,96.25,32.9,3.73,mixed,night,1
216.24,1227.51,3,0,63.71,39.36,0.79,urban,day,1
390.48,330.22,5,1,89.64,48.11,4.54,long_haul,night,1
459.29,554.33,2,0,43.06,15.09,3.78,mixed,night,1
177.87,1655.62,5,0,54.85,39.05,0.0,mixed,day,1
575.18,538.54,4,0,53.49,0.0,7.76,urban,night,1
96.56,1137.51,3,0,56.38,5.71,4.7,urban,day,1
267.87,813.18,5,1,85.89,47.92,2.52,urban,day,1
431.73,1293.2,3,0,38.52,33.55,6.22,mixed,night,1
300.73,430.69,3,0,79.32,38.61,7.56,urban,night,1
303.09,1199.97,2,1,77.16,23.83,6.32,urban,day,0
273.14,604.61,1,0,52.17,14.02,7.92,mixed,night,1
267.23,916.81,3,0,74.96,60.85,1.49,long_haul,day,1
291.75,50.0,5,0,62.05,19.12,6.65,urban,night,1
177.02,576.55,2,1,53.79,47.54,7.2,urban,night,0
370.72,874.02,1,0,43.68,30.52,4.38,mixed,day,1
502.92,888.02,4,1,22.05,47.95,0.0,mixed,day,0
465.08,338.09,3,0,59.0,0.08,6.4,long_haul,day,1
172.32,69.6,3,0,88.23,14.45,6.19,mixed,day,1
362.89,564.39,5,1,59.24,36.62,3.82,mixed,night,1
495.0,99.77,1,0,27.16,49.85,5.87,long_haul,night,1
359.15,1447.12,2,0,31.13,53.97,4.31,urban,night,1
64.08,1130.67,4,1,27.9,22.64,5.41,long_haul,day,0
557.57,1378.1,5,0,60.88,32.18,4.2,urban,night,1
231.76,767.67,1,1,74.76,16.82,0.93,mixed,night,0
317.23,1447.0,4,0,59.58,56.64,3.21,long_haul,night,0
265.63,549.58,1,0,66.52,36.6,7.69,long_haul,day,0
276.05,538.28,4,0,79.76,43.17,1.0,urban,day,1
53.07,925.23,2,1,48.91,17.27,3.47,mixed,day,0
361.65,723.58,4,1,104.27,11.78,5.47,mixed,night,1
178.52,946.18,1,1,25.62,0.0,5.99,urban,day,0
296.03,597.19,5,1,16.68,25.14,6.94,long_haul,day,0
134.16,351.74,1,1,53.02,43.57,1.62,urban,night,1
349.24,1053.61,1,0,70.57,7.41,7.69,mixed,day,0
310.76,1186.08,5,1,50.23,17.49,3.0,mixed,night,1
421.22,180.01,2,1,14.44,3.28,8.75,long_haul,day,1
226.69,1031.03,4,0,60.49,55.06,11.8,urban,day,1
275.83,697.02,4,0,58.27,24.81,3.53,long_haul,day,0
425.43,976.95,3,1,61.42,16.04,0.7,mixed,day,0
184.03,655.78,3,0,68.99,28.2,7.95,mixed,night,1
202.29,321.12,5,1,49.21,46.03,3.66,urban,night,1
10.0,1220.09,3,0,70.48,45.99,0.26,long_haul,day,0
338.22,351.13,4,1,72.01,32.65,8.66,long_haul,day,0
362.0,1069.54,1,1,74.35,28.21,3.41,mixed,day,1
311.83,945.1,1,0,46.43,27.28,6.59,urban,day,1
167.65,1141.15,5,1,49.57,27.71,6.58,urban,night,0
145.66,1084.63,4,0,71.12,39.42,6.54,mixed,day,1
311.83,1346.58,5,1,80.17,40.07,3.3,mixed,day,1
602.6,1891.17,2,1,52.02,41.48,0.0,long_haul,day,1
390.7,1010.27,2,0,51.92,23.57,5.71,mixed,night,1
92.15,1166.76,4,1,76.46,5.87,6.36,urban,night,1
555.64,300.43,4,0,44.26,9.69,5.59,urban,night,1
227.39,96.97,2,0,53.58,14.48,7.18,mixed,night,1
515.43,966.73,2,0,71.87,34.37,10.6,mixed,day,0
231.78,474.91,3,1,37.37,5.85,6.88,mixed,day,1
360.07,1432.26,4,0,69.66,55.51,3.61,long_haul,night,0
484.24,1058.01,3,0,74.94,37.24,6.09,long_haul,day,0
300.67,922.72,1,0,95.68,52.39,2.07,urban,night,1
260.59,726.15,3,1,34.88,22.22,4.9,long_haul,day,1
163.55,929.81,4,1,53.48,65.2,2.72,mixed,day,0
142.54,975.93,1,1,13.82,16.6,10.71,long_haul,night,0
321.96,50.0,2,0,47.99,21.15,4.87,long_haul,night,1
310.02,1510.36,4,0,72.9,13.6,3.41,long_haul,day,1
117.26,75.56,3,1,62.57,35.11,3.69,urban,day,1
357.94,368.19,4,1,86.61,38.0,4.38,urban,day,1
60.62,894.73,1,1,74.97,23.73,5.44,urban,day,1
277.47,652.83,5,1,89.02,38.16,5.17,urban,day,1
426.56,694.12,1,1,76.7,12.81,0.38,long_haul,day,1
249.05,1251.77,1,1,90.3,12.96,8.08,long_haul,night,0
65.58,751.3,5,0,73.15,40.28,3.29,mixed,night,1
371.43,633.25,4,1,40.97,32.44,11.27,long_haul,day,0
585.32,1277.11,1,0,60.56,13.82,8.11,urban,day,1
261.9,938.26,5,0,93.94,28.98,6.51,urban,day,1
313.69,663.8,4,0,65.2,40.46,1.74,urban,day,0
269.37,834.71,4,0,90.88,28.94,2.98,mixed,night,1
318.19,487.08,1,0,44.88,38.5,5.04,mixed,day,1
582.96,887.13,2,0,67.93,20.33,10.15,urban,day,1
362.55,689.08,3,0,51.5,9.7,6.45,urban,night,1
233.46,694.05,5,1,72.73,18.46,4.66,long_haul,night,1
111.3,760.19,5,1,73.62,36.5,4.14,urban,night,1
175.33,497.7,4,1,36.66,28.04,5.89,long_haul,day,0
39.29,1128.85,4,0,76.51,30.52,2.13,urban,day,1
327.86,1342.86,2,0,60.87,24.33,4.82,urban,day,1
480.25,1362.74,3,0,43.86,58.15,9.1,long_haul,night,0
120.42,809.18,3,0,69.21,28.85,4.64,urban,day,1
423.26,464.62,4,1,73.92,36.83,4.12,urban,day,1
334.94,122.5,1,1,62.67,18.37,8.07,mixed,day,0
105.6,1330.68,5,1,30.48,52.18,4.74,mixed,night,1
195.95,1203.96,5,1,42.84,27.35,7.03,urban,night,0
258.64,958.35,5,1,73.57,24.13,7.41,urban,day,1
214.86,105.04,1,0,75.31,49.82,8.02,mixed,day,1
114.84,910.3,4,0,53.55,24.97,5.27,urban,day,0
393.58,662.83,1,0,56.08,4.96,5.98,urban,day,1
364.95,584.87,1,0,42.89,5.8,4.64,mixed,night,0
116.69,1310.68,4,1,34.01,12.8,2.6,mixed,night,1
466.09,554.57,2,1,71.03,0.0,4.54,mixed,night,1
284.15,794.2,3,1,54.09,26.33,0.0,urban,day,1
340.24,702.52,2,1,79.06,12.25,0.69,long_haul,day,0
145.5,192.13,3,1,64.28,1.7,1.7,long_haul,night,0
312.34,628.17,2,0,114.13,34.56,2.41,urban,day,1
321.36,1157.34,2,1,81.26,15.24,6.3,urban,day,1
294.54,809.14,1,0,58.98,24.33,5.57,urban,day,1
306.39,1838.16,3,0,82.37,13.19,4.74,urban,night,1
197.61,568.12,1,1,69.43,12.24,7.61,long_haul,night,0
307.85,466.14,3,0,82.33,36.75,7.95,urban,night,1
161.72,1263.21,1,0,99.34,13.05,1.26,mixed,day,1
316.41,969.83,5,1,62.62,28.99,4.43,urban,day,1
302.68,1954.3,3,1,61.75,28.07,2.27,mixed,night,1
347.17,1729.19,5,1,56.86,53.22,5.32,urban,night,1
522.56,629.67,4,1,77.09,0.0,2.48,urban,night,1
207.28,353.43,3,1,77.02,36.79,0.35,urban,night,1
473.69,50.0,2,0,63.09,22.41,5.55,urban,day,1
116.19,966.59,3,1,72.24,15.66,3.82,long_haul,day,1
317.29,1210.07,3,0,54.95,12.84,2.31,urban,night,1
131.01,876.09,2,0,77.76,28.62,0.02,urban,night,1
470.43,1037.76,1,1,71.88,34.95,3.28,mixed,day,0
16.71,756.54,1,1,71.06,49.36,5.0,urban,day,1
402.58,698.65,2,0,76.56,24.99,6.19,mixed,night,1
533.31,91.88,1,1,76.14,26.99,2.76,long_haul,day,1
335.7,1677.87,4,1,41.92,39.74,3.3,long_haul,night,1
254.23,1099.63,4,0,12.02,33.79,11.32,mixed,day,1
645.81,1574.98,4,1,46.89,1.74,0.99,mixed,night,1
161.15,1399.78,3,0,61.26,41.47,7.96,urban,night,1
158.01,1237.08,1,0,77.11,34.21,2.05,mixed,day,0
273.56,1547.83,5,1,49.18,2.02,9.33,long_haul,night,1
409.18,1577.75,4,1,30.41,34.91,7.24,urban,day,1
298.38,50.0,1,0,47.34,53.71,2.33,mixed,day,1
217.05,1311.94,2,1,52.47,2.41,9.25,long_haul,night,1
411.21,1144.9,4,1,61.36,18.76,6.8,mixed,night,1
223.29,585.99,5,1,80.57,28.85,3.16,mixed,night,0
306.92,545.52,3,0,13.81,11.4,3.86,urban,day,1
208.59,480.79,5,1,77.04,31.74,2.07,urban,day,1
304.99,74.59,1,1,71.38,14.62,9.63,long_haul,night,0
409.45,2061.46,3,1,52.59,43.5,6.83,mixed,night,0
173.64,671.21,4,1,55.52,32.65,3.01,mixed,day,0
459.54,691.05,1,0,85.93,27.17,6.57,mixed,day,1
425.89,1096.81,2,0,21.06,49.24,0.0,urban,day,1
121.14,326.3,1,1,70.63,15.3,6.55,mixed,night,1
283.52,1381.63,1,0,61.09,19.4,1.13,long_haul,day,1
430.05,50.0,4,0,63.87,7.04,3.72,urban,day,1
255.94,565.91,4,0,85.72,68.07,4.72,mixed,day,1
392.75,923.46,3,1,15.31,49.67,5.76,mixed,day,1
416.91,903.28,2,1,24.98,24.63,0.0,mixed,day,0
194.87,598.31,3,0,98.9,23.17,2.52,urban,day,1
456.51,834.37,2,0,40.97,42.06,4.31,mixed,day,0
584.75,1430.39,5,1,60.96,44.21,0.51,urban,day,1
302.17,360.26,2,0,97.25,26.58,6.5,urban,night,1
337.27,334.47,2,1,60.94,28.82,3.67,urban,day,0
10.0,690.59,1,1,59.65,34.16,1.31,mixed,day,0
438.17,755.37,2,0,113.48,37.31,7.97,mixed,day,1
296.78,638.32,1,0,68.42,19.59,4.37,urban,night,1
515.48,175.04,4,0,57.68,35.24,3.9,urban,day,1
380.87,1526.19,1,1,55.25,19.67,4.59,urban,night,1
338.49,1209.94,5,1,47.5,19.15,0.39,urban,night,1
325.44,930.73,5,0,70.34,48.38,5.56,mixed,night,1
104.28,825.21,4,1,60.2,29.62,7.82,long_haul,night,1
413.72,672.6,3,0,67.91,16.68,2.58,urban,night,1
645.76,571.39,5,1,58.53,45.12,9.3,urban,day,0
516.73,1134.91,4,0,63.46,60.42,3.86,long_haul,day,1
105.21,854.46,4,1,33.94,3.37,9.02,urban,day,1
266.06,501.6,5,1,45.4,27.94,7.9,long_haul,day,0
134.87,657.77,4,0,81.08,34.27,7.94,long_haul,night,1
210.97,807.75,1,0,71.34,5.22,4.58,mixed,night,1
71.38,205.35,5,0,66.39,32.57,10.81,urban,day,1
358.33,762.28,3,1,71.46,37.5,4.98,long_haul,day,1
426.44,262.83,3,0,65.4,36.1,4.0,urban,day,1
31.24,981.64,1,0,38.69,34.46,4.51,mixed,day,1
333.51,839.63,3,1,42.98,61.83,0.06,long_haul,day,1
362.03,428.64,5,0,51.76,15.06,2.2,long_haul,night,1
602.6,501.31,3,1,67.54,43.07,5.74,mixed,day,1
193.25,82.16,1,1,37.69,24.99,8.05,mixed,night,1
392.51,982.11,3,1,83.77,31.2,3.25,urban,day,0
271.68,577.92,5,1,79.16,53.33,0.26,long_haul,night,1
278.21,224.29,2,0,66.53,22.17,4.72,urban,night,1
189.6,227.48,5,0,61.19,22.68,0.36,mixed,night,1
528.38,918.02,1,1,34.29,11.54,3.18,long_haul,day,0
118.76,710.98,2,0,99.48,34.19,7.32,mixed,night,1
183.95,922.17,3,0,54.4,16.77,9.25,mixed,day,0
458.69,774.55,3,0,83.61,63.3,6.33,mixed,night,1
42.79,1355.97,4,0,61.94,13.07,6.68,urban,day,1
293.42,624.19,5,1,94.0,41.01,7.44,long_haul,day,0
351.74,206.18,5,0,62.13,8.01,6.06,mixed,night,1
589.25,613.31,4,1,53.68,41.63,3.86,urban,day,1
427.13,1274.56,3,0,46.61,28.46,7.32,mixed,night,1
512.31,828.9,2,1,69.57,42.93,5.31,urban,night,0
209.89,338.83,3,1,52.56,41.69,5.08,urban,day,1
363.85,674.59,5,1,55.11,15.34,4.53,urban,day,1
132.53,674.33,3,0,78.29,19.88,4.98,mixed,night,1
241.31,962.52,3,0,40.73,30.35,0.0,mixed,day,0
362.91,1076.38,2,1,36.73,19.82,4.41,long_haul,day,0
308.58,1156.83,3,1,70.59,61.73,6.39,mixed,day,1
352.42,762.22,5,0,78.61,51.1,3.53,urban,day,1
526.43,1138.04,3,0,69.57,13.02,3.8,mixed,day,0
404.34,1869.18,4,0,44.18,20.84,2.82,mixed,night,0
268.55,884.46,1,1,93.47,25.02,7.35,long_haul,day,0
308.34,739.15,5,1,88.31,44.23,2.14,urban,night,1
127.81,212.55,4,1,44.17,34.55,5.11,urban,day,1
182.13,915.87,3,0,70.67,7.43,1.8,mixed,day,1
349.15,1128.97,3,1,43.01,19.44,1.58,urban,day,0
482.29,346.77,2,0,106.89,16.08,7.62,urban,night,1
172.43,852.45,3,1,55.56,8.84,5.04,mixed,day,0
340.32,1238.41,5,1,111.61,30.5,9.3,long_haul,night,1
156.84,1371.12,5,0,99.18,0.21,4.01,mixed,night,1
367.33,1519.25,1,0,42.72,12.54,6.53,long_haul,night,0
571.87,1418.77,3,0,76.22,43.16,5.24,long_haul,night,1
